Unique_ID,text,status,text_length,word_count,num_urls,num_emojis,num_special_chars,num_excess_punct,avg_word_length,stopword_ratio,type_token_ratio,polarity,subjectivity,noun_ratio,verb_ratio,adj_ratio,adv_ratio,has_suicidal_keyword,has_stress_keyword,has_help_keyword,risk_label
76.0,"I haven't slept yet, and now my head hurts so bad. I'm sleepy, but I can't sleep, I've tried to brake but I'm restless",Anxiety,0.0922818791946308,0.0871212121212121,0.0,0.0,0.0,0.0,0.0098427456382001,0.0833333333333333,0.8715083798882681,0.15,0.6666666666666666,0.0,0.0416666666666666,0.0416666666666666,0.0,0.0,0.0,0.0,1
133.0,Why every morning I want to sleep I'm restless,Anxiety,0.0318791946308724,0.0303030303030303,0.0,0.0,0.0,0.0,0.0107514539332721,0.1111111111111111,1.0,0.5,0.0,0.0,0.1111111111111111,0.2222222222222222,0.0,0.0,0.0,0.0,1
273.0,"Time is slow for those who wait, too long for those who are restless, and too short for those who are happy.",Anxiety,0.0838926174496644,0.0795454545454545,0.0,0.0,0.0,0.0,0.0098297019784623,0.3181818181818182,0.6262061960385983,0.55625,0.525,0.0,0.0,0.0,0.0,0.0,0.0,0.0,1
490.0,"It's true, it's okay to say it's too late just because of that yes, that's all, but it really makes stress and anxiety uncontrollably",Anxiety,0.1048657718120805,0.0871212121212121,0.0,0.0,0.0,0.0,0.0119949494949494,0.2083333333333333,0.914338919925512,0.59375,0.4875,0.0,0.0,0.2083333333333333,0.125,0.0,0.0,0.0,1
500.0,pls I'm so restless I can't sleep,Anxiety,0.0209731543624161,0.0227272727272727,0.0,0.0,0.0,0.0,0.0094942935852026,0.0,1.0,0.5,0.0,0.0,0.0,0.0,0.0,0.0,0.0,0.0,1
709.0,"Ado is nervous because he failed to damage the structure of the klrgo wong. brags about your stepson. I'm still able to study until today, my parents paid for it. Ctek affects idk. Hanging out to drink and eat my edop? I'm not. Prcma bragging about your kprgo. My father is still able to keep his word.",Anxiety,0.2466442953020134,0.2121212121212121,0.0,0.0,0.0,0.0,0.0110736552124111,0.1929824561403508,0.7835930608644517,0.5833333333333334,0.5166666666666667,0.0,0.0526315789473684,0.0701754385964912,0.0,0.0,0.0,0.0,1
762.0,Room cleaning,Normal,0.0041946308724832,0.0037878787878787,0.0,0.0,0.0,0.0,0.0168732782369146,0.0,1.0,0.5,0.0,0.0,0.5,0.0,0.0,0.0,0.0,0.0,0
873.0,"homecoming holiday, friends, miss my extra money",Normal,0.0335570469798657,0.0227272727272727,0.0,0.0,0.0,0.0,0.0168732782369146,0.0,1.0,0.5,0.1,0.0,0.1428571428571428,0.2857142857142857,0.0,0.0,0.0,0.0,0
895.0,Coat of arms.[Æ ].Latin letters: Phonetic: Middle high vowel.Pronunciation: Win,Normal,0.0595637583892617,0.034090909090909,0.0,0.0,0.0048780487804878,0.0,0.0203168044077135,0.1,1.0,0.66,0.3133333333333333,0.0,0.0,0.0,0.0,0.0,0.0,0.0,0
1069.0,"Last day I went to the eye care hospital, tomorrow it turns out",Normal,0.0461409395973154,0.0454545454545454,0.0,0.0,0.0,0.0,0.0097213392667938,0.2307692307692307,1.0,0.5,0.0666666666666666,0.0,0.0,0.0769230769230769,0.0,0.0,0.0,0.0,0
1117.0,I want to change my username from,Normal,0.0209731543624161,0.0227272727272727,0.0,0.0,0.0,0.0,0.0094942935852026,0.2857142857142857,1.0,0.5,0.0,0.0,0.0,0.1428571428571428,0.0,0.0,0.0,0.0,0
1188.0,sablay again,Normal,0.0033557046979865,0.0037878787878787,0.0,0.0,0.0,0.0,0.0151515151515151,0.0,1.0,0.5,0.0,0.0,0.0,0.5,0.0,0.0,0.0,0.0,0
1233.0,can we go home ok,Normal,0.0075503355704697,0.0151515151515151,0.0,0.0,0.0,0.0,0.0051652892561983,0.0,1.0,0.75,0.5,0.0,0.0,0.0,0.0,0.0,0.0,0.0,0
1406.0,"hey, is there anything missing?",Normal,0.0192953020134228,0.0151515151515151,0.0,0.0,0.0,0.0,0.0148071625344352,0.2,1.0,0.4,0.05,0.0,0.2,0.0,0.0,0.0,0.0,0.0,0
1417.0,"""Whoever sells with two sales in one transaction, then for him the lowest price or usury."" (HR. Abu Daud &amp; Al-Hakim) Ramadan Increases Piety.",Normal,0.1149328859060402,0.0871212121212121,0.0,0.0,0.0,0.0,0.0137167125803489,0.2083333333333333,1.0,0.5,0.0,0.0,0.0,0.0,0.0,0.0,0.0,0.0,0
1479.0,I love you,Normal,0.0016778523489932,0.0075757575757575,0.0,0.0,0.0,0.0,0.0053948576675849,0.0,1.0,0.75,0.6,0.0,0.0,0.0,0.0,0.0,0.0,0.0,0
1496.0,You are amazing person,Normal,0.011744966442953,0.0113636363636363,0.0,0.0,0.0,0.0,0.0125688705234159,0.25,1.0,0.8,0.9,0.0,0.25,0.0,0.0,0.0,0.0,0.0,0
1829.0,anjayy new emoticon,Normal,0.009228187919463,0.0075757575757575,0.0,0.0,0.0,0.0,0.0157254361799816,0.0,1.0,0.5681818181818181,0.4545454545454545,0.0,0.0,0.3333333333333333,0.0,0.0,0.0,0.0,0
7684.0,Anyone feeling a bit lost in their teens-30s watch this,Depression,0.0394295302013422,0.034090909090909,0.0,0.0,0.0,0.0,0.0120523415977961,0.3,1.0,0.5,0.0,0.0,0.1,0.0,0.0,0.0,0.0,0.0,2
7726.0,"I just needed to write it down somewhere,thank you for destroying me and at the same time pushing me on my way.Life was not for me.Sorry for being the because of your problems.Sorry I was not good enough.Sorry I could not make you proud.To all the men who took advantage of my naivety, I hope you are doing well today, except for you Nick.Anyway, farewell to my shit. Tonight I would die testing drugs and drinking my own blood.To all my fake friends, thank you for proving to me that I do not deserve any attention.Translated with (free version) i end suffering tonight",Suicidal,0.4714765100671141,0.3863636363636363,0.0,0.0,0.0,0.0,0.0118584342988579,0.2233009708737864,0.6806421869067636,0.4746527777777778,0.5767361111111111,0.0,0.0970873786407767,0.087378640776699,0.0,0.0,0.0,0.0,2
8023.0,"Seriously, this book is amazing. I learned so much about depression that I never knew before. This book would have made my recovery ten times easier if I had read it back when I was really sick. Check out this book on Goodreads: This Is Depression: A Comprehensive, Compassionate Guide for Anyone Who Wants to Understand Depression A fantastic book everyone should read",Depression,0.3028523489932886,0.2348484848484848,0.0,0.0,0.0,0.0,0.0129924789015698,0.2222222222222222,0.7878868493393633,0.5220238095238096,0.4529761904761905,0.0634920634920634,0.0158730158730158,0.0476190476190476,0.0238095238095238,0.0,0.0,0.0,2
8038.0,support here would help. Literally trying to talk him off a ledge. A new dad is about to harm himself.,Suicidal,0.0788590604026845,0.0719696969696969,0.0,0.0,0.0,0.0,0.0105027548209366,0.25,0.8972067039106145,0.5681818181818181,0.4545454545454545,0.0,0.05,0.05,0.075,0.0,0.0,0.0,2
9570.0,Sick of people who moan about trivial shit and get support whilst I have had the worst year of my life and get nothing at all.,Depression,0.098993288590604,0.0946969696969697,0.0,0.0,0.0,0.0,0.0095888959525323,0.2307692307692307,0.8813923506660937,0.1809523809523809,0.8857142857142857,0.0,0.0384615384615384,0.0769230769230769,0.0,0.0,0.0,0.0,2
10609.0,Please help,Suicidal,0.0025167785234899,0.0037878787878787,0.0,0.0,0.0,0.0,0.0134297520661157,0.0,1.0,0.5,0.0,0.0,0.0,0.0,0.0,0.0,0.0,0.0,2
10801.0,let me know especially if you have ordered from the UK because I am worried about wasting my money or having it stopped at customs or something stupid Any information or other recommendations for ordering from the UK would be extremely helpful thanks in advance Has anyone bought sodium nitrite from this source and did it arrive with no problems?,Suicidal,0.2843959731543624,0.2234848484848485,0.0,0.0,0.0,0.0,0.0127410468319559,0.2833333333333333,0.880074487895717,0.415,0.7150000000000001,0.0333333333333333,0.1166666666666666,0.0833333333333333,0.05,0.0,0.0,0.0,2
11070.0,"original post: surrogate dad and I have a self-deprcating sense of humor. I remembered some joke he made the other night. I was walking by the railroad, and then I laughed about how fucked I am. Do you ever just laugh and then start crying at how fucked you really are? I called and told him I was going to kill myself. He told me he was coming to take me home for good, far from my biological parents. I am in my 20s with college and three jobs.Maybe there is a reason to believe you will be okay. [update] killing myself by railroad, it is not going to be today.",Suicidal,0.4664429530201342,0.4166666666666667,0.0,0.0,0.0,0.0,0.0102964534782716,0.2612612612612612,0.6943983089234487,0.5613636363636364,0.5204545454545454,0.0,0.1081081081081081,0.063063063063063,0.0135135135135135,0.0,0.0,0.0,2
12520.0,- I am just so tired lolits a chore to even take care of myself- the bad days outweigh the good days- the heaviness i feel is suffocating - i feel like my soul is dying and I am wasting away - i feel like an annoyance to others - i am so insignificant. -,Depression,0.2063758389261745,0.2045454545454545,0.0,0.0,0.0,0.0,0.0087340345604808,0.2,0.6448958862366684,0.3875,0.6166666666666667,0.0,0.0727272727272727,0.0363636363636363,0.0,0.0,0.0,0.0,2
12652.0,"have 200% of the symptoms and it destroyed my relations with friend and girlfriend.Its actually destroying my work, what to do help me please.. I have mental sickness",Suicidal,0.1325503355704698,0.1022727272727272,0.0,0.0,0.0,0.0,0.0133067689885871,0.25,0.8898643256185156,0.425,0.1,0.0,0.0714285714285714,0.1428571428571428,0.0535714285714285,0.0,0.0,0.0,2
13190.0,I hate being me,Suicidal,0.0058724832214765,0.0113636363636363,0.0,0.0,0.0,0.0,0.0065426997245179,0.0,1.0,0.0999999999999999,0.9,0.0,0.25,0.0,0.0,0.0,0.0,0.0,2
13670.0,"This is according the world health organization. How come countries like Nepal, Afghanistan, and Yemen have amongst the lowest depression rates, while countries like America have such high rates?",Depression,0.1568791946308725,0.106060606060606,0.0,0.0,0.0,0.0,0.0160420822646528,0.1724137931034483,0.8582161433249855,0.54,0.52,0.0689655172413793,0.0344827586206896,0.0,0.0,0.0,0.0,0.0,2
14620.0,these days I have been dealing w a lot of them and sometimes it is difficult to make them stop. how do you deal with it? how do you deal with self harm thoughts?,Depression,0.1283557046979865,0.125,0.0,0.0,0.0,0.0,0.0091759844433641,0.2352941176470588,0.8186000657246139,0.25,1.0,0.0,0.0294117647058823,0.0588235294117647,0.0,0.0,0.0,0.0,2
14738.0,I am thinking I want to cut deeper. I wish for death. I am a horrible person and i deserve this,Suicidal,0.072986577181208,0.0757575757575757,0.0,0.0,0.0,0.0,0.0085104289649744,0.238095238095238,0.7552540569300346,0.0,1.0,0.0,0.0476190476190476,0.0,0.0,0.0,0.0,0.0,2
14749.0,"am both shocked, and feeling like I should have already realized it.I am who he is talking about. I am not brave enough to save everyone around me and jump off a fucking bridge, but I wish I were. It just shows me another reason I should hate myself, and reminds me that I do not deserve life. While I am alive, others suffer.I wish I could just kill myself. It really would be the right thing to do. Holy shit. This is me.",Depression,0.3481543624161073,0.3143939393939394,0.0,0.0,0.0,0.0,0.0101502033320215,0.1666666666666666,0.7430167597765363,0.3825396825396825,0.6595238095238094,0.0,0.0595238095238095,0.0357142857142857,0.0357142857142857,0.0,0.0,0.0,2
14859.0,"I am paralyzed I am scared to live, but I am scared to die And if life is pain then I buried mine A long time ago, but it is still alive And it is takin' over me, where am I? I want to feel something, I am numb inside But I do not feel nothing, I wonder why? I am in the race of life and time passed by Look, I sit back and I watch it Hands in my pockets Waves come crashin' over me, but I just watch them I just watch them I am underwater but I feel like I am on top of it I am at the bottom but I do not know what the problem is I am in a box, but I am the one that locked me in (I am Paralyzed) Suffocatin' and I am runnin' out of oxygen, ah! NF - Paralyzed. I am paralyzed",Depression,0.5604026845637584,0.5833333333333334,0.0,0.0,0.0,0.0,0.0078090287034568,0.2129032258064516,0.5026130834384573,0.5176136363636363,0.4666666666666666,0.0,0.0451612903225806,0.0129032258064516,0.0,0.0,0.0,0.0,2
15459.0,- I was dead every fucking second of the day- I was good enough for them and for my own standards- I was able to do things normally without overthinking everything every 2 minutes- I was able to enjoy things in the moment without having the deep set fear,Depression,0.2063758389261745,0.1818181818181818,0.0,0.0,0.0,0.0,0.0106889863383369,0.2857142857142857,0.7063048683160416,0.6325000000000001,0.53,0.0408163265306122,0.0816326530612244,0.1020408163265306,0.0306122448979591,0.0,0.0,0.0,2
15933.0,Attempt at a meme,Depression,0.0075503355704697,0.0113636363636363,0.0,0.0,0.0,0.0,0.0082644628099173,0.5,1.0,0.5,0.0,0.0,0.0,0.0,0.0,0.0,0.0,0.0,2
16399.0,"would not it be great if there can be an app that can help people in need of someone to talk to, find someone to talk to? Confidentially and safely! Here is a survey to gauge interest! Mental health app idea",Depression,0.1669463087248322,0.1515151515151515,0.0,0.0,0.0,0.0,0.0102381912248874,0.3170731707317073,0.8244992505790979,0.746875,0.4833333333333333,0.0,0.024390243902439,0.073170731707317,0.0365853658536585,0.0,0.0,0.0,2
18529.0,Study: Doctors do not Take Mental Health As Seriously As Physical Health,Depression,0.0536912751677852,0.0416666666666666,0.0,0.0,0.0,0.0,0.0137167125803489,0.1666666666666666,0.8286778398510243,0.475,0.1714285714285714,0.0,0.0,0.25,0.125,0.0,0.0,0.0,2
19005.0,If this will be deleted ill understand. I am trying my last resort to survive this pandemic. I am sorry if this will be a bother. been at my lowest now. Amd no one wanted to help. Fund for food,Depression,0.1552013422818792,0.1477272727272727,0.0,0.0,0.0,0.0,0.0094696969696969,0.25,0.7687150837988826,0.3333333333333333,0.6888888888888888,0.0,0.075,0.075,0.0,0.0,0.0,0.0,2
22288.0,(link to my drawing) Life is a true nightmare. I really hope that my suicide attempt will be successful if I am going to do it. This is how I feel about life in one drawing I made.,Suicidal,0.1442953020134228,0.1401515151515151,0.0,0.0,0.0,0.0,0.009170653907496,0.2368421052631578,0.8106439282563952,0.7166666666666667,0.6,0.0,0.0526315789473684,0.0789473684210526,0.0394736842105263,0.0,0.0,0.0,2
22379.0,day is just painful too much this has to work I am not stopping imnot call the er i want the alexander pain to end i downed 2 of these so far on I am cutting hoping it all works to end me,Suicidal,0.1501677852348993,0.1590909090909091,0.0,0.0,0.0,0.0,0.0078240117880709,0.2325581395348837,0.8087566584383526,0.375,0.75,0.0,0.0930232558139534,0.0232558139534883,0.0,0.0,0.0,0.0,2
23034.0,"TIL beginning in 2016, individuals afflicted by ""depression, post-traumatic stress disorder, or another mental health condition"" are covered by the ADA and entitled to protections such as the right to reasonable accommodations at work",Depression,0.1895973154362416,0.125,0.0,0.0,0.0,0.0,0.0165694376924323,0.3529411764705882,0.9093000328623068,0.5482142857142858,0.4589285714285714,0.0,0.1176470588235294,0.088235294117647,0.0,0.0,0.0,0.0,2
23783.0,-For anyone else:Our society is run by insane people for insane objectives. A large part of my s is internal. I wanted to have a good life so I went with what I thought was the most responsible thing to do. Invest my money. 4 years later holding the same,Depression,0.2063758389261745,0.1856060606060606,0.0,0.0,0.0,0.0,0.0103305785123966,0.26,0.8355307262569832,0.4785714285714285,0.467063492063492,0.0,0.06,0.08,0.0,0.0,0.0,0.0,2
23931.0,"So I have been depressed for the past 2 years. I have visited a therapist and I am diagnosed with heavy depression. Yet doing therapy for about 1 year did not change nothing. I have also have neck pain when I turn my head in bigger than 90 degrees angles, since I was a child. I never would have thought that this kind of neck pain can be coorelated with depression. the link between those two is the vagus nerve. Basically if your vagus nerve does not behave like it should be, it can lead to depression/Anxiety and many other mental health problems. Now there is a way to treat the vagus nerve by doing an operation on it, I am no doctor or a person which knows how this exactly works but I have got hope that if I would treat my vagus nerve my depression could be gone. there is a link to a website that describes the treatment: Did anybody on this subreddit had this sort of treatment? Does it actually work? Because I would gladly now. A possibility to treat depression?",Depression,0.8112416107382551,0.696969696969697,0.0,0.0,0.0,0.0,0.0109355222991586,0.2486486486486486,0.6332779707081383,0.55875,0.4575,0.0216216216216216,0.0324324324324324,0.0864864864864864,0.0324324324324324,0.0,0.0,0.0,2
24435.0,let us make a Wikipedia page for PSSD!,Depression,0.0251677852348993,0.0265151515151515,0.0,0.0,0.0,0.0,0.0095557851239669,0.25,1.0,0.5,0.0,0.0,0.0,0.0,0.0,0.0,0.0,0.0,2
24746.0,Sucidal thoughts are just temporary thoughts I just want to convey small message in video form..I hope it will be useful,Suicidal,0.0939597315436241,0.0757575757575757,0.0,0.0,0.0,0.0,0.0126098648825921,0.238095238095238,0.902101622772014,0.5125,0.2,0.0,0.0,0.1428571428571428,0.0,0.0,0.0,0.0,2
25150.0,"Previous post: I went to a big BBQ with family and friends which usually means drinks and someone with a vape pen. I did not partake in either and I have to say that I am really proud of myself. The good feeling I have is definitely motivating, and in a small way, I feel like I have a purpose these days by just making it through without those things. I remember feeling similarly when I quit cigarettes: I would remind myself that even if I was having a shit day, I was not smoking and that was good enough.I went to therapy today and told my therapist about how I have been actually feeling BETTER finally. I was happy to tell her that I am feeling more like myself. I do not know whether I should give credit to the med change or the absence of drinking/smoking but we figured that there is no need to figure that out just yet-- I just need to roll with it for now. I hope that this feeling lasts. DAY 6 of doing the right thing",Depression,0.7751677852348994,0.6931818181818182,0.0,0.0,0.0,0.0,0.0102295185052102,0.266304347826087,0.6145251396648045,0.6001925770308123,0.4971988795518207,0.0,0.0815217391304347,0.0706521739130434,0.0489130434782608,0.0,0.0,0.0,2
25677.0,This makes me feel things. You know you are depressed when you have this as your background.,Depression,0.0704697986577181,0.0606060606060606,0.0,0.0,0.0,0.0,0.0116067087992221,0.2352941176470588,0.8186000657246139,0.5,0.0,0.0,0.0588235294117647,0.0,0.0,0.0,0.0,0.0,2
27115.0,"I have to get near the bottom of the barrel, I just want to look and be normal. But instead I get to be ugly, odd looking and an insane amount of mental and physical issues . Just fml. Posting and hearing what you guys have to say helps a bit. The bluepill you look fine stuff is not tbh bc I can take a tape measurer to prove every part of my face is incorrect. I cannot stand it. Just down and venting again. I cannot stand being me and I am tired of the bad days(most days)",Suicidal,0.3926174496644295,0.3712121212121212,0.0,0.0,0.0,0.0,0.0093601302278988,0.2626262626262626,0.6677388409231985,0.3838383838383838,0.5271284271284271,0.0,0.0606060606060606,0.0505050505050505,0.0,0.0,0.0,0.0,2
27377.0,I feel like I'm trying to reason my situation though. I'm listing off things that a person would associate success with but I'm not seeing the things I'm failing at. Or maybe I do and the Navy is just exaggerating the things they want out of me? I feel like the Navy is easy and I don't put a lot of time towards it \( I mean qualifications\). When I'm at work I feel like I really focus in on a task.,Normal,0.3296979865771812,0.3068181818181818,0.0,0.0,0.0,0.0,0.0096502721225559,0.2560975609756097,0.686605804605532,0.5776041666666667,0.4302083333333333,0.024390243902439,0.0609756097560975,0.073170731707317,0.0182926829268292,0.0,0.0,0.0,0
27427.0,Is there anyway I could persuade you to go a view you love (if not any place is fine) and write something similar on a card or piece of paper [I attached an example here]. Thank you all if you consider helping! It means the world. I'll probably post again as the date gets closer. I aim to continue trying until I can get at least 100.,Normal,0.2743288590604026,0.25,0.0,0.0,0.0,0.0,0.0100376218083138,0.2388059701492537,0.8619194530142582,0.5770833333333334,0.475,0.0,0.044776119402985,0.044776119402985,0.0223880597014925,0.0,0.0,0.0,0
27451.0,"Thanks to my alma mater 👩‍🎓! I’d like to know Any suggestions from u all on how I might I move on in the healthiest way possible and carry on with only love in my heart for her? How might I bounce back and focus on forming healthier relationships? Any advice or suggestions are appreciated, guys. Sending positive vibes your way 😇",Normal,0.2810402684563758,0.2348484848484848,0.0,0.2,0.024390243902439,0.0,0.0115713411167956,0.2539682539682539,0.7552540569300346,0.5840909090909091,0.4922077922077922,0.0,0.0317460317460317,0.1269841269841269,0.0238095238095238,0.0,0.0,0.0,0
27504.0,"It was the summer, I had just started a new job as a bartender. I met a girl that was equally odd, had a lot of similar interests, was looking for the same thing I was. We quickly became enamored with each other. It didn't take long for us to move in together. I started finding projects around the house to fix up, she would surprise me with home cooked meals or a note gushing over our relationship.",Normal,0.3296979865771812,0.2916666666666667,0.0,0.0,0.0,0.0,0.0105159991523627,0.3076923076923077,0.7759633290359548,0.5091450216450216,0.3577922077922078,0.0,0.1025641025641025,0.0256410256410256,0.0384615384615384,0.0,0.0,0.0,0
27550.0,"But 19 and 39? to me I feel like that is someone older than my current age dating an age that seems like a child to me.... I creeped her facebook and she appears to be a "" normal"" 23 year old...going out partying...saying things I would have found funny at that age but cringe at now.....and he did share with me that he supported her for the most part and so on...I asked if she had any "" life skills"" and his answer was "" not really"". What are people's thoughts on this? ---",Normal,0.3926174496644295,0.3560606060606061,0.0,0.0,0.0,0.1612903225806451,0.010058721183123,0.2526315789473684,0.7619523669508967,0.5805555555555556,0.513888888888889,0.0,0.0631578947368421,0.031578947368421,0.0,0.0,0.0,0.0,0
27589.0,"Previously, I have posted on this subreddit about how studies have demonstrated the beneficial effects turmeric can have on PTSD symptoms. See <url> and <url> . &#x200B; However, too much of a good thing can turn sour. When taking anything natural in supplemental doses that exceed what is found in the diet, we should treat them as drugs.",Normal,0.2676174496644295,0.2083333333333333,0.0,0.0,0.0,0.0,0.0129378197560015,0.2321428571428571,0.8898643256185156,0.5604166666666667,0.3166666666666666,0.0,0.1071428571428571,0.0535714285714285,0.0,0.0,0.0,0.0,0
27609.0,"Neither one at all my fault but thanks for thinking it is. :) I have plenty of value regardless of my relationship status or if something shitty has befallen me or not. tl;dr We broke up. If dude is so in love with his solitude he can have it, if he's so worried about resentment and arguments he doesn't have to worry about those either. Maybe next time he'll think about what he wants and is willing to do before he opens his mouth.",Normal,0.3573825503355705,0.3143939393939394,0.0,0.0,0.0,0.0,0.0106011412829594,0.1785714285714285,0.7919659483905295,0.6375,0.4416666666666666,0.0238095238095238,0.0476190476190476,0.0595238095238095,0.0,0.0,0.0,0.0,0
27661.0,"I sat her down and told her that she is ruining her chances of having a relationship with my husband by how strong she is coming on. I told her that she is pushing him away and making him uncomfortable. She seemed to take that to heart but then days later said, “this is just who I am.” I've been working on ways to fix this; it just isn’t very successful. I will take my mom to therapy with me when our schedules work. **TONIGHT:**",Normal,0.3557046979865771,0.3181818181818182,0.0,0.0,0.0146341463414634,0.0,0.0103103224760978,0.2352941176470588,0.7097601051593821,0.5752777777777778,0.6044444444444445,0.0,0.0823529411764705,0.0705882352941176,0.0,0.0,0.0,0.0,0
27666.0,"I tend not to like driving long distances in cars with people in unfamiliar places still but I feel good just that I am back on the road even if I don't drive the car. This took me about five years to reach this level of comfort. All of my fears: I started to exercise hard every single day. Heavy exercise would defeat the fear in most cases or make it easy to manage. If I did not exercise, I was a walking fear bomb.",Normal,0.3447986577181208,0.3181818181818182,0.0,0.0,0.0,0.0,0.0097836655323286,0.2470588235294117,0.7702267499178442,0.563764880952381,0.4486607142857142,0.0,0.0352941176470588,0.0470588235294117,0.0,0.0,0.0,0.0,0
27746.0,I’d like to be married before we are pregnant. I’m not willing to compromise on that. Anyone been in a similar situation? Advice on how to proceed? ---,Normal,0.1199664429530201,0.1022727272727272,0.0,0.0,0.0097560975609756,0.0,0.0114620228256591,0.3214285714285714,0.8898643256185156,0.5572916666666666,0.475,0.0,0.0714285714285714,0.0,0.0,0.0,0.0,0.0,0
27754.0,"It’s like hes expecting my tummy is spilling over my jeans like a muffin(it’s not) I’m still a size small instead of an Xsmall like I used to be when 14 but that’s pretty fucking normal I reckon.its like god help me if I’m a medium right? Today I lashed out at him by saying omg dad it’s cuz I’m wearing these pants today ( the pants which are wide, loos high waisted and make ass look bigger), instead of skinny jeans so I obv gained like 10 pounds or tonnes of kilos or whatever overnight. Later on he said “it’s so easy to make you mad you shouldn’t react that way just cus you don’t think you’re fat” this made me think that he is doing this to get a rise out of me which isn’t cool for 55 yo dad or you know an adult. Or another reason is probably cuz he is getting older and living a sedentary lifestyle, it’s the holiday season and he put on weight he’s not doing anything about it and he’s taking it out on me, he’s a bit chubby but not like overly flabby it’s just most shirts don’t fit anymore. Anyway this part isn’t relevant to my relationship but I’d like to share anyway.",Normal,0.903523489932886,0.8068181818181819,0.0,0.0,0.1073170731707317,0.0,0.0102436857959372,0.2149532710280373,0.644546546232966,0.5693973214285715,0.5588988095238094,0.0,0.0700934579439252,0.0887850467289719,0.014018691588785,0.0,0.0,0.0,0
27783.0,"I have to be a bit vague to post this as the person responsible knows my username and I don't want to give them the pleasure of knowing what they've done to me. &#x200B; Many years ago I was homeless. I've written extensively about that here and on other sites like Quora. In the 18 years since I came off the streets I've turned my life around, owned and ran 2 businesses and spent my free time helping other homeless people either get off the streets or access services they are entitled to.",Normal,0.4068791946308724,0.3484848484848485,0.0,0.0,0.0,0.0,0.011060013625996,0.2580645161290322,0.7789391481948699,0.515625,0.4416666666666666,0.0,0.053763440860215,0.064516129032258,0.0161290322580645,0.0,0.0,0.0,0
27811.0,"I don’t post very often and I’m on mobile so apologies for formatting errors etc I’ll try to make this easy to read! Background: I’ve been struggling with alcohol abuse and I’m currently 4 months sober (yay!). The first month without alcohol my withdrawals were intense. I became so angry, my anxiety was off the charts and I couldn’t focus on anything at hand. At the time I was taking 20mg of paroxetine and my GP doubled it to 40mg for 6 months while my body tried to cope without alcohol.",Normal,0.4060402684563758,0.3409090909090909,0.0,0.0,0.0292682926829268,0.0,0.0114241818787273,0.2637362637362637,0.740192768125729,0.5583333333333333,0.5809523809523809,0.0,0.0659340659340659,0.1098901098901098,0.0164835164835164,0.0,0.0,0.0,0
27814.0,"Most diagnoses, except those relating to the endangerment of children, are welcome. This is a first person group, so you need to be the person with a disorder to participate. To join visit our site <url> or check out our Instagram: <url> We believe we are stronger together, which is why peer support is so helpful and important. Care when you need it; care for others when you can. If you are under 18, you can find a link to our 13\+ server on the website and instagram.",Normal,0.3791946308724832,0.3219696969696969,0.0,0.0,0.0,0.0,0.0112274969568838,0.3023255813953488,0.701182278809926,0.74375,0.6833333333333333,0.0232558139534883,0.0348837209302325,0.0116279069767441,0.0,0.0,0.0,0.0,0
27821.0,"In prison, I was housed with two other person, we already had planned to take over the leadership of the gang that had control of our wing. We were making weapon, I got into a fight with one of the guy. I knew I was getting out soon, but I couldn't tell people, so I acted as if I was there until my court date. I was the guy who kept watch for the guard while my cellmate created a weapon out of his bed sheet ( strangulation ). I had won protection from them by giving them drugs.",Normal,0.3976510067114094,0.3712121212121212,0.0,0.0,0.0,0.0,0.0095688287837048,0.2525252525252525,0.7300378082500987,0.4375,0.375,0.0404040404040404,0.0808080808080808,0.0505050505050505,0.0,0.0,0.0,0.0,0
27825.0,"Anyway, he bullshited that her insurance wasn't covered by anyone in this state, and that it was illegal for him to refuse her her shift. My SO had already talked to his HR head. They had previously decided that there wasn't much they could do unless she came up to him. Then tonight happened, the head of HR is severely worried for her safety (and my SOs) in a way he wasn't before. The head has called the Domestic Violence Hotline himself, and is looking for resources to help him solve this very delicate/tricky issue.",Normal,0.4312080536912752,0.3560606060606061,0.0,0.0,0.0,0.0,0.0117261128026678,0.2736842105263158,0.7294913260805644,0.4733333333333333,0.2533333333333333,0.0,0.0736842105263157,0.1368421052631579,0.031578947368421,0.0,0.0,0.0,0
27830.0,put the world on my middle finger and tell it to sit and spin????? ? /\\/\\/\\/\\/\\/\\/\\/\\/\\/\\/\\/\\/\\/\\/\\/\\/\\/\\/\\/\\/\\/\\////////////////////\\\\\\\\\\\\\\\\\\\\\\\\\\\\\\\\\\\\\\\\/\\/\\/\\/\\/\\/\\/\\/\\/\\/\\/\\/\\/\\/\\/\\/\\/\\/\\/\\/\\/\\/\\ p.s. if you have a family that loves you please treat them right -- because there's people like me out there who would give anything to have what you have -- don't take it for granted,Normal,0.3666107382550335,0.1931818181818181,0.0,0.0,0.0,0.032258064516129,0.0223034541216359,0.2115384615384615,0.8418564675547916,0.5714285714285714,0.2678571428571428,0.0,0.0384615384615384,0.0384615384615384,0.0288461538461538,0.0,0.0,0.0,0
27832.0,"I am employed full time. I have money, but I am trying to put all my money (minus transit pass, medication, and toiletries) towards an accelerated debt re-payment plan and get debt free by spring so I can get a lease. I need affordable options. What are some healthy things I can eat that are cost effective when you don't have access to a fridge? I have a small locker at work.",Normal,0.3104026845637584,0.2689393939393939,0.0,0.0,0.0,0.0,0.0108949341903887,0.1805555555555555,0.7572936064556176,0.625,0.525,0.0277777777777777,0.0694444444444444,0.0555555555555555,0.0,0.0,0.0,0.0,0
27908.0,"I am lazy, this I can attest to. She brings up the Christmas tree, and how we haven't taken it down yet. I just stand in silence from her barrage, then take a bite of my sandwich. I start to take off ornaments and lay them aside. She starts to rummage around and escalate and point out things that we haven't done, getting progressively louder.",Normal,0.2818791946308724,0.2424242424242424,0.0,0.0,0.0,0.0,0.0110457724094087,0.2153846153846154,0.8260421143102707,0.3986111111111111,0.6444444444444445,0.0,0.0153846153846153,0.0461538461538461,0.023076923076923,0.0,0.0,0.0,0
27925.0,"His reply: ""Thanks for not punching me!"" All-in-all, I like this guy, he's been an OK manager to me, I've gotten all of my raises since I've been under him, he has kids, so he understands me as a parent, etc. Am I making too big of a deal out of this? I thought about going to HR about it, but I'm in a position where I can't jeopardize this job, and I'm not the most well-liked person on the team (nothing that I did, I was hired externally for a position that 3 internals wanted), for whatever that's worth. Your thoughts?",Normal,0.4328859060402684,0.3825757575757575,0.0,0.0,0.0,0.0,0.0104926268027872,0.2352941176470588,0.7682111950925622,0.6291666666666667,0.25,0.0392156862745098,0.0588235294117647,0.0294117647058823,0.0147058823529411,0.0,0.0,0.0,0
27976.0,"I have a dog that I got during the abusive relationship that led to my PTSD, though I could never prove it there were obvious signs that she was abused by my ex as well. She has always been very sensitive to how people are feeling and acting (when I have an episode with my celiac disease she will curl up by my stomach and won't leave my side) could this be a starting point for me to train her to recognise when I have a major panic attack and just lay with me until it passes? I was going to find a dog training sub to post this on but some of you may have service dogs for your PTSD so I wanted to get your opinion as well!",Normal,0.5192953020134228,0.4886363636363636,0.0,0.0,0.0,0.0,0.0094034753125662,0.2923076923076923,0.6916201117318436,0.5208125,0.42,0.0153846153846153,0.0692307692307692,0.0769230769230769,0.0,0.0,0.0,0.0,0
27982.0,"It would help so much if I could use my car and not worry about the insurance etc. It would be a huge help! I would also paint a picture for the person who helps, as I am an avid painter. I just want to get this done as food and everything like those necessities is taken care of, but I don't have the funds to get this done before the 7th. If you can help, it would be appreciated so much!",Normal,0.3204697986577181,0.3068181818181818,0.0,0.0,0.0,0.0,0.0091883356850097,0.2682926829268293,0.7242131080528682,0.64,0.4800000000000001,0.0,0.024390243902439,0.024390243902439,0.0,0.0,0.0,0.0,0
28019.0,"&nbsp; A lot of you reading this are still serving either in the military or first responder, corrections or medical … the ability to stand up and say, “I need to take some time out to handle my PTSD”. In fact it is a guaranteed way to find yourself in JPSU or desk duty til they can boot you out the door. You CAN NOT start EMDR or CBT without telling your employer, your family and your support network what you are about to go through. &nbsp;",Normal,0.3666107382550335,0.3257575757575757,0.0,0.0,0.0146341463414634,0.0,0.0104216142617396,0.2873563218390804,0.7400629294291401,0.525,0.1444444444444444,0.0,0.057471264367816,0.0919540229885057,0.0172413793103448,0.0,0.0,0.0,0
28072.0,"I realize that why I’m “ok” is because I am now past the acute phase of ptsd that I developed last year. The flashbacks are better- less often and less intense. I have learned to manage the panic attacks at work - I have a process to deal with these events now, and they often work. But the reason I’m really ok is because I don’t push myself at all to make friends, or date, or expand my life beyond work and my small world. I can’t expand it.",Normal,0.3657718120805369,0.3333333333333333,0.0,0.0,0.0292682926829268,0.0,0.0099862258953168,0.247191011235955,0.7112547862657711,0.5712121212121212,0.4136363636363637,0.0,0.0224719101123595,0.0674157303370786,0.0168539325842696,0.0,0.0,0.0,0
28074.0,"I want to sit down and have a talk with my GF, but I don't want to roll in unprepared. Should I even be attempting to have this talk? If so, are there any books or reading materials I can go over to help back my case up? --- **tl;dr**: Looking for ways to talk to my GF about her daughters spoiled behavior.",Normal,0.2508389261744966,0.2348484848484848,0.0,0.0,0.0,0.0,0.0096036118763391,0.238095238095238,0.7878868493393633,0.4611111111111111,0.1444444444444444,0.0,0.0634920634920634,0.0634920634920634,0.0,0.0,0.0,0.0,0
28104.0,"Two of my best friends for the last 10 years are drifting away from me. I got diagnosed with PTSD 1½ year ago, and back then they were very supportive. But in the last 6-9 months; in fact, almost ever since early retirement funded by the government got on the table, they havn't contacted me that much. Normally, we write through email, but it's been around 3 months since I last got an email from them. Yesterday, I took initiative and wrote them both CC.",Normal,0.3758389261744966,0.3181818181818182,0.0,0.0,0.0048780487804878,0.0,0.011282612218441,0.2235294117647059,0.8186000657246139,0.61875,0.30625,0.0470588235294117,0.0470588235294117,0.0823529411764705,0.0176470588235294,0.0,0.0,0.0,0
28120.0,"This is a first person group, so you need to be the person with a disorder to participate. To join visit our site <url> or check out our Instagram: <url> We believe we are stronger together, which is why peer support is so helpful and important. Care when you need it; care for others when you can. If you are under 18, you can find a link to our 13\+ server on the website and instagram. \-Zen",Normal,0.313758389261745,0.2803030303030303,0.0,0.0,0.0,0.0,0.0103535353535353,0.2933333333333333,0.6984729981378026,0.6625,0.6666666666666666,0.0,0.0266666666666666,0.0133333333333333,0.0,0.0,0.0,0.0,0
28153.0,I would never think of having a talk like that with my ex and not telling my GF. It seems to be lying by omission in a relationship where we agreed there would be no secrets. Should I confront her? Suggestions on how to broach this? ---,Normal,0.1912751677852349,0.1742424242424242,0.0,0.0,0.0,0.0,0.0101327589238614,0.2978723404255319,0.8687745156305717,0.5,0.0,0.0425531914893617,0.0851063829787234,0.0638297872340425,0.0,0.0,0.0,0.0,0
28155.0,"Days where it is really good, and days where you are anxious seemingly out of nowhere? It's like the brain is running on some sort of cycle or something. Like a circadian rhythm but an anxiety rhythm? EDIT: Found this article after posting, it's super helpful and if I didn't put it here some of you may have missed it. Take a read right now, it's worth it!",Normal,0.2927852348993288,0.2537878787878788,0.0,0.0,0.0,0.0,0.0108977475287635,0.25,0.8034834045349983,0.6444047619047619,0.5804761904761905,0.0,0.0294117647058823,0.0588235294117647,0.0441176470588235,0.0,0.0,0.0,0
28169.0,"He grew from a short, stubby, orange haired, freckle faced, awkward boy into a seemingly strong, tattooed, pierced, tall, ginger, man I thought I always wanted. From the time I was 13, I thought he loved me. I didn't know why, but he told me often; on the phone, through letter. I was the girl he thought he could never get. I was out of his league (his words).",Normal,0.2961409395973154,0.2575757575757575,0.0,0.0,0.0,0.0,0.0108346308939194,0.1739130434782608,0.7318435754189944,0.5666666666666667,0.7083333333333333,0.0,0.0144927536231884,0.0289855072463768,0.0217391304347826,0.0,0.0,0.0,0
28185.0,"Going to chat to my therapist about it next session too. I need to find some sort of balance here, between living my life and keeping my fear in check. God bless all of you who have been through DV and abuse - I truly wish you all the absolute best in your lives and your recoveries. We are all heroes here. xx",Normal,0.2533557046979866,0.2348484848484848,0.0,0.0,0.0,0.0,0.0097675893130438,0.2063492063492063,0.7878868493393633,0.7,0.3999999999999999,0.0317460317460317,0.0634920634920634,0.0634920634920634,0.0238095238095238,0.0,0.0,0.0,0
28195.0,"Which admittedly, I have been catching some feelings for her. But I want this to continue since I enjoy her company and we vibe well together. --- **tl;dr**: I met this cool girl that I might have feelings for but she told me she has no current intention to date, so we're really just FWB that hangout. For somebody who has never done anything casual and have only had relationships or talked to girl to eventually date them, how do I become comfortable having sex and hanging out with somebody without catching feelings for them?",Normal,0.4379194630872483,0.3560606060606061,0.0,0.0,0.0,0.0,0.0120160939538929,0.1789473684210526,0.7294913260805644,0.6138888888888889,0.6907407407407408,0.0210526315789473,0.0631578947368421,0.0842105263157894,0.0473684210526315,0.0,0.0,0.0,0
28201.0,"Hey everyone! I've just started sharing my story on YouTube, and I intend to continue building on this channel with more information about cult awareness, recovery, etc. I think it's really important for survivors like myself to be the ones spearheading cult education, instead of continuing to allow cults to be misrepresented and sensationalized in media. Please watch & subscribe! Your support is deeply appreciated \^\_\^",Normal,0.3498322147651007,0.2462121212121212,0.0,0.0,0.0,0.0,0.0149949912346606,0.2575757575757575,0.8754020653461995,0.7,0.5333333333333333,0.0303030303030303,0.1212121212121212,0.0757575757575757,0.0454545454545454,0.0,0.0,0.0,0
28236.0,"Our sense of humor is very similar.. She's gorgeous, funny, smart, and likes some of the same things I do.. She's wifey material.. The way she loves on her dogs and cares for them makes me think she'd make a good mom 8-10 yrs from now. These are some of the biggest reasons I see myself with her. **tl;dr**: Off-and-on heterosexual relationship since we were in high school. She met me and cheated on her highschool BF.",Normal,0.3447986577181208,0.2878787878787879,0.0,0.0,0.0,0.0,0.0115514650638617,0.2467532467532467,0.8264528767322064,0.6445918367346939,0.618265306122449,0.0,0.0129870129870129,0.0519480519480519,0.0,0.0,0.0,0.0,0
28247.0,"For many years I visited her and asked if she please could do things to mitigate my allergies (keeping the cat out of ONE room-where I slept, not give me clothes to wear that the cat had laid on, vaccuuming) and she did not do anything. ""The cat almost never wants to be in that room"" I got as a reply, but he was free to roam everywhere. A few years ago I just stopped going to their home and after taking that control I have felt much less sad about this. - Since she got together with her new partner I wanted us to go on a short trip (weekend) staying somewhere over night with her. This has happened only one time, more than ten years after she met her partner.",Normal,0.552013422818792,0.4962121212121212,0.0,0.0,0.0,0.0,0.010168837131647,0.2045454545454545,0.7508041306923988,0.5258953168044077,0.4382920110192836,0.0,0.0681818181818181,0.0227272727272727,0.0113636363636363,0.0,0.0,0.0,0
28272.0,"When I was one, my parents got divorced. My parents HATE each other so I have never had a good relationship with either of them. When I was 4 my mom remarried to a horrible man (that she is still married to) but I didn't realize how horrible he was until recently. Until I was 8 (when we moved for his job and he wasn't home as much) he whipped me with a belt whenever I did ANYTHING he didn't like. He would make me pull down my pants and he would whip me until I was hysterically crying in pain.",Normal,0.410234899328859,0.3787878787878788,0.0,0.0,0.0,0.0,0.0097475656656574,0.1782178217821782,0.6844958238840643,0.3934722222222222,0.5463888888888888,0.0,0.0594059405940594,0.0495049504950495,0.0148514851485148,0.0,0.0,0.0,0
28278.0,"**Chapter 4** *The end of the Beginning* Drug free, Depression free, I had such a great time being homeless. Oh sure, there was the occasional scary moments, I almost died about 3 times that I can remember of. I almost got stuck in the middle of Northern Ontario in the forest with nothing to drink, I had sex with a girl inside the engine of the Freight Train, Im not talking about the conductor's cabin, Im talking about the actual engine.",Normal,0.3632550335570469,0.303030303030303,0.0,0.0,0.0,0.0,0.0115591946400027,0.2469135802469135,0.7081178012276709,0.5888888888888889,0.5515432098765432,0.0246913580246913,0.0617283950617283,0.037037037037037,0.0,0.0,0.0,0.0,0
28283.0,"Thing is, after we broke up we had sex a few times in August and September and as far as I'm aware she has slept with at least one other guy in this period too. The real question is what do i do now? I want to tell the guy about this, and wish someone would've done the same to me 2 years ago. But at the same time I'm one of her exes, is it really my fight to take? tl;dr: Ex probably cheated on her new boyfriend with me, should i tell him or just stay out of it?",Normal,0.3833892617449664,0.3787878787878788,0.0,0.0,0.0,0.0,0.0086565474729291,0.2673267326732673,0.7659162564301123,0.5130681818181818,0.3329545454545454,0.0198019801980198,0.0198019801980198,0.0693069306930693,0.0297029702970297,0.0,0.0,0.0,0
28300.0,"Well Reddit, I don't even know where to begin... I guess I will start at the start of my relationship with my now wife and mother of my beautiful little girl. Our relationship came on suddenly and the surprise that is my daughter came on extremely surprisingly to me. I was already 36 years old and had been in several long term serious relationships that for one reason or another ended prior to marriage and I had long since just assumed I was incapable of fathering a child. I was years past all the stages of grief on the subject.",Normal,0.4412751677852349,0.375,0.0,0.0,0.0,0.032258064516129,0.0111914600550964,0.3,0.6813407821229049,0.4927884615384615,0.3807692307692308,0.0,0.03,0.09,0.045,0.0,0.0,0.0,0
28374.0,I don't want to lose the girl of my dreams. --- **tl;dr**: Amazing relationship > Weed addiction ruined relationship. Can/How I make her fall in love with me again? Any other opinions?,Normal,0.1476510067114094,0.1174242424242424,0.0,0.0,0.0,0.0,0.0126764807162534,0.15625,0.9678770949720672,0.6625,0.625,0.0625,0.09375,0.0625,0.0,0.0,0.0,0.0,0
28383.0,My friends are getting kind of weirded out by all of this and I am running out of excuses for my boyfriend. I dont want to break up because other than this one issue he is a wonderful partner and I really enjoy my time with him. How can I address this issue and cone to a reasonable compromise? --- **tl;dr**: boyfriend wont hang around my friends since i slept with some of them.,Normal,0.3120805369127516,0.2765151515151515,0.0,0.0,0.0,0.0,0.0104981014071923,0.2702702702702703,0.7221802808394987,0.7075,0.675,0.0,0.0405405405405405,0.0945945945945946,0.0202702702702702,0.0,0.0,0.0,0
28424.0,"How do I change the way I'm thinking about this so I can understand I shouldn't be catching feelings despite having sex with her? Which admittedly, I have been catching some feelings for her. But I want this to continue since I enjoy her company and we vibe well together. --- **tl;dr**: I met this cool girl that I might have feelings for but she told me she has no current intention to date, so we're really just FWB that hangout.",Normal,0.3557046979865771,0.303030303030303,0.0,0.0,0.0,0.0,0.011176580621025,0.1604938271604938,0.7588799227532933,0.6791666666666667,0.5916666666666667,0.0246913580246913,0.0493827160493827,0.0493827160493827,0.0185185185185185,0.0,0.0,0.0,0
28448.0,"She is friends with a buddy of mine, but her and I are not even facebook friends or anything, we talked five or six times in these two years and never anything big, just small talk. A few months after starting classes, my buddy told me that Chloe has a crush on me, and gave me the impression that she wanted me to be aware of this, however, even after that, she didn’t try to talk to me or make herself noticed at all. She is a pretty girl, the artsy kind that likes to travel, read poetry and paint, coincidentally the exact opposite of my girlfriend who has very different hobbies. Like I said, I love Alice and I didn’t think much of it. Her avoidant behaviour hasn’t changed and I didn’t approach her either.",Normal,0.5914429530201343,0.5113636363636364,0.0,0.0,0.0195121951219512,0.0,0.0108471074380165,0.2573529411764705,0.690108445612882,0.5666666666666667,0.3899999999999999,0.0147058823529411,0.0441176470588235,0.0735294117647058,0.0110294117647058,0.0,0.0,0.0,0
28451.0,"--- **tl;dr**: met a friend of a friend at a party. over the past couple days, he's been msging my girlfriend about random shit but isn't actually being too creepy. She no longer wants to talk to him and ignores his messages, but he keeps messaging anyway. She wants him to stop while minimizing drama/confrontation, but I'm not sure if it's possible.",Normal,0.287751677852349,0.231060606060606,0.0,0.0,0.0,0.0,0.0123189371723096,0.1612903225806451,0.8342043611461525,0.4277777777777777,0.5265432098765432,0.0,0.064516129032258,0.032258064516129,0.0241935483870967,0.0,0.0,0.0,0
28475.0,"This is mostly a reminder to myself to use the pill box I purchased awhile ago rather than just taking pills straight from the bottle. I just felt like I needed to get this out there somewhere, somehow. UPDATE 02/02/17: If you're like me, you obsessively search forums like this one, so I thought I'd post what happened since then. It took me awhile to find a psychiatrist that was accepting patients, but I finally saw one yesterday. In regards to the strange symptoms I had as a result of taking the 2nd pill by accident, she said that ""since 20mg is already the max dose of Lexapro, taking 40mg could produce psychotic symptoms.""",Normal,0.5234899328859061,0.428030303030303,0.0,0.0,0.0,0.0,0.0118892272002319,0.2456140350877192,0.7565421934725082,0.5125,0.5083333333333333,0.0,0.0614035087719298,0.043859649122807,0.0394736842105263,0.0,0.0,0.0,0
28477.0,"And enjoy this day of the miracle that is being above-ground, breathing the air, and feeling the world around you. If anything like this has happened (or is happening) to you, know that there's at least one guy out there who can relate. Time tends to heal all wounds. I guess I'll go take my kid for a walk. ---",Normal,0.2541946308724832,0.2234848484848485,0.0,0.0,0.0,0.0,0.0106749311294765,0.2833333333333333,0.880074487895717,0.525,0.45,0.0,0.0833333333333333,0.0833333333333333,0.0,0.0,0.0,0.0,0
28583.0,"Not entirely sure if this really belongs here, but here it goes: I (26yo F) have been diagnosed with ptsd due to many traumatic instances in my childhood including emotional/psychological abuse, physical abuse, sexual abuse, bullying etc. I have the best s/o anyone could ever ask for, he is extremely patient and understanding. His dad on the other hand, is a very complicated person. I'll call him P. When I first met P, he seemed pretty shy, but very nice. He is generous, likes to offer gifts etc to people around him.",Normal,0.4312080536912752,0.3446969696969697,0.0,0.0,0.0,0.0,0.0123442927296682,0.1630434782608695,0.8435754189944134,0.5608928571428571,0.6034580498866214,0.0,0.0543478260869565,0.1195652173913043,0.0489130434782608,0.0,0.0,0.0,0
28658.0,I ask out of hope that someone will understand the situation. Its temporary but greatly needed right now/ Thanks guys ! 85301 <url> prime pantry- <url>,Normal,0.1098993288590604,0.0871212121212121,0.0,0.0,0.0,0.0,0.0128558310376492,0.125,1.0,0.7226190476190476,0.4952380952380952,0.0,0.0416666666666666,0.0833333333333333,0.0625,0.0,0.0,0.0,0
28671.0,I've had many depressive episodes in the past that started around the time I turned 14 but anxiety my whole life. I am currently 15 years old and male. I've had symptoms of HOCD in the past that have mainly been caused by anxiety and have also been scared of developing DID in the past even though that is very unlikely. Edit: I added some details I feel were important to mention that I forgot to beforehand. I also fixed some spelling errors and cleaned up the language.,Normal,0.3892617449664429,0.3295454545454546,0.0,0.0,0.0,0.0,0.0112775482093663,0.25,0.6846114779075674,0.5027777777777778,0.3777777777777777,0.0227272727272727,0.1022727272727272,0.0909090909090909,0.034090909090909,0.0,0.0,0.0,0
28713.0,"Things are great in my life, work, personal relationships... and then I get a Friend Suggestion on Facebook, to see if I'd like to add someone from my past. My worst/abusive ex-boyfriend from 10 years ago recently joined FB. I hadn't been able to block him as he most likely used a fake name. I stupidly visited his page. He's different.",Normal,0.276006711409396,0.2272727272727273,0.0,0.0,0.0,0.032258064516129,0.0118491171024703,0.1967213114754098,0.8651891198827731,0.5125,0.6275,0.0327868852459016,0.0491803278688524,0.1147540983606557,0.0737704918032786,0.0,0.0,0.0,0
28726.0,"2. Socialize! we sure did not evolve as lone creatures, we always evolved as packs, it was always crucial to our survival, and thats why we get anxious without it, even if we dont know it, but that doesn't mean you need to 24/7 socialize, Remember - lonliness is a nice place to visit, but a horrible place to live in, so go out there and simply talk to other people, it can be your school mates, colleagues, or even something a lot more simple such as your local shop clerk, in the last few years we can see a sharp decline in socializing because mainly everything became online, and our survival instincts kick in, letting us know something is way off, and needs to be fixed, it does not like being alone, and do not try to replace real human socializing with social networks, which brings me to the next point - &#x200B; 3.",Normal,0.6862416107382551,0.5833333333333334,0.0,0.0,0.0,0.0,0.0111414733848751,0.2258064516129032,0.72809515227969,0.5005681818181819,0.4682067271352985,0.0,0.0580645161290322,0.064516129032258,0.0193548387096774,0.0,0.0,0.0,0
28735.0,"With my therapist's help, I was able to start functioning better, being able to take care of myself a bit better, do certain things for myself, like going into a store solo for errands, without needing someone there as a safety-anchor. &#x200B; However... Over those seven years, there's been a lot of turmoil for me. Nana ended up going through multiple strokes, one of them eventually rendering her righthand hemiplegic, necessitating her moving into a nursing home, which meant her house and assets had to be sold. Mum and I then moved in with her aunt (my great-aunt), who needed someone there due to her PArkinsons getting to the point where she had very limited mobility.",Normal,0.5612416107382551,0.4356060606060606,0.0,0.0,0.0,0.032258064516129,0.0128954117982331,0.2155172413793103,0.7696012329031016,0.6247767857142857,0.4227678571428571,0.0,0.1206896551724138,0.0344827586206896,0.0129310344827586,0.0,0.0,0.0,0
28846.0,"Don't get me wrong, I know that this drug causes problems with cognition, but I wonder it helps with the cognition symptoms of my anxiety disorder. I quit my antidepressant and my Pregabalin a few weeks ago. I did OK during that time, besides that I have the feeling, that my anxiety worsend (not my depression) and with that my cognition. I have now the plan to focus more on the anxiety with the meds. I also think that Pregabalin is a quiet good drug for that, but I was questioning how it will affect my cognition (because I startet studying) and want to hear your experiences guys.",Normal,0.4848993288590604,0.4053030303030303,0.0,0.0,0.0,0.0,0.0114847974696459,0.2777777777777778,0.63831988412994,0.5833333333333334,0.4888888888888889,0.037037037037037,0.0185185185185185,0.0925925925925925,0.0,0.0,0.0,0.0,0
28907.0,"I don't think it would be different in another relationship, and I think both of us accept that we have sexual hangups. But I always wonder if I would be more sexually passionate in a different relationship. --- **tl;dr**: Do men just inherently look at the greener grass, or does a good relationship make you feel settled and satisfied? And please don't say ""open relationship"" as the answer...",Normal,0.3246644295302013,0.2537878787878788,0.0,0.0,0.0,0.032258064516129,0.0128220709771511,0.25,0.8034834045349983,0.634375,0.6854166666666667,0.0,0.0147058823529411,0.0588235294117647,0.0441176470588235,0.0,0.0,0.0,0
29013.0,"I'm a long time lurker of r/relationships but my post was locked and asked to post here- I have never made a post before so I apologize in advance! Thank you in advance to anyone who reads. I'm extremely conflicted in whether I get back together with my boyfriend or not, Scott. We have been in a relationship for 3 years, living together for 1, but I moved out a few weeks ago into my own place. For the first couple of years, everything was great.",Normal,0.3699664429530201,0.3219696969696969,0.0,0.0,0.0,0.0,0.0107870459350374,0.2441860465116279,0.7250876965051318,0.5901785714285714,0.511904761904762,0.0,0.0697674418604651,0.0465116279069767,0.0174418604651162,0.0,0.0,0.0,0
29133.0,"Does he actually like me, or am I going to end up just hanging out with this guy? He hasn't made a move yet, so I'm inclined to think the latter. Any idea how to stop getting myself in these situations? --- **tl;dr**: I end up in confusing friendships with men that blur the lines between ""relationship"" and ""friendship.""",Normal,0.2625838926174497,0.2196969696969697,0.0,0.0,0.0,0.0,0.0115620768548349,0.2372881355932203,0.8431966669822933,0.45,0.1666666666666666,0.0,0.0847457627118644,0.0338983050847457,0.0254237288135593,0.0,0.0,0.0,0
29142.0,"No we do not have sex everyday, yes we both work, no its not a problem of the change. I should have said ""I'm usually successful 1 out of 4 times I attempt to initiate."" I just want to make sure that I am still crossing my i's and dotting my t's on my end or if I should ask her if there's any improvements I could make. --- **tl;dr**: Do most relationships die down in the bedroom after a while?",Normal,0.325503355704698,0.303030303030303,0.0,0.0,0.0,0.0,0.0096461245451144,0.1604938271604938,0.771570453134699,0.6394444444444445,0.6455555555555554,0.0,0.0246913580246913,0.0617283950617283,0.0185185185185185,0.0,0.0,0.0,0
29156.0,"I mean that type of behavior is just weird, I don't understand how someone can still hang out with their friends every day almost like theyre in high school. His job is kind of low demand (bartender and has an internship at an office) so i guess he just has a lot of free time... but still. What am I supposed to think? --- **tl;dr**: Boyfriend hangs out with his friends constantly and im worried this is a sign of immaturity.",Normal,0.3515100671140939,0.303030303030303,0.0,0.0,0.0,0.032258064516129,0.0109640172771485,0.2469135802469135,0.7842609835161045,0.5248214285714285,0.651547619047619,0.0,0.0246913580246913,0.037037037037037,0.0185185185185185,0.0,0.0,0.0,0
29163.0,"*edited out the father's name* six-year-old son K needs a bone marrow match to help him survive. K was born on Sept. 18, 2011. When he was first brought home, his parents believed their son was a healthy baby boy. A year into K's life all seemed well, but his health started to fail shortly after his first birthday. K was diagnosed with Dyskeratosis Congenita, which is also known as Zinsser-Engman-Cole syndrome.",Normal,0.3406040268456375,0.2689393939393939,0.0,0.0,0.0,0.0,0.0126166972757881,0.1944444444444444,0.8286778398510243,0.55,0.3533333333333333,0.0,0.0694444444444444,0.0416666666666666,0.0208333333333333,0.0,0.0,0.0,0
29179.0,"We've known each other for 9 years, were FWB for about 3 years, then moved into the committed monogamous relationship we're in now, and have been in for 2 years. I've really enjoyed everything about our relationship, as she's taught me more than anyone ever has, and has been the best at putting up with any and all things that have come up. About halfway through the first year, she began asking if I'd ever be okay with her experimenting with a girl, or if I'd ever consider her having other sex friends. She doesn't want serious relationships with them, she only wants to bang. Having never been asked that in any of my previous relationships, I told her I wasn't sure and that were I ever 100% on board with that idea, I'd let her know.",Normal,0.6140939597315436,0.5151515151515151,0.0,0.0,0.0,0.0,0.0113937986366652,0.2335766423357664,0.7073767483586837,0.6125,0.4921296296296296,0.0,0.072992700729927,0.0510948905109489,0.0218978102189781,0.0,0.0,0.0,0
29189.0,"I am writing a novel, based on my experience in an abusive relationship with my ex boyfriend. However, its not a precise retelling, partially for my safety, but also because I want to tell not just my story but others' stories as well. Part of what makes good writing is having small specific details and the little stories that make up the novel as a whole. This is why I was hoping that, if you are interested, you could send me stories of your experiences in an abusive relationship - whatever detail you choose to send, it doesn't have to be anything ""epic"" and ""grand,"" it could be the smallest segment that you hold significance to. If you have any questions about what I'm looking for, let me know - though I'm really looking for anything!",Normal,0.6191275167785235,0.5113636363636364,0.0,0.0,0.0,0.0,0.0116826689353427,0.25,0.6976667762076898,0.5573863636363636,0.475,0.0147058823529411,0.0588235294117647,0.0661764705882353,0.0220588235294117,0.0,0.0,0.0,0
29221.0,"Hi this is my first post here. I have complex PTSD which I have only just been diagnosed with, prior to this they diagnosed me with borderline personality disorders and bipolar which are now not correct. I believe this diagnosis is finally correct and a month ago I decided to reduce my sertraline medication as i am paying for therapy and my medication will effect my treatment. (UK only help PTSD sufferers who have been in armed forces or medical). My therapy involves a lot of therapy, mindfulness, meditation and we will be beginning emdr shortly.",Normal,0.4563758389261745,0.3598484848484848,0.0,0.0,0.0,0.0,0.0126047405876951,0.21875,0.7216014897579143,0.496875,0.5041666666666667,0.0625,0.0625,0.125,0.046875,0.0,0.0,0.0,0
29233.0,"The weird feeling hasn't gone away; but I feel slightly better because I can donate stuff to a kid (completely unknown to me); his family is having financial struggles. My furniture will go to people dealing with abuse (most probable) and I guess my clothes will too. There's the weird feeling again! :) Anyway, thanks for reading, and I apologize if I'm posting something that's not allowed.",Normal,0.3221476510067114,0.25,0.0,0.0,0.0,0.0,0.0129671888491427,0.1641791044776119,0.8312348870174268,0.5296875,0.6,0.0,0.0895522388059701,0.0895522388059701,0.0671641791044776,0.0,0.0,0.0,0
29238.0,am a married 26 yo father of one. About two years ago I left my job to start a business with a childhood friend of mine and his brother. It ended horribly with them taking out the funds for the company from a joint account and leaving me penniless. As a result I moved with my family into my mother's home to get back on my feet. My relationship with her has never been good but it was the only option at the time so I ground my teeth and did the best to make it work.,Normal,0.3859060402684564,0.3636363636363636,0.0,0.0,0.0,0.0,0.0094182215784839,0.3195876288659793,0.7350688245118931,0.5678571428571428,0.45,0.0206185567010309,0.0515463917525773,0.1030927835051546,0.0463917525773195,0.0,0.0,0.0,0
29267.0,"Obviously this was a horrible idea--I would chase off perfectly lovely people who may have stayed had I waited to disclose at a more natural pace, and it gave the people who *did* hang around a false sense that they knew me more intimately than they did. I've started seeing someone recently. I haven't been excited about someone in a long time, but I'm excited about this one. I've mentioned very vaguely that I live with PTSD and ""blah blah childhood trauma, et cetera"". This weekend was a tough one.",Normal,0.4144295302013422,0.3371212121212121,0.0,0.0,0.0,0.0,0.0120140801958983,0.2222222222222222,0.771570453134699,0.5065824915824916,0.5988888888888889,0.0,0.0777777777777777,0.1111111111111111,0.0833333333333333,0.0,0.0,0.0,0
29280.0,"An interesting fact I once heard was that some people die out in the desert with water still in the bottle. These people would try and conserve their water supply but would end up dehydrating themselves in the process, laughable over a few shots of whiskey but an important note at that. I drink nearly all I have and only saving a little to keep the mouth moist after a smoke and I find that by doing so I stay hydrated, never feeling like crap because the water hadn’t finished absorbing into my system. Remember that folks. When I finished watching the trains I found a place with a plug and wifi to jam out to music.",Normal,0.5134228187919463,0.4393939393939394,0.0,0.0,0.0048780487804878,0.0,0.0110457724094087,0.2735042735042735,0.7100701905171178,0.4729166666666666,0.6944444444444444,0.0,0.0769230769230769,0.0683760683760683,0.0384615384615384,0.0,0.0,0.0,0
29323.0,"I hope I can remember that my anxiety was misguided and ultimately wrong. And more than that, I hope that whoever reads this (if anyone does) can remember it too. I wasn't sure how to end this before, and I am not sure how to end it now, so I will leave you with one of my favorite quotes from the great Stanley Kubrick... ***""And remember no matter how vast the darkness, we must supply our own light. ""***",Normal,0.3347315436241611,0.2954545454545454,0.0,0.0,0.0,0.032258064516129,0.0105528821006381,0.2151898734177215,0.7267519977370767,0.6416666666666666,0.8475308641975308,0.0,0.0126582278481012,0.0759493670886076,0.0379746835443038,1.0,0.0,0.0,0
29347.0,"Writing these helps sooth my own wounds, and I was wondering if people would be willing to read them/have story ideas? I mostly write shortish scenes about having to talk about it and being consoled (most from the perspective of a woman being the survivor, man being the comforter--though I'm always willing to try different genders and sexualities). I'll mostly have these on Kindle as a series, but I have some out on websites <url> (the series is called <name>) The Kindle ones will be longer and more in depth. Please let me know--these help me and I want them to help others!",Normal,0.4697986577181208,0.3825757575757575,0.0,0.0,0.0,0.0,0.0119780694647004,0.2549019607843137,0.7379778727133312,0.7015625,0.6375,0.0,0.0980392156862745,0.0490196078431372,0.0294117647058823,0.0,0.0,0.0,0
29355.0,"Nevertheless, he looks like someone I would like to be friends with, but I'm too afraid to actually speak to him at this point, so I figured I could write him a letter. I don't want to assume he can read like I read (given the white cane), so I think it would be a good idea to write him a letter in braille and maybe including a written copy as well. I have read that I should acquire a slate and a stylus to write braille by hand, but I would love some more help or tips if anyone knows how to write in braille. Are there any services that will transcribe a written letter to braille that don't cost very much? Thank you!",Normal,0.5159395973154363,0.4696969696969697,0.0,0.0,0.0,0.0,0.0099586776859504,0.256,0.6299441340782123,0.6017857142857143,0.4228571428571429,0.0,0.016,0.04,0.012,0.0,0.0,0.0,0
29357.0,"If its the wrong place for this feel free too delete, it would be on par with the rest of the day. Edit: thank you, too those who've responded and any others who might. I always expect to get turned away whenever i ask for help, especially when i read how others are suffering. It always makes my problems seem not worth anyone's time. So thank you, it means a lot to me.",Normal,0.3045302013422818,0.2727272727272727,0.0,0.0,0.0,0.0,0.0103164270349824,0.2465753424657534,0.8169434453202724,0.46875,0.7000000000000001,0.0,0.0273972602739726,0.0547945205479452,0.0205479452054794,0.0,0.0,0.0,0
29379.0,"I always found it so easy to live in the street. Food was available EVERYWHERE. We live in Canada, a first world country, and food was just so easy to get. drop in centers, late night visit at the bakery shop, rummaging trough the garbage ( before it became popular .. ). Clothing was also available everywhere.",Normal,0.2541946308724832,0.2121212121212121,0.0,0.0,0.0,0.0,0.0116173698709583,0.2807017543859649,0.7475252376751936,0.6382996632996633,0.588888888888889,0.0,0.0350877192982456,0.0526315789473684,0.0,0.0,0.0,0.0,0
29444.0,"EDIT: I should also mention that when I do fall asleep, I snore REALLY loudly and I can hear myself in my sleep. My boyfriend says that it sounds like I'm not breathing or trying to breathe. --- **tl;dr**: I can't stay awake during tv/movies! Don't want it to drive a wedge between my boyfriend and I.",Normal,0.2458053691275167,0.2121212121212121,0.0,0.0,0.0,0.0,0.0110132424725726,0.1929824561403508,0.8016269724590807,0.5625,0.8,0.0350877192982456,0.0526315789473684,0.1052631578947368,0.0526315789473684,0.0,0.0,0.0,0
29491.0,"When we had our first fight I did EVERYTHING I could to gain her back in my life. I quit smoking cigarettes because she went on a ""I hate all drugs and anything smokable"" rant. I tried to be more mindful and kind because she said I was the opposite. I tried to change because I wanted my best friend back. 4 months later she let me back in and I was so fucking happy.",Normal,0.3011744966442953,0.2803030303030303,0.0,0.0,0.0,0.0,0.0096648301193755,0.1866666666666666,0.7258845437616387,0.6068181818181818,0.3575757575757575,0.0,0.0933333333333333,0.0266666666666666,0.0,0.0,0.0,0.0,0
29492.0,"I used to be kinda smart so I graduated high school with about a semester of college credits so i have that. I also used to be pretty tech savy and used to help my family with their computer/phone issues (nothing major though, virus removal, printer setup, etc). I was thinking about pursing an AS in BA at Broward College or a computer program at Sheridan Technical College such as these <url> Someone on this website once recommended i look into coding, but i have no idea where to start or how to make a career out of it. What do you think i should do? What do you think my first steps to turning my life around should be?",Normal,0.5125838926174496,0.4469696969696969,0.0,0.0,0.0,0.0,0.0107096557631317,0.226890756302521,0.7063048683160416,0.5669132653061224,0.5165986394557823,0.0,0.0756302521008403,0.0588235294117647,0.0126050420168067,0.0,0.0,0.0,0
29510.0,"I've never been on this side of the road, being the one to let someone know I'm not interested. I wouldn't know how to go about letting her know without completely devastating her. I know there is a risk no matter what I say, but how should I go about it gently. --- **tl;dr**: Person wants to hook me up with his adoptive sister, we have nothing in common, how do I tell her that I'm not interested?",Normal,0.3288590604026846,0.2916666666666667,0.0,0.0,0.0,0.0,0.0104718513809422,0.1794871794871795,0.7759633290359548,0.4041666666666667,0.5666666666666667,0.0,0.0512820512820512,0.0128205128205128,0.0192307692307692,0.0,0.0,0.0,0
29551.0,"I was having a mild form of attack during the appointment too, but I don't think the hot flash was there. Does anyone else experience this? Thanks everyone! EDIT: I forgot to mention I'm doing nofap, but only today have I started doing it right, since until now I've still been edging which is bad. This might temporarily unbalance your hormones, so maybe it's contributing.",Normal,0.3070469798657718,0.2424242424242424,0.0,0.0,0.0,0.0,0.0126350921805467,0.1538461538461538,0.8892995272883542,0.5349206349206349,0.6253968253968253,0.0615384615384615,0.0923076923076923,0.0461538461538461,0.0461538461538461,0.0,0.0,0.0,0
29579.0,[Here is the original <url> So far the 4 rolls of dark purple tulle and 2 rolls of light purple have arrived- thank you u/sunriselady_44 for the tulle! ! Thank you u/falcompro for the various spools of Tulle! The Sparkly Silver Tulle arrived today - it is STUNNING!!,Normal,0.2114093959731543,0.1742424242424242,0.0,0.0,0.0,0.0,0.011891155266397,0.2978723404255319,0.6938072031380007,0.6442708333333333,0.725,0.0,0.0212765957446808,0.0638297872340425,0.0319148936170212,0.0,0.0,0.0,0
29608.0,"Anyway. I quit my antidepressants several months ago because I am in a good place now, and I can survive without them. I just find that thoughts like this are still very present, and can be very difficult to deal with. I never do apologize on Facebook. TLDR: I want to apologize on facebook for not being normal and being awkward AF.",Normal,0.2726510067114094,0.231060606060606,0.0,0.0,0.0,0.0,0.0113192037678841,0.2258064516129032,0.7844656694899982,0.4666666666666667,0.5416666666666666,0.0,0.032258064516129,0.0967741935483871,0.0,0.0,0.0,0.0,0
29612.0,"One of the couples I know is made up of cancer survivors: the male had cancer as a child, thankfully beat it, but developed PTSD from the experience; the female has had 2 different battles with cancer (brain and breast), beat them both, but suffers from significant developmental issues (including cognitive delay and balance issues). They represent polar opposites on the spectrum of how cancer survivors can view the world: one feeling positive about having survived so much, the other being angry with the world that it happened in the first place. That's neither here nor there. I'll stop for a moment to explain that I'm not one of those that feels PTSD isn't a real condition. I grew up in an abusive home for years, and it wasn't until my mid 20's that I began come to terms with how subtly that had affected me over the years.",Normal,0.6929530201342282,0.5606060606060607,0.0,0.0,0.0,0.0,0.0120662081461349,0.2818791946308724,0.7171459637808856,0.4903535353535354,0.4163636363636362,0.0134228187919463,0.0536912751677852,0.0536912751677852,0.0201342281879194,0.0,0.0,0.0,0
29616.0,"I would also paint a picture for the person who helps, as I am an avid painter. I just want to get this done as food and everything like those necessities is taken care of, but I don't have the funds to get this done before the 7th. If you can help, it would be appreciated so much! Thank you for your help and consideration! PM me with any questions and I can explain further.",Normal,0.3095637583892617,0.2803030303030303,0.0,0.0,0.0,0.0,0.0101239669421487,0.2666666666666666,0.7670018621973929,0.5953125,0.45,0.0,0.0266666666666666,0.0133333333333333,0.0,0.0,0.0,0.0,0
29677.0,"Make sure to take the bus when it comes to WalMart the last time, about 7pm. 6) There is a Chick-Fil-""A"" next to Walmart where you can get hot food. You can buy Top Rommin at WalMart which sells for 10 cents per cup (yes...really) and you can use hot water to put in it, and it is ready to eat. 7) How do you get ""out"" of that situation? I don't know.",Normal,0.287751677852349,0.2727272727272727,0.0,0.0,0.0,0.032258064516129,0.0093729952073663,0.2602739726027397,0.7606183515726639,0.6214285714285714,0.5222222222222223,0.0,0.0,0.0273972602739726,0.0,0.0,0.0,0.0,0
29695.0,Tldr: Need an apartment or room to rent with the deposit on a payment plan. I have first months rent. Not a drug user and clean record. Shit credit but no bankruptcy/eviction/arrest record and have full time employment. I've been homeless for almost a year now but have been floating through hotels that costs about 90 % of my income before and now I'm staying at someone's room but I haven't been able to save up enough for a deposit (due to payday loans) so far and need to leave before I hit 28 days vacancy rights.,Normal,0.4278523489932886,0.3636363636363636,0.0,0.0,0.0,0.0,0.0111932350685865,0.2268041237113402,0.7562633185509416,0.5776041666666667,0.6104166666666667,0.0412371134020618,0.0412371134020618,0.0309278350515463,0.0,0.0,0.0,0.0,0
29723.0,"Long story but a few years ago my wife of fifteen years, who had never been with anyone else opened up and told me she fantasized a lot about being with other men, and considered herself somewhat polyamorous. I was upset and it took a couple of years of us discussing this before I started to feel more comfortable with things. We eventually started swinging (only about once every couple of months and always same room) as it seemed like a way for us to explore this part of her together, and it ended up being a lot of fun and something I really enjoyed that brought us closer together. Well, it’s been a couple of years and I’ve felt happy and comfortable with where we are at but I decided to ask my wife the other day and she said she was happy but she also had a desire to date people separately, and would be willing to try it if I was. This was really hard for me to hear.",Normal,0.7315436241610738,0.6477272727272727,0.0,0.0,0.0097560975609756,0.0,0.0104066564161701,0.3023255813953488,0.5995842536053008,0.6052777777777778,0.5777777777777777,0.0,0.0872093023255814,0.0755813953488372,0.0348837209302325,0.0,0.0,0.0,0
29758.0,"Sorry previous post deleted as I didn't include relationship length. As title says. I have enough money to buy a house, my girlfriend has only just started working. It seems to make financial sense for me to go ahead and make the purchase- I'd be paying toward my mortgage instead of rent and my girlfriend can stay and pay cheaper rent. However, when I spoke to her.",Normal,0.3011744966442953,0.25,0.0,0.0,0.0,0.0,0.0116822910242177,0.2238805970149253,0.8158926040190111,0.4333333333333333,0.5333333333333334,0.0,0.044776119402985,0.1492537313432835,0.0223880597014925,0.0,0.0,0.0,0
29772.0,"She'd deleted evidence years ago. Yet she sat me down, told me she'd been groomed and it was my fault for not telling her. It was my fault she'd be single forever. We're talking incidents happening from when I was 6 through to 16. So I'm angry about that when I think about it.",Normal,0.2256711409395973,0.2007575757575757,0.0,0.0,0.0,0.0,0.0104963779206203,0.2037037037037037,0.7906062487068073,0.3788359788359788,0.5010582010582011,0.0,0.0925925925925925,0.0555555555555555,0.0,0.0,0.0,0.0,0
29803.0,"i have asked for her patient while he gets trained, but i understand her not wanting to potentially move into an environment that disturbers her normal way of life, but thats 6 months from now. I am confident that training would fix 70% of the issues that she has with my dog. Could there be something else deeply underlying that i am missing? To me a loving and healthy relationship is one that can come to compromises and that are no winners or losers, but agreements in place to help solve issues TOGETHER . If she has trouble with compromising on a proper solution now, what will happen when it comes to or much larger life decisions like buying a house or moving to a new city.",Normal,0.5654362416107382,0.4772727272727273,0.0,0.0,0.0,0.0,0.011287716101603,0.2755905511811024,0.7652751506620331,0.5535984848484848,0.4864898989898989,0.0314960629921259,0.0708661417322834,0.0472440944881889,0.0236220472440944,0.0,0.0,0.0,0
29841.0,"Something that's started happening to me recently is sometimes the world becomes so unreal that things like houses blow my mind(Don't even get me started on wheels). It's weird because these things in a normal state of mind are just their and barely have any impact on me but when I get into this kind of trance, everything becomes surreal. I googled this feeling and most of the results seem to be related to anxiety so I wanted to hear if others here experience it too.",Normal,0.3884228187919463,0.3219696969696969,0.0,0.0,0.0,0.0,0.0116679479787302,0.2558139534883721,0.7848512407431466,0.565625,0.6000000000000001,0.0,0.1046511627906976,0.0813953488372093,0.0348837209302325,0.0,0.0,0.0,0
29853.0,"3. Since we are both the only child, we both feel an equal responsibility to carry on our family lines, regardless of our own gender. What do you guys think would be an equitable solution to this problem? --- **tl;dr**: Girlfriend wants future children to have her last name, but I am not comfortable with that due to social conditioning and/or the backlash I would face from my own parents.",Normal,0.3213087248322148,0.2613636363636363,0.0,0.0,0.0,0.0,0.0120523415977961,0.2285714285714285,0.8384676775738228,0.5554166666666667,0.4783333333333333,0.0285714285714285,0.0142857142857142,0.1,0.0428571428571428,0.0,0.0,0.0,0
29855.0,"I got a new job !! yay But there will not be a paycheck until end of April (start date is April14). We are a family of 5, me, my daughter-13, my boyfriend and his two teen kids 15&16. He sells insurance but it averages about 1000/800 a month income and that just barely pays bills. I get foodstamps, but only for my daughter and I, and the next date is April 6th..",Normal,0.2986577181208054,0.2727272727272727,0.0,0.0,0.0,0.0,0.0099862258953168,0.2465753424657534,0.7887808984464681,0.5263068181818182,0.3109090909090909,0.0,0.0,0.0958904109589041,0.0616438356164383,0.0,0.0,0.0,0
29870.0,"I'm going to be spending only on essentials. I need some advice though. This is new territory to me. You guys got any tips for me? Oh yes and I have a gym membership, so I'll be showering there now.",Normal,0.1593959731543624,0.1477272727272727,0.0,0.0,0.0,0.0,0.0099001377410468,0.25,0.9229050279329608,0.5340909090909091,0.7272727272727273,0.0,0.1,0.075,0.0375,0.0,0.0,0.0,0
29919.0,"I am limited and would like dire guidance on how to begin my journey, I want to enjoy myself and life without being restricted and abused any longer by my father. Thank you for taking your time to read this! P.S, I have a therapy cat that has helped me stay strong through out these passing years. I would like for him to be involved with my journey as well. It's been difficult finding youth centers that accept pets.",Normal,0.3439597315436241,0.2954545454545454,0.0,0.0,0.0,0.0,0.0110323604282177,0.2151898734177215,0.8178346651580511,0.5452380952380953,0.594047619047619,0.0,0.1139240506329113,0.1139240506329113,0.0,0.0,0.0,0.0,0
29920.0,"I don't care about compensations but I cant hold a job for health care so I go to the VA. Like, ""we are here to make sure the military is not blamed for what ever is wrong with you"" kind of thing in my opinion. Anyways, I felt I should share some of the basic symptoms I have struggled with and the only treatment I have found that really worked is smoking indica strain cannibis at night when the child is asleep and having some relaxing time with my pets. Here are my symptoms: Panic attacks severe avoidance",Normal,0.4211409395973154,0.3674242424242424,0.0,0.0,0.0,0.0,0.0107241243604879,0.2653061224489796,0.7272830920077529,0.55,0.5876984126984127,0.0204081632653061,0.0714285714285714,0.0612244897959183,0.0306122448979591,0.0,0.0,0.0,0
29957.0,"*Disclaimer: This Discord is not at all affiliated with this subreddit and is not moderated by anyone from the moderating team here. * Hi all! I run a general mental health peer support chatroom on Discord for people 18\+. At over 2600 members, we still maintain a close community\-oriented atmosphere with rules in place and moderators present at all times.",Normal,0.2936241610738255,0.2234848484848485,0.0,0.0,0.0,0.0,0.013372359963269,0.3166666666666666,0.8286778398510243,0.4916666666666667,0.2333333333333333,0.0,0.0666666666666666,0.05,0.0,0.0,0.0,0.0,0
29978.0,"She claims that because she is a woman, nobody will believe me. I'm not exactly sure what she did to herself, but when the police came she claimed that I hit her and had a flushed cheek to show for it. Fortunately, the police were able to put together what actually happened based on my blood trail. Thank God I was sitting when she hit me and that the blood all around me proved it otherwise I would be in jail for something I didn't do. Things have been escalating for a while and this is the second time she has been arrested in the past 3 months for assault.",Normal,0.4647651006711409,0.4128787878787879,0.0,0.0,0.0,0.0,0.0103931880791384,0.2818181818181818,0.7009649568308787,0.5214285714285715,0.3662698412698412,0.0,0.0818181818181818,0.0363636363636363,0.0272727272727272,0.0,0.0,0.0,0
29994.0,"I have 2 wish lists because Amazon is expensive on items, so I created a Wal-Mart (zip code 40219) wishlist too. I also have a PayPal account. The meats are cheaper at save a lot because save a lot has pick5 for $20. Hi Friends and Family! <url>",Normal,0.1937919463087248,0.1742424242424242,0.0,0.0,0.0,0.0,0.0103525584666783,0.2340425531914893,0.8031617734458575,0.1875,0.7,0.0,0.0212765957446808,0.0212765957446808,0.0,0.0,0.0,0.0,0
30017.0,"--- **tl;dr**: Met this guy a few months ago, we've only hung out a few times. I'm a little wary of the age gap and don't have much experience with accurately ""reading signals"". He is mildly physically affectionate (leans towards me, hits my arm playfully, pulls things from my hair) and gives compliments that seem genuine and sincere, but aren't quite non platonic. What do you think/what should I look for?",Normal,0.3364093959731544,0.2651515151515151,0.0,0.0,0.0,0.0,0.0126537461684708,0.1830985915492957,0.913132425839956,0.520625,0.4376190476190477,0.0,0.0140845070422535,0.1126760563380281,0.0845070422535211,0.0,0.0,0.0,0
30029.0,"just in case you feel like helping a person in need, I am short of responses to complete my thesis data. it is about content co-creation in gaming enviromnet :-) it takes about 10 min :-) without the 400 respones I can not finish my work and will be obliged to pay extra semester university fees :-( please help me get out of desperation , thank you I appreciate every filled survey ;-) it would be great if you can fill it and share it as well with your friends :-) <url>",Normal,0.3842281879194631,0.3409090909090909,0.0,0.0,0.0,0.0,0.010440317258499,0.2307692307692307,0.7853766345386457,0.615,0.745,0.0439560439560439,0.0439560439560439,0.0659340659340659,0.0,0.0,0.0,0.0,0
30060.0,"My online friend -- let's call him Jim -- is a Jehovah's Witness. I've known him on and off for about a decade. Nowadays, we only email each other about thrice a year, but I still consider him one of my favorite online friends because of how deep and insightful our conversations are. We've rubbed each other the wrong way in the past because we have different ideas of God. I was raised as a Born Again Christian and am now looking into becoming a Unitarian Universalist.",Normal,0.3892617449664429,0.3257575757575757,0.0,0.0,0.0,0.0,0.0114902947975048,0.2183908045977011,0.7636935722083092,0.4975,0.575,0.0,0.0459770114942528,0.0459770114942528,0.0172413793103448,0.0,0.0,0.0,0
30082.0,(One is 3 yrs old and the other 19) . Now my dad would beat my mom but over the course of the years as I grew older he turned the violence onto me. He would see that I defended my mom and since I called the police one time (I found him choking her onto the wall) he stopped hurting her and transitioned into beating me. Now I know you guys may ask why did you continue to allow the abuse with you if you had stopped it with your mother before? Well I have an answer to that my mother loved my father very much and every time I tried contacting the police she would stop me and I have a lot of love towards my mother and would do anything for her... but anyways back to the present we no longer live with him anymore and we have cut all ties with him except for my brother.,Normal,0.6409395973154363,0.6022727272727273,0.0,0.0,0.0,0.032258064516129,0.0094051308539944,0.2125,0.6273743016759776,0.596557239057239,0.3409259259259259,0.0,0.08125,0.06875,0.0,0.0,0.0,0.0,0
30140.0,"She's a real healer. She's beautiful in so many ways 🐰🥕 but it's just insane. I won't lie, she is the most expensive medication that I've ever had as she's already cost £2,000 ($2,654.510) (when I say medication, I mean that she's a therapy rabbit) but I do love her to bits. I'm actually thinking of getting another pet soon. My mum has said ""yes"" but she won't allow me to have another big animal as she has to sometimes help me with Alaska because believe it or not bunnies can sometimes be a handful.",Normal,0.4286912751677852,0.3598484848484848,0.0,0.2,0.0146341463414634,0.0,0.011421028466483,0.1875,0.7644320297951583,0.536875,0.5487499999999998,0.0208333333333333,0.0208333333333333,0.0833333333333333,0.015625,0.0,0.0,0.0,0
30176.0,"to me I feel like that is someone older than my current age dating an age that seems like a child to me.... I creeped her facebook and she appears to be a "" normal"" 23 year old...going out partying...saying things I would have found funny at that age but cringe at now.....and he did share with me that he supported her for the most part and so on...I asked if she had any "" life skills"" and his answer was "" not really"". What are people's thoughts on this? --- tl/dr...i'm creeped out by a man dating a woman 20 years younger even my last relationship was with a man 22 years older.",Normal,0.4823825503355705,0.428030303030303,0.0,0.0,0.0,0.1935483870967742,0.0104091150741868,0.2543859649122807,0.72047437028325,0.562962962962963,0.387037037037037,0.0,0.0701754385964912,0.043859649122807,0.0,0.0,0.0,0.0,0
30222.0,"yes, it would be.",Normal,0.0075503355704697,0.0113636363636363,0.0,0.0,0.0,0.0,0.0082644628099173,0.25,1.0,0.5,0.0,0.0,0.0,0.0,0.0,0.0,0.0,0.0,0
30223.0,i really wish it wasn't so hot every day.,Normal,0.0276845637583892,0.0303030303030303,0.0,0.0,0.0,0.0,0.0088383838383838,0.1111111111111111,1.0,0.6125,0.525,0.0,0.0,0.2222222222222222,0.1666666666666666,0.0,0.0,0.0,0
30432.0,you look really nice today.,Normal,0.0159395973154362,0.0151515151515151,0.0,0.0,0.0,0.0,0.0120523415977961,0.0,1.0,0.8,1.0,0.0,0.0,0.2,0.3,0.0,0.0,0.0,0
30501.0,you've seen it before?,Normal,0.011744966442953,0.0113636363636363,0.0,0.0,0.0,0.0,0.0125688705234159,0.25,1.0,0.5,0.0,0.0,0.0,0.0,0.0,0.0,0.0,0.0,0
30515.0,"i couldn't help laughing, either.",Normal,0.0209731543624161,0.0151515151515151,0.0,0.0,0.0,0.0,0.0161845730027548,0.0,1.0,0.5,0.0,0.0,0.0,0.0,0.0,0.0,0.0,0.0,0
30578.0,"the other team lost by three points, 101-98.",Normal,0.0302013422818791,0.0265151515151515,0.0,0.0,0.0,0.0,0.0121384297520661,0.25,1.0,0.4375,0.375,0.0,0.0,0.125,0.0,0.0,0.0,0.0,0
30875.0,what is it that you need to do?,Normal,0.0192953020134228,0.0265151515151515,0.0,0.0,0.0,0.0,0.0065426997245179,0.5,1.0,0.5,0.0,0.0,0.125,0.0,0.0,0.0,0.0,0.0,0
30899.0,i'm going to call you soon.,Normal,0.0159395973154362,0.0189393939393939,0.0,0.0,0.0,0.0,0.0088383838383838,0.1666666666666666,1.0,0.5,0.0,0.0,0.1666666666666666,0.0,0.0,0.0,0.0,0.0,0
31435.0,i will poke your eyes out.,Normal,0.0151006711409395,0.0189393939393939,0.0,0.0,0.0,0.0,0.0082644628099173,0.0,1.0,0.5,0.0,0.0,0.0,0.0,0.0,0.0,0.0,0.0,0
31702.0,did you wipe your feet?,Normal,0.0125838926174496,0.0151515151515151,0.0,0.0,0.0,0.0,0.009297520661157,0.0,1.0,0.5,0.0,0.0,0.0,0.0,0.0,0.0,0.0,0.0,0
33028.0,that trip must have cost a lot of money.,Normal,0.0268456375838926,0.0303030303030303,0.0,0.0,0.0,0.0,0.0084557698194061,0.3333333333333333,1.0,0.5,0.0,0.0,0.0,0.0,0.0,0.0,0.0,0.0,0
33911.0,"Listening to your body? I'm curious how those of us with health anxiety can listen to our bodies. It seems the general advice when trying to figure out what's wrong is listen to your body, you know it best, you tell your doctor when something is off. But it doesn't really work that way when I'm convinced every itch means I have lymphoma or a pimple is a tumour...so how can people with health anxiety know when something is wrong?! I am starting to hate that, I just want to trust my doctor is right when she says I'm fine!",Anxiety,0.4337248322147651,0.375,0.0,0.0,0.0,0.032258064516129,0.0108815426997245,0.22,0.6710614525139665,0.5015773809523809,0.5835714285714285,0.0,0.06,0.07,0.015,0.0,0.0,0.0,1
33913.0,"This is killing me So i had a bacterial stomach infection(pain in the right side), thought it was appendix. Doctor gave some antibiotics and the pain went away. But that infection gave me health anxiety for life.
I’ve been having excessive gas since a month which is mostly due to stress. I was convinced i had stomach cancer, but no black stools or blood and I’m 20 so doctor ruled that out.
Then i was convinced that my kidney failed, but no. I googled a lot that night and was sure of it, woke up breathless that night.. insomnia took over.
Then i was convinced that i have brain tumor(google is evil), but haven’t really had even a single symptom.

The only concern now is insomnia, has been a month now, I generally get 6-8 hours a day but wake up once or twice a night, I’m generally a deep sleeper.
Any solutions?",Anxiety,0.6803691275167785,0.5757575757575758,0.0,0.0,0.0195121951219512,0.0,0.0112240947802445,0.2418300653594771,0.664074195786322,0.4655257936507936,0.570601851851852,0.0130718954248366,0.0457516339869281,0.0718954248366013,0.0490196078431372,0.0,0.0,0.0,1
33914.0,"Constant feeling of being just off For a week and a half now i have been feel off. It is hard to explain, but it is almost like a dizzy feeling without being dizzy. It is really driving me nuts. Health anxiety is the core of my anxiety and has been for years. The first thing that comes to mind is either a brain tumor or aneurysm. I just want to be ok and feel ok. Sorry for the rant.",Anxiety,0.3162751677852349,0.2992424242424242,0.0,0.0,0.0,0.0,0.0093836088154269,0.3625,0.6787709497206704,0.5307291666666667,0.4468749999999999,0.0,0.075,0.075,0.01875,0.0,0.0,0.0,1
33915.0,"Health anxiety following stomach flu, anyone else? I have moderate to severe health anxiety especially when I’m sick, then it’s pretty severe. 

About 6 days ago I came down with a stomach virus and was violently puking and had water like diarrhea (sorry if TMI). By day 3 I was no longer feeling the nausea or diarrhea, but have a general sense of being unwell/dehydrated/drained. 

I feel as though my anxiety is playing a big factor because I can’t stop thinking about it and feel like I’m drained and depleted, which isn’t normal cause my energy is usually very high. 

Is it normal for constant worrying to drain you and wear you out physically???",Anxiety,0.535234899328859,0.428030303030303,0.0,0.0,0.024390243902439,0.032258064516129,0.012312116379102,0.2105263157894736,0.7565421934725082,0.454605291005291,0.6016148148148148,0.0,0.0701754385964912,0.1491228070175438,0.0394736842105263,0.0,0.0,0.0,1
33917.0,"Swollen tonsil on the left side of my throat and white spots on it, they say its not strep. What could it be? They said the strep test came back negative. Can allergies cause swelling? They keep saying i need to get allergy medicine :/ I'm afraid they're not seeing the big picture and its gradually gonna get worse if not taken care of. Someone help please. Now im just scared the swollen tonsil will develop into something far worse 

Edit: Is it possible that its tonsil stones?",Anxiety,0.3951342281879195,0.3295454545454546,0.0,0.0,0.0,0.0,0.0115514650638617,0.1590909090909091,0.8014220416455052,0.4159090909090909,0.509090909090909,0.0,0.0568181818181818,0.0795454545454545,0.0170454545454545,0.0,0.0,0.0,1
33921.0,"2018, already panicking... So, last year, I had multiple blood tests an X-ray and an ultrasound due to abdominal pain. I was also getting pains in my legs, and weird hot sensations too. 

Doc said bloods were fine, no lymphoma or leukaemia, or diabetes, and nothing else to worry about. 

Here I am 2 months later and I’m getting pain in my left arm too. In the muscles specifically. No idea of the cause. Worried as fuck. Also keep waking up itching (since I had oral thrush and took some meds, left me itching on and off) and had a rash this morning on my arms. 

Anyone have any ideas. All I can think is strain of some kind or low vitamin d but I’d expect that to show up in a blood test. Totally stressed about it all.",Anxiety,0.5947986577181208,0.5227272727272727,0.0,0.0,0.0097560975609756,0.032258064516129,0.0105560179955209,0.2446043165467626,0.7411679594871589,0.5092948717948718,0.4108974358974359,0.0,0.0647482014388489,0.0719424460431654,0.0107913669064748,0.0,0.0,0.0,1
33922.0,"Visiting my sick girlfriend across the country. What should I do? I’ve had a trip planned for months to visit my girlfriend across the US for 5 days. She is just now recovering from having a serious cold where she had 104 degree fever and intense symptoms. I would like to sleep in the same bed as her, but I know for a fact that I’m gonna get sick being so close to her for 5 days. The trip is still gonna happen and I’m leaving tomorrow. How should I go through with this without getting sick? Thanks guys!",Anxiety,0.4194630872483221,0.3712121212121212,0.0,0.0,0.0146341463414634,0.0,0.0104731891921974,0.2424242424242424,0.7196546470289488,0.3358630952380952,0.6953869047619047,0.0,0.0808080808080808,0.0202020202020202,0.0,0.0,0.0,0.0,1
33926.0,"Convinced I have lymphoma So I just turned 20 and I have myself totally convinced I have lymphoma. About two months ago I noticed a lymph node on the left side of my neck that was enlarged. Well, it's still there. It doesn't hurt (which I've read is more worrisome than painful ones), it fluctuates in size throughout the day, its not rock hard but it's not really soft, and I can't really move it that much. I'm really worried that it's lymphoma, I don't have any swollen lymph nodes under my arms, groin or collarbone that I can tell. Nor do I have any other symptoms that are commonly associated with lymphoma, but I know that a lot of people don't show any symptoms so it's not really reassuring. I don't have health insurance so I can't go to the doctor as I please. However I am trying to get into this affordable doctor near me within the next couple of weeks to ease my mind. I've been having panic attacks over it, last night I had one and I was seriously about to go to the ER but my boyfriend talked me down. It's so exhausting. 

Edit: Also, I haven't had any infections or been sick to cause the swelling",Anxiety,0.9286912751677852,0.7992424242424243,0.0,0.0,0.0,0.0,0.0108958365819429,0.1886792452830188,0.6169495098555918,0.439726631393298,0.4053350970017637,0.0,0.0471698113207547,0.070754716981132,0.0495283018867924,0.0,0.0,0.0,1
33927.0,"Heart health anxiety Hi all, stumbled across this sub doing, what else, some late night symptom googling, and I couldn't be more glad to see it. I've had generalized anxiety for years, but recently it's started to manifest more as health anxiety, triggered when my cat died of sudden onset congestive heart failure a few months ago. 

I've had chest pain in the upper left side for almost a week now, and I can't seem to convince myself that I'm not dying. I've had two normal EKGs, normal bloodwork except for an elevated d dimer level, and a normal x-ray and CT. After all that, I'm still not able to stop my anxiety that the twinge in my arm is a heart attack, or the burning sensation in my back is an aortic dissection. Any suggestions for calming the anxiety beast?",Anxiety,0.6384228187919463,0.5303030303030303,0.0,0.0,0.0,0.0,0.0115736670378836,0.2411347517730496,0.7156781171995721,0.5294444444444445,0.4216666666666667,0.0141843971631205,0.0567375886524822,0.0992907801418439,0.0106382978723404,0.0,0.0,0.0,1
33928.0,"Carpal tunnel or als? This post is from my other post on askadoc and wanted to see what info I can get on here. Thanks in advance 

I am a 25 year old female. I went to the doctor a couple days ago, they did the phalan test and they said it’s carpal tunnel. But I occasionally feel weird nerve pain in my thighs and feet. I have no other symptoms other that minor twitching (that could be from researching so much on google). My grandmother died of ALS so it worries me whenever I have nerve issues.",Anxiety,0.410234899328859,0.3674242424242424,0.0,0.0,0.0048780487804878,0.0,0.0102673300725248,0.2346938775510204,0.7482613156994641,0.488125,0.3216666666666666,0.0,0.0408163265306122,0.0816326530612244,0.0153061224489795,0.0,0.0,0.0,1
33937.0,"Eye stuff Hey,

So sometimes when I look at a wall especially the sides that meet I see them getting distorted or even rippled.


Then when I start staring at them it becomes more rippled and then everything starts blending together making it look all white.
(walla are white)

I just wanna know if anyone's had any similar experiences like this. Also just to be clear this only happens with the sides of the walls that meet its more noticeable in the dark but it also happens in the light as well.

I am getting major anxiety over this so please fast replies would be appreciated",Anxiety,0.4756711409395973,0.3977272727272727,0.0,0.0,0.0,0.0,0.0114805863090597,0.2452830188679245,0.7381680193949615,0.5697115384615384,0.4679487179487179,0.0,0.0849056603773584,0.0377358490566037,0.0283018867924528,0.0,0.0,0.0,1
33938.0,Pins and Needles Sensation All Over I’m a 18 year old soon to to be 19 yo black male. I probably font have the healthiest lifestyle but I’m no doctor. For the past few days I’ve had this pins and needles sensation all over kind of like a numbness like I can see myself doing thing but I don’t feel it the same way. I’ve smoked weed pretty frequently over the past few weeks but I’m by no means a heavy smoker. I was wondering if this could be a symptom of early onset diabetes (not sure if it’s that severe though) or perhaps carpal tunnel because as my thumb has been giving me problem for several years as in got jammed by a football nd perhaps hasn’t healed properly. Any help/advice would be greatly appreciated,Anxiety,0.5931208053691275,0.5113636363636364,0.0,0.0,0.0390243902439024,0.0,0.0108977475287635,0.2279411764705882,0.7279000985869208,0.4925925925925926,0.3470679012345677,0.0294117647058823,0.0661764705882353,0.088235294117647,0.0441176470588235,0.0,0.0,0.0,1
33940.0,"Wheezing and trouble getting air Damn, hypochondria is driving me crazy. Every little thing that I find wrong with me makes me immediately conclude that I have cancer. 

This time, I have realized that my breath is whistling when I exhale (wheezing). I also feel like I cannot get enough air, and must take deep breaths every 45 seconds or so. This has been going on for roughly three weeks and has not improved.

Are there minor conditions that could be causing this? I hate hate hate that I automatically assume that I am going to die whenever I discover something like this. Any help would be *greatly* appreciated.",Anxiety,0.5092281879194631,0.4090909090909091,0.0,0.0,0.0,0.0,0.0122292567038188,0.1926605504587156,0.7359438265593767,0.3401041666666666,0.5666666666666668,0.0,0.091743119266055,0.0642201834862385,0.0412844036697247,0.0,0.0,0.0,1
33945.0,"Afraid I Contacted E. Coli I made burger Tuesday night and most of the way through eating it I found out the middle was very rare. I freaked out a little bit but tried not to stress about it, today I started getting diarrhea so now I'm afraid I actually have contacted E. Coli. The diarrhea doesn't have blood or anything in it and it may just be a coincidence but I'm somewhat freaking out. Overall I feel fine no nausea, and only had some cramping earlier in the morning but nothing in awhile.",Anxiety,0.4085570469798658,0.3522727272727273,0.0,0.0,0.0,0.0,0.0109386905808569,0.2127659574468085,0.7266135742303578,0.4963257575757576,0.5363636363636364,0.0,0.1276595744680851,0.0744680851063829,0.0319148936170212,0.0,0.0,0.0,1
33946.0,"Dealing with Health Anxiety when you are looking forward to something that won't happen for several more months Does anyone's health anxiety increase when you start getting excited and start anticipating something that is a long time away, like several months or a year? For example, my wife and I booked a cruise in April. Everything is already paid for, all we have to do is show up. Unfortunately, when I start getting excited for it, my health anxiety kicks in and I can't help but think that I might not make it because the symptoms that my anxiety produces, and that my mind thinks are real, will end me before I can experience it. I feel like that heart attack that I've been worried about having for the past 10+ years will finally occur and prove every doctor I have seen wrong and that it will be the reason I won't be alive to experience this time that I am so looking forward too. Anyways, just venting. This happens to me on most everything that I am looking forward too if it's a long ways out.",Anxiety,0.8389261744966443,0.7045454545454546,0.0,0.0,0.0,0.0,0.0113489047008735,0.2513368983957219,0.5932243898067099,0.525,0.5107142857142858,0.0,0.0855614973262032,0.0695187165775401,0.0080213903743315,0.0,0.0,0.0,1
33947.0,"Scared this isn't healthy anxiety anymore. -lightheaded/dizziness

-Drooping/heavy eyes (one eye will feel lower than the other)

-Trouble speaking at times. My chest vibrates and I can't speak for a second.

-Right arm gets hot.

I don't know what this is, but I'm scared it isn't anxiety anymore. I'm convinced I have strokes/seizures.",Anxiety,0.2726510067114094,0.196969696969697,0.0,0.0,0.0,0.0,0.0144693071365455,0.1509433962264151,0.8448403077896068,0.5592261904761905,0.4101190476190476,0.0,0.0754716981132075,0.0943396226415094,0.0,0.0,0.0,0.0,1
33950.0,"skipping beats and not feeling well overall Hi all, so recently i tried mountain climbing, During this mountains climbing i've had a few irregular beats that scared the hell out of me, it never happened to me before when i was exercising until this time. It feels like my heart skips a beat and then i feel i big thud in my chest. since then i've been too scared to excercice. i went to the emergency room because i couldn't wait till morning, i've had an ecg done and then they told me that everything looks just fine, and it is not necessary to do any further tests. but i feel like something is missing, since i feel constant dizziness and my body overall feels very weak. Is this normal?
I also got anxiety and health anxiety for some time now.",Anxiety,0.6208053691275168,0.5303030303030303,0.0,0.0,0.0,0.0,0.0110608014379774,0.2127659574468085,0.6865168984508102,0.4866319444444444,0.3579861111111111,0.0,0.0780141843971631,0.0851063829787234,0.0106382978723404,0.0,0.0,0.0,1
33951.0,"For those of you who once thought you had brain cancer, or ALS, or Alzheimer's, etc What changed your mind? My memory has gotten so bad ever since I got into this panicked depressive state that I can barely remember my friends names or anything from before 24 hours ago. Brain is so foggy I can barely count. Did you guys also have this, and what convinced you that it was just anxiety? Did it go away once you took control of your anxiety?",Anxiety,0.3624161073825503,0.3143939393939394,0.0,0.0,0.0,0.0,0.0108471074380165,0.1785714285714285,0.7430167597765363,0.4,0.2888888888888888,0.0,0.0476190476190476,0.0833333333333333,0.0357142857142857,0.0,0.0,0.0,1
33960.0,"Slipped and fell two weeks ago and afraid of getting a scan I slipped and fell on my right side. I only had a small visible bruise on my upper thigh by my waist.

However, it seems it affected my whole leg. My upper thigh is tight and it feels like if you exercised and overstretched it. My knee is tight also, doesn't seem smooth when I move it, and has been popping/cracking alot more. 

I have full range of motion, but everything still feels sore. I really wanted to avoid going to the doctor but I might have no choice. 

A couple days ago I was in a dentist's office and I read an article about CT scans in Men's Health. It was basically talking about how risky it is, especially for young people, because of how much radiation it gives off. I'm not sure what the doctor would order for me, but I'm afraid of getting into a situation where I either have to refuse doctor's orders or get a scan and then have anxiety for the rest of my life about getting cancer from the radiation.",Anxiety,0.8162751677852349,0.7121212121212122,0.0,0.0,0.0,0.0,0.010660355357325,0.2486772486772486,0.6356004847624959,0.5049603174603174,0.4970017636684303,0.0211640211640211,0.0687830687830687,0.074074074074074,0.0317460317460317,0.0,0.0,0.0,1
33961.0,"List of Health Anxiety symptoms So let's face it, health anxiety seems to create a whole host of strange symptoms. I've had loads, from heart palpitations, bounding pulse to just feeling like I was about to ""switch off"". So many more but I thought I'd start the list with those, please feel free to add to it. 

I think if we all put symptoms we've experienced down, it's useful to check the list and be like ""oh it's just anxiety"".",Anxiety,0.3540268456375839,0.2992424242424242,0.0,0.0,0.0,0.0,0.0113205922865013,0.2,0.7687150837988826,0.6559027777777777,0.4423611111111111,0.0,0.0375,0.0375,0.0,0.0,0.0,0.0,1
33965.0,"How to know if your symptom is real or if your mind is playing tricks on you? Ever since I found out I have a blood clotting gene I feel like my calves hurt/cramp more than ever. I actually don’t think I ever noticed them cramping or hurting before this discovery.


This morning I woke up to one hurting, and now tonight the other one is hurting. It’s not intense, but because I’m so scared of it being a clot, I can’t let it go . 

I did just work a long shift where I was on my feet the whole time. But because of this mornings pain couple with this pain, I’m nervous. It comes and goes and feels like an ache of some sort. I’m just not sure if I should go to the doctor since I do have a blood clotting gene (factor V). I’ve never had a blood clot so I don’t know for sure what one feels like",Anxiety,0.6577181208053692,0.6136363636363636,0.0,0.0,0.0390243902439024,0.0,0.009521455491896,0.2147239263803681,0.6279261061795249,0.5486111111111112,0.5391975308641975,0.0,0.0552147239263803,0.0245398773006134,0.00920245398773,0.0,0.0,0.0,1
33973.0,"Signed up for Physical Exam due to health anxiety, symptoms getting more noticeable as the day approaches Due to me receiving medical insurance through the government , the health care I have access to is very saturated, so I’ve been waiting for a Physical exam for 2 months now. 

I’m getting down to single digits on days and I feel terrible at nights. I’ll experience acid reflux, or muscular/skeletal pains , etc. Right now I have a pain under my right rib cage and I feel like it’s my pancreas or something . I’m going absolutely mad just thinking that this dull pain could be cancer or something I need to go to the ER for before it bursts and I die . 

I just can’t wait for 5 more days until I can get checked out and be able to sleep at night knowing either nothing is wrong with me or taking steps to manage it. And now I’m in a worse mood because I won’t get the results then , I’ll still need to wait a week or two on top of that .",Anxiety,0.7810402684563759,0.7007575757575758,0.0,0.0,0.0439024390243902,0.0,0.0101713617109511,0.2634408602150537,0.6352495945215354,0.4862573099415204,0.4755430242272348,0.010752688172043,0.0806451612903225,0.0483870967741935,0.0080645161290322,0.0,0.0,0.0,1
33974.0,"Weird Heart Symptoms I noticed that whenever I stretch or move around in my seat my heart rate jumps from around 70 to over 100 for about 5 seconds, then drops back down. I’ve also been having this weird feeling in my chest sometimes when i breathe, and lots of mucus in my nose that has blood in it, even if I didn’t have a bloody nose. I also have been hearing blood rushing and ringing in my right ear, especially when it’s quiet and i’m leaning or bending over. I’m not sure what’s wrong with me but I really am scared about my heart, even though i’m only 19 i’m scared it could be a blood clot in my neck or something. I also wheeze sometimes when I exhale and feel mucus in my chest when i laugh",Anxiety,0.5813758389261745,0.5227272727272727,0.0,0.0,0.0390243902439024,0.0,0.0101596408823354,0.1870503597122302,0.6376351432820224,0.4261599511599512,0.6266788766788767,0.0,0.0719424460431654,0.0863309352517985,0.0323741007194244,0.0,0.0,0.0,1
33975.0,"I've had an anxiety-free week and a half and then... I started catastrophising about having a brain tumor. 

All during the holidays I've had a constant fear of having a blood clot, and then that fear went away for a few days and I've felt great. And now I'm having daily headaches on the same spot and I'm so scared I have a brain tumor. I just got blood work done (just normal stuff) so I'm hoping that if I had something it would show up in that..... 

Anyone else have any advice in dealing with thinking i have a brain tumor and how to talk myself out of it",Anxiety,0.4614093959731543,0.4128787878787879,0.0,0.0,0.0,0.064516129032258,0.0102679689456548,0.2636363636363636,0.6542407313357035,0.5416666666666666,0.3035714285714285,0.0,0.1,0.0363636363636363,0.0136363636363636,0.0,0.0,0.0,1
33976.0,"Worried something is wrong with my heart I have been having occasional chest pains on and off for a week and a half now, and I've been struggling to sleep. Well, I was taking a bath after exercising and I didn't really do anything but turn to the side to reach for some bath gel and I felt something similar to a pop in my chest. It was right in the area that my heart would be. I thought it was odd, and when I stood (slowly) I felt a little light headed to get out of the bath. I had two short, quick pains in that same spot and now I haven't had any pain since that. There is no heaviness in my chest. My stomach is fine. But my heart has been feeling like it's been pounding not long after that. I've been feeling like I should just give in and head to the ER.. It's taking everything I have to not ask to go because I don't want to go and end up getting a big bill over nothing because I don't think my insurance will cover it. I'm inwardly freaking out now.",Anxiety,0.8011744966442953,0.7386363636363636,0.0,0.0,0.0,0.0,0.0097051217181087,0.2448979591836734,0.5856800820887015,0.5106212797619047,0.3813988095238095,0.0,0.086734693877551,0.0561224489795918,0.0153061224489795,0.0,0.0,0.0,1
33977.0,"fear of appendicitis Hello, I just found this subreddit, so I'm new here. I felt a weird pressure to the left of my right hip bone yesterday, and this is a symptom of appendicitis. I asked my mom about it, and she told me to lift up my legs; when I lifted up my leg I felt no pain, so she said I was fine. It doesn't hurt, but it's just a weird pressure feeling. Yesterday it was a constant pressure feeling, but today it's more random. I didn't feel anything until a couple minutes ago. I know appendicitis is very painful, so I don't know if I actually have it, or if my mind is playing tricks on me. I had an anxiety attack over this yesterday, and I'm really scared of having it. also sorry this is kind of a messy post. 
 
This is really annoying Lol. I want to calm myself down, but idk how. Any help is appreciated on how to calm down and focus on anything else.",Anxiety,0.7197986577181208,0.6477272727272727,0.0,0.0,0.0,0.0,0.0101263694022679,0.2325581395348837,0.6175133168767052,0.4890371244916699,0.5546077659714024,0.0,0.0523255813953488,0.0872093023255814,0.0261627906976744,0.0,0.0,0.0,1
33982.0,Always feeling like I'm going to die. Due to my anxiety and insomnia I always feel like crap. I find myself a smart woman and yet I feel like I'm really sick and will die from this. The weird and constant thought of having cancer through my body. Nothing proofs that this is true and I'm strong enough to not call my doctor every day. But I feel horribly tired and scared all the time. I don't understand why I can tell myself that I'm fine but my body somehow just doesn't believe it. I want my life back.,Anxiety,0.4177852348993288,0.3712121212121212,0.0,0.0,0.0,0.0,0.0104036230069287,0.1818181818181818,0.6988883245866486,0.453125,0.5909722222222223,0.0,0.0606060606060606,0.1111111111111111,0.0303030303030303,0.0,0.0,0.0,1
33986.0,"Headache, facial tension and semi paralysis, anti social, loud music Not sure if the correct flair but I need help. Lately I've been feeling terrible. I get this weird headache and weird dizziness feeling like I'm surpresses, my face tenses and hurts and some facial expressions feel paralysed sometimes. Because of it I am acting very anti social and can't function in any way. I Don't know what to do but it's a living hell. I feel like I have sunk to a lower dimension of hell and can't get out. My brain is so tense and head and face, I can't look people in the eye, I can't laugh communicate. I feel so down and terrible it's awful. I have a theory it has something to do with ear damage as I produce music and been listening to extremely loud music for very long periods, for a long time now. When I started working, the loudest I can listen was half strong as what it is now, which I gradually increased over time. I fear I have really damaged something in the ear which is causing all this nausea, awful headache, tension and disability to live. Please help me I can't do nothing, even sleep feels terrible!!! I rarely feel normal.. Please help!",Anxiety,0.9605704697986576,0.8068181818181819,0.0,0.0,0.0,0.032258064516129,0.0113378903735743,0.2009345794392523,0.610922570876625,0.4054162157287157,0.5528968253968254,0.0373831775700934,0.0607476635514018,0.0700934579439252,0.0350467289719626,0.0,0.0,0.0,1
33988.0,Melanoma fear ruining my life Hi guys! So I’m a super moley person and it leads me to believe there is absolutely no way that I don’t have melanoma. I’m part Irish and used to lay in the sun when I was a teen a lot. I’ve been checked in the past year and a half and my dermatologist always acts like I’m crazy for coming in. She said it’s normal to keep getting new moles and even told me this really ugly one in my belly button is fine. I’m currently living in France and I have a doctors appointment on Wednesday but I keep convincing myself I have it and I’m going to die. I can’t sleep or focus on anything and I’m constantly taking pictures of the my body to exam the moles and always convince myself they’re all cancer. I try to get my family members to convince me I’m fine but I never feel better. Any advice or anyone struggling with the same?,Anxiety,0.7080536912751678,0.6325757575757576,0.0,0.0,0.0585365853658536,0.0,0.0102526892299619,0.2619047619047619,0.6573556797020483,0.5187165775401069,0.4909536541889484,0.0119047619047619,0.0654761904761904,0.125,0.0625,0.0,0.0,0.0,1
33998.0,Night sweats Sometimes when I go to bed I wake up with cold sweat on me. Usually only in my cleavage and the back of my neck. I sleep with the room pretty cold and only in my underwear and bra. I always wake up freezing and is it possible to sweat cold cause I fold up in a ball to keep warm. I just don’t like wearing clothes to bed. Isn’t sweating during the night a sign of cancer also why would I be sweating if I’m cold? Sorry major anxiety disorder and agoraphobia sufferer here. Stupid questions I know.,Anxiety,0.4211409395973154,0.3787878787878788,0.0,0.0,0.0146341463414634,0.0,0.0101907918064533,0.2475247524752475,0.6743182698158084,0.3927884615384616,0.8538461538461538,0.0,0.0594059405940594,0.099009900990099,0.0445544554455445,0.0,0.0,0.0,1
33999.0,"Is it worth giving up drinking Coke/Pepsi? I’m 17 and I have been drinking coke daily for as long as I can remember... I want to feel healthier, less stressed, more energetic, less anxious and was wondering whether giving up coke would materialise this.

Thanks",Anxiety,0.2114093959731543,0.1666666666666666,0.0,0.0,0.0048780487804878,0.032258064516129,0.0127410468319559,0.2,0.794413407821229,0.5481481481481482,0.3148148148148148,0.0,0.1111111111111111,0.0222222222222222,0.0333333333333333,0.0,0.0,0.0,1
34000.0,"Toxic shock syndrome fear Okay this is kind of uh detailed, beware. Im afraid of getting TSS because i read this horrifying ass thing about people getting it even without leaving in tampons too long or anything. And all this stuff about how horrible tampons are for you. And people were commenting under it about how someone they know even got it from pads and every other period product and it basically just strikes randomly. And people having to get their legs amputated of they didnt die already. And like if you have any ""open wounds"" or anything you can get it from that too. And basically just making it seem like youre gonna get it just by existing and having periods. Like what if i have some kind of injury from shaving or something i dont even know about?? Am i gonna get this illness just from having a period? Im an athlete and all too, its really hard to use just pads (apparently you can get it still anyways). I dont want to not shave or anything anytime around my period. I got it today and I dont know what to do i feel like im randomly just gonna get this disease.",Anxiety,0.9018456375838926,0.7689393939393939,0.0,0.0,0.0,0.0,0.0110665478312537,0.2401960784313725,0.5716945996275605,0.4351190476190476,0.6511904761904762,0.0,0.0784313725490196,0.0686274509803921,0.0367647058823529,0.0,0.0,0.0,1
34003.0,"Uneven pupils on Friday I was looking in the mirror and noticed that my left pupil is much larger than my right. The vision in that eye is also blurry. 
I visited an optometrist today who dilated my eyes and confirmed that the left is more dilated than my right, but he didn't know why. He assumed that its something I've always had but only noticed now, but that's impossible because for the past year I have been obsessively checking my pupils in the mirror to make sure i haven't had a stroke (hello health anxiety). 
a few days before the uneven pupils, I woke up with a painful pulled muscle on the left side of my neck, could that be related? I also have occasional tinnitus in the left ear, usually pulsatile (rushing noise). 
 I'm afraid its either a carotid dissection/stroke, or some sort of tumor. Maybe I had a seizure in my sleep that cause the pulled neck muscle and the eye issue? 
Anyway I just wanted to vent and see if anyone else has had weird eye issues or fears. Its tough to have all these thoughts in my head without anyone listening or taking them seriously.",Anxiety,0.8968120805369127,0.7537878787878788,0.0,0.0,0.0,0.0,0.0113292011019283,0.245,0.624804469273743,0.4517195767195767,0.4910548941798942,0.01,0.08,0.075,0.0225,0.0,0.0,0.0,1
34004.0,"Struggle Bus ... I'm riding it today, maybe even driving it. No need to get into details, I'm just anxious for my health and a family member's health (I hate that I project my HA to other people, as if I didn't do enough worrying as is).

I went to the gym despite getting shitty sleep last night and feeling AWFUL all day because I knew it was better than coming home from work and ruminating. And I'm about to listen to an anxiety podcast and a guided meditation for sleep. So there are a couple wins despite the day being a dud. 

But I just wanted to write it out that today sucked and my worrying sucks and I hate it. I know I'm not alone when I come here, and for that I am grateful. Hoping tomorrow is a better day for me and anyone else riding the bus.",Anxiety,0.6283557046979866,0.5681818181818182,0.0,0.0,0.0,0.032258064516129,0.0100546403225512,0.2649006622516556,0.6596248473861408,0.4102272727272728,0.5674242424242425,0.0132450331125827,0.0927152317880794,0.0662251655629139,0.009933774834437,0.0,0.0,0.0,1
34006.0,"Pain in the neck. Scary Long time lurker, first time poster. 

I've been having aching feelings in my neck in what seems to be my lymph nodes for a few weeks. The aching seems to pop up in different spots(left, right, under the jaw, mid neck, collarbone area) at random times. Today I was feeling around my neck and noticed my right lymph node was very swollen and the left side I couldn't even feel. 

I'm getting over a cold, and I know the obvious answer is that these aches and pains correlate with me getting over this sickness. Google is still managing to scare me to no end. I have an appointment with the doctor tomorrow, was just looking for some peace of mind to get me through the night.",Anxiety,0.575503355704698,0.4924242424242424,0.0,0.0,0.0,0.0,0.0110376842680798,0.2824427480916031,0.7096677896712013,0.4681318681318681,0.4465201465201465,0.015267175572519,0.0687022900763358,0.0534351145038167,0.0,0.0,0.0,0.0,1
34010.0,"Meningitis Hi Reddit,
For a week now I've had a stiff neck, this has been accompanied by cold hands and feet and random pains in my limbs, I also got off an antibiotic a week ago for a tooth infection. Headache has not been present, maybe just a mild one occasionally, have mostly just been a little drowsier than normal. Could this be meningitis? Getting pretty anxious.",Anxiety,0.3045302013422818,0.25,0.0,0.0,0.0,0.0,0.0118878746762057,0.2388059701492537,0.8005503210205953,0.4764339826839827,0.5704545454545454,0.0,0.0298507462686567,0.0597014925373134,0.0223880597014925,0.0,0.0,0.0,1
34012.0,"Finally letting go of my HIV anxiety Today I took an hiv test a year from exposure. After a year of stress, anxiety, worries, etc, I am finally letting go. My result was negative. After a year of testing, I can truly say I am negative. I just want to thank everyone for your help and reassuaring words. Jbee, a special thank you to you as well. During this year, I lost who I was. I am usually a vivacious person, but turned into an anxious scrooge. Some of my interests and hobbies seemed no longer interesting. Now I am going to live full out! 2018, I'm ready for you!!!",Anxiety,0.4731543624161073,0.4128787878787879,0.0,0.0,0.0,0.032258064516129,0.0107062359128474,0.2,0.6822752666328086,0.5328014315230224,0.6064935064935064,0.0,0.0636363636363636,0.109090909090909,0.0545454545454545,0.0,0.0,0.0,1
34018.0,"Bruise anxiety I have a bruise appear on my outer thigh. About an inch wide. 

3 days ago when I noticed it, it was actual 2 bruises, a smaller and larger bruise.

The next day, the smaller bruise was nearly gone. The larger looked like it was fading. 

Last night, the large bruise was a red circle, which was not what it looked like the night before, which got my anxiety up.

Today it's spread a bit and now a dark red, turning purple ish and I noticed I have a lot of spider viens in that area. 

I'm so scared it's a blood clot or something worse. Should I wait and monitor it or go to doctor? I've been working with my therapist, that one symptom doesn't make it true, but I'm really freaking out. Is this normal for a Bruise? I've never paid a bruise attention before, so I don't know what's typical.",Anxiety,0.6635906040268457,0.5833333333333334,0.0,0.0,0.0,0.0,0.0105416333422198,0.2645161290322581,0.6750405478464587,0.5054894179894179,0.3552910052910053,0.0129032258064516,0.064516129032258,0.064516129032258,0.0193548387096774,0.0,0.0,0.0,1
34022.0,"“Hollow” feeling in chest For the past couple of weeks, I’ve had this pain/discomfort in my chest. Sometimes it’s a dull pain in the center, sometimes sharp. I also get this weird weak feeling in my chest. It feels sort of hollow. I’ll get a flutter once in a while. Weird. 
I’ve had all the tests a few months ago. EKG, blood test, chest X-ray, echo. All normal. 
Any ideas? I am known for being anxious about my heart and overall health. I just really want this to stop
Thanks",Anxiety,0.3926174496644295,0.3371212121212121,0.0,0.0,0.0292682926829268,0.0,0.0110192837465564,0.2444444444444444,0.7144630664183736,0.4252777777777777,0.4316666666666666,0.0,0.0333333333333333,0.0555555555555555,0.0166666666666666,0.0,0.0,0.0,1
34029.0,"I'm having DVT anxiety again. Right now, I'm scared of my mood leg that I'm experiencing. I know it's just a mild cramp, probably stemming my back, I'm on my feet all day with bad arch support (flat feet). With HA you always think the worst; ""it's DVT, I'm going to get an aneurysm, 😱😱""",Anxiety,0.2466442953020134,0.2121212121212121,0.0,0.2,0.0097560975609756,0.0,0.0110736552124111,0.1578947368421052,0.8557287072429678,0.4078373015873016,0.4712301587301586,0.0,0.0701754385964912,0.1052631578947368,0.0263157894736842,0.0,0.0,0.0,1
34032.0,Is jaundice obvious? In scared my skin is jaundiced but I can't tell. Would it be blatantly obvious if I did have a liver problem.,Anxiety,0.1023489932885906,0.0909090909090909,0.0,0.0,0.0,0.0,0.0108126721763085,0.24,0.9177653631284916,0.5,0.5,0.0,0.08,0.08,0.06,0.0,0.0,0.0,1
34039.0,"Insomnia Last month, I suddenly developed the worst case of insomnia I've ever had. I'll literally lie in bed for hours and I can't fall asleep. I can't even fall asleep to nap after a night of little sleep. I'm wondering if anyone else here has ever experienced that. My psychiatrist isn't worried about it, but I'm not really sure I trust her since it just keeps going on. She prescribed me sleeping pills, but they don't always work.",Anxiety,0.3590604026845637,0.2954545454545454,0.0,0.0,0.0,0.0,0.0118169613278934,0.1139240506329113,0.8698819036843222,0.4552083333333333,0.6092592592592593,0.0,0.1012658227848101,0.0632911392405063,0.0569620253164556,0.0,0.0,0.0,1
34041.0,"Very worried about my first blood test [22 year old male from London, England]

I have never had a blood test before and I have decided to bite the bullet and get one next week. I am going to be requesting a blood test on Monday due to some GI problems I have had since November (which started when I started taking a daily multivitamin), although have not been serious enough to warrant consulting a medical professional but not mild enough to be ignored completely. I am absolutely terrified they are going to turn around and say that I have a serious form of cancer or IBD (there has not been any bleeding, fatigue or fever though). I know it's an irrational fear because I frequently exercise, 75% of my diet is healthy and I don't smoke, drink or do drugs. However, I still feel as though they are going to call me up and ask me to be at the hospital immediately. Reassurance would be appreciated!",Anxiety,0.7491610738255033,0.6287878787878788,0.0,0.0,0.0,0.0,0.0113677603470744,0.2275449101796407,0.667614491687017,0.5206018518518518,0.3356481481481481,0.0,0.0718562874251497,0.0958083832335329,0.0269461077844311,0.0,0.0,0.0,1
34043.0,"I fear I was bitten by a bat or something Hello,

I just need to get this off my chest. It am always worried about something with my health.About a week I was walking in my backyard. It was really cold in PA like below freezing. I had a coat and jeans on. When I was walking back I felt something near my knee. I didn't think anything of it. but I get random feelings all the time but nothing is ever there. But then a day later I found this and I am concerned. It doesn't itch or painful and its gone now. But for some reason I think it is a bite from something. My parents think I am crazy.
It has since healed. https://imgur.com/a/EMPVa",Anxiety,0.514261744966443,0.4772727272727273,0.2,0.0,0.0,0.0,0.0096337389644476,0.2519685039370078,0.6438657458320503,0.3357142857142857,0.5285714285714286,0.0,0.0708661417322834,0.0629921259842519,0.0118110236220472,0.0,0.0,0.0,1
34046.0,"Constant lung issues Hey all, 

Been having lung issues for months. Constantly feeling sick the last 4 weeks. Moved out of a house filled with mold.

Been prescribed two diff antibiotics before tests showed nothing.

Started feeling slightly better but was around a ton of cigarette smoke.

It's like every other night I feel awful. Can't see the doctor again for a week. Just constantly losing my mind. Difficulty breathing doesn't help at all.

Just needed to complain. Thanks.",Anxiety,0.3901006711409396,0.2954545454545454,0.0,0.0,0.0,0.0,0.0134297520661157,0.1645569620253164,0.8568700940527544,0.4630357142857143,0.4898809523809523,0.0,0.1392405063291139,0.0886075949367088,0.0569620253164556,0.0,0.0,0.0,1
34047.0,"Can’t tell if panic attack or allergic reaction. Please help. So I have what I think is the common cold and decided to take Mucinex DM. After I took it I noticed there weren’t any effects listed on the package at all so I looked it up online. Well it says the most severe side effect is chest tightness/difficulty breathing. I was kinda already having chest tightness before I looked that up. Reading that made it even worse. 

The reason I can’t tell if it’s panic or not is because I started getting bad anxiety after reading about the flu epidemic and how it caused death and stuff. This was all after taking it. This is also my first time ever taking Mucinex DM. Everything is just making my feelings worse and I don’t know what to do. My main anxiety/panic symptoms are chest tightness, short breaths, and nausea. 

It said on the website to go to the ER but I’m too scared to and can’t afford it at all. I’m also worried it’s just my anxiety and that I’ll end up going for no reason.",Anxiety,0.8196308724832214,0.7007575757575758,0.0,0.0,0.048780487804878,0.0,0.0110229864628691,0.2473118279569892,0.6241965519312789,0.4175925925925926,0.537037037037037,0.0,0.0967741935483871,0.0483870967741935,0.0,0.0,0.0,0.0,1
34049.0,"I feel like I’m going crazy. This all started after the death of a loved one. It was sudden, but not health related. Ever since then I analyze every single thing I do and how it could impact me. I’m always worried about my liver failing or something like that because I drink. I’m not an alcoholic by any means, at most I’ll have 4 drinks maybe twice a week. I’m 21 so that’s kind of the norm in college, but I still worry. A lot of my health anxiety is about other people as well. I constantly worry that my boyfriend is going to die for example. I know it’s so stupid and that I’m fine, but the worrying overtakes me. I know this started after the sudden death of a loved one. But at this point, I can’t control it and worrying is taking over my life. Thanks for reading this",Anxiety,0.6451342281879194,0.5757575757575758,0.0,0.0,0.0439024390243902,0.0,0.0102788130862997,0.2549019607843137,0.6372001314492277,0.5423412698412698,0.5615079365079365,0.0,0.0915032679738562,0.065359477124183,0.0098039215686274,0.0,0.0,0.0,1
34052.0,"Convinced I'm dying. First post in here - very nervous so it'll be long winded.

On Monday, I had pain under my armpit and across my chest on the left side. I convinced myself I had everything from breast cancer to heart failure. Went to the doctor on Thursday and she diagnosed me with shingles. My rash is more like a cluster of spots, and it's not itchy or have any of the other symptoms.

Since then, I've convinced myself my organs are failing and that I have a blood clot.

The latest is breast cancer. Was in the shower and noticed a small, about an inch long, patch of skin that's red. No itch, no rash, spot or lumps. It's not hot to touch. It's just red skin. The thing that's throwing me is that it's on my right side, whereas the shingles is on the left.

I've alway suffered with anxiety, but never health anxiety. I've just bought a house and I'm moving in on Friday - I'm starting to think that because I'm not stressed about that, I'm stressing about every single twinge in my body. For example, I'm now extremely dizzy. It's a side effect of the anti vitals, but I'm here writing a will.

Somebody please tell me I'm not going crazy.",Anxiety,0.9538590604026844,0.8181818181818182,0.0,0.0,0.0,0.0,0.0109542217313478,0.2580645161290322,0.6257755580156013,0.5005952380952381,0.3951754385964912,0.0,0.0783410138248847,0.0691244239631336,0.0069124423963133,0.0,0.0,0.0,1
34053.0,"I'm scared It started with me checking randomly my neck and noticing a lymph node which if I recall correctly I have had for at least a year and another behind my ear which was there for years (I went to two doctors and at different times and got told there was nothing to worry), but I keep checking my neck basically everyday and keep finding others which I don't know if they were there before or not and my anxiety is getting worse and worse.

My throat doesn't feel ok even though I got checked by three doctors. I feel like I have a bit of nausea and the other day I had a bit of fever which only lasted one night. Also my left ear from times to times feel obstructed which I've been told is due to my nasal septum deviation.

And I could list a lot of other stuff that's wrong with me but that would get too long.

**A little over a month ago I had blood tests which didn't show anything wrong beside some vitamin but everyday I find a new symptom and I'm getting really scared right now. I keep thinking what if I took the tests too early, what if...**


**I don't know what to do anymore, everyday something new pops up. I try to think about other stuff but eventually... I get back there.**",Anxiety,0.9958053691275168,0.8787878787878788,0.0,0.0,0.0,0.064516129032258,0.0104443774459381,0.1888412017167382,0.5897091615316374,0.4427104145854146,0.4940309690309691,0.0,0.0686695278969957,0.0901287553648068,0.0321888412017167,0.0,0.0,0.0,1
34054.0,"Eating less for 1-2 weeks and metabolism. I'm 18yo male. I lost my appetite couple weeks ago (due to stress and mental problems I think), I was forcing myself to eat enough calories per day which is around 2500, but now I can't do this anymore, an apple can fill me up for many hours and sometimes I can't even think about eating more. 
I'm visiting my doctor in 1-2 days, but before I will feel better I probably won't eat enough food and I'm afraid of my metabolism. Will this situation destroy it?",Anxiety,0.4119127516778523,0.3522727272727273,0.0,0.0,0.0,0.0,0.0110852236094015,0.1595744680851064,0.7266135742303578,0.5140151515151515,0.3765151515151515,0.0212765957446808,0.0425531914893617,0.0851063829787234,0.0159574468085106,0.0,0.0,0.0,1
34061.0,"Pupil size I’m a 30 year old female, and just noticed a difference in pupil size. It’s only in dim light and I’ve been to the optometrist 2 times everything looks fine and I have 20/20 vision she said it was so small she didn’t notice it until I mentioned it. But obviously still have been anxious and checking in the mirror nonstop. I got a horrible stiff neck back in June and have had a kink in my neck since- I’m also a long distance walker 10miles 4X a week and have been told this can be because of hip stuff. I have had blood work and everything is fine. But I’m convinced I have a spinal or brain tumor, it’s been hard for me to concentrate on information ( probably because I’m preoccupied with anxiety) and I’m dizzy but I can’t tell if I’m making that up too. Feeling crummy and pretty shameful.",Anxiety,0.6694630872483222,0.5833333333333334,0.0,0.0,0.0536585365853658,0.0,0.0106971474273527,0.2387096774193548,0.6816723734006127,0.4883556547619048,0.5567708333333334,0.0258064516129032,0.0580645161290322,0.0516129032258064,0.0290322580645161,0.0,0.0,0.0,1
34063.0,"Do lung cancer coughs ever clear up? So I was convinced that I had lung cancer and my chest infection was a symptom of it. But now my cough is slowly starting to clear up. Can a lung cancer cough go away, if the cancer is still there? Health anxiety fucking sucks",Anxiety,0.2139261744966443,0.1931818181818181,0.0,0.0,0.0,0.0,0.0102511125238397,0.2115384615384615,0.7627847013321875,0.4875,0.2916666666666666,0.0384615384615384,0.0576923076923076,0.0769230769230769,0.0288461538461538,0.0,0.0,0.0,1
34066.0,"Yay. A new thing to worry about. Tonight while taking a drink I swallowed wrong &amp; am convinced I aspirated some into my lungs. Spent the last 15 minutes Googling &amp; am now worried I will end up with aspiration pneumonia. 
It is always something. Always.",Anxiety,0.2105704697986577,0.1704545454545454,0.0,0.0,0.0,0.0,0.0122320038327943,0.1521739130434782,0.888268156424581,0.4420454545454545,0.3803030303030303,0.0434782608695652,0.1521739130434782,0.0434782608695652,0.0,0.0,0.0,0.0,1
34070.0,"Chest Hey guys i hope everyone is well! This weekend i had slight chest pain and difficulty breathing aswell as a stuffy blocked nose. It was after hours so my local GP (doctors surgery) was closed, meaning the next best thing was the ER..i heard about this deadly flu going around and got my ass straight to the ER as soon as i started feeling this. They did heart monitoring and blood sample as well as a chest x ray and said everything was clear and that it must just be an infection. I was prescribed amoxicillin (500mg) 4 a day, spread out evenly. I feel better in the sense that my chest isnt as breathless and my nose isnt as stuffy and im generally perkier but the chest pain is still there and im worried about it. What if its fluid in my lung or pneumonia? Its just bizarre that my flu-like symptoms have essentially gone in the past 40 hours after 2 days on antibiotics yet i still feel this uncomfortable, worrying chest! Any advice?",Anxiety,0.7860738255033557,0.6666666666666667,0.0,0.0,0.0,0.0,0.0111729778524847,0.2655367231638418,0.6689707414070637,0.5302777777777777,0.3333333333333333,0.0,0.0677966101694915,0.096045197740113,0.0254237288135593,0.0,0.0,0.0,1
34078.0,"Possible Ear Infection? So my left ear is a bit red and itchy, it also feels like it’s burning and it’s tender to touch in certain places, especially just before the inside of the ear and behind the ear like the rounded bit on the outside.

I think it might be my earphones that have caused the problem so I’ve stopped using them for a couple days.

I’m not sure if this is something I should go to the doctor about or not. I know ear infections and stuff don’t really need treated but I wasn’t sure if I should just wait it out or go see a doctor about it.",Anxiety,0.4588926174496644,0.4166666666666667,0.0,0.0,0.0292682926829268,0.0,0.0100172486536122,0.2702702702702703,0.6666163370073984,0.5132142857142857,0.5299206349206349,0.0,0.081081081081081,0.036036036036036,0.027027027027027,0.0,0.0,0.0,1
34082.0,How do you guys manage fever? Please let me know urgent. Thanks!,Anxiety,0.046979865771812,0.0416666666666666,0.0,0.0,0.0,0.0,0.011421028466483,0.0,1.0,0.625,0.2,0.0,0.0,0.0,0.0,0.0,0.0,0.0,1
34090.0,"Flu Fear! Oh boy. It's DEFINITELY that time of the year. The time of year to search all over the internet for articles on flu statistics and reading through the sad cases of people who were killed by it, and subsequently, sending yourself into a spiral of anxiety when you remember the fact that you did not get your flu shot this year.

I've never gotten the flu. I haven't gotten the shot in a few years too, I believe. My doctor asked me if I wanted it a few months ago, but I foolishly said no at the time because I was in a rush to leave. Boy, do I regret it now.
I go back to college in about 2 weeks, and I am stressed. I suppose it's not too late to go get it, but that doesn't quell my anxiety over the fact it's only 10% effective anyway. Jeez.

TLDR; I'm afraid I'm going to be one of those rare cases of someone dying of the flu. I need to stop reading. 
I'm hoping for some solidarity here. Does anyone else have this fear, especially considering this season is supposedly very bad?",Anxiety,0.825503355704698,0.7348484848484849,0.0,0.0,0.0,0.0,0.0103040898495443,0.2564102564102564,0.6520842286205415,0.4282142857142857,0.5583333333333335,0.0,0.0512820512820512,0.0666666666666666,0.0384615384615384,0.0,0.0,0.0,1
34093.0,"Marfan Syndrome and Ibuprofen Why is it not recommended for people with that diagnosis to take ibuprofen?

I did a google search but it only directed me to blogs...",Anxiety,0.1300335570469799,0.106060606060606,0.0,0.0,0.0,0.032258064516129,0.0122423292485988,0.3448275862068966,0.9291080716624928,0.5,1.0,0.0,0.0689655172413793,0.0689655172413793,0.0517241379310344,0.0,0.0,0.0,1
34096.0,"terrified of the flu! 2018 flu deaths have me panicking All of the news lately shows someone new dying from the flu this year... I didn't get a flu shot. I'm in the Midwest, and the only deaths reported thus far have been the elderly around here but in California and other places people my age (mid-twenties) are dying left and right!

how concerning is this? are these fluke accidents or do I need to be worried? what can I do to prevent the flu??? :(",Anxiety,0.3724832214765101,0.3219696969696969,0.0,0.0,0.0,0.064516129032258,0.0109071689409955,0.2790697674418604,0.7609458230479408,0.4636566558441558,0.6206574675324675,0.0,0.0813953488372093,0.0465116279069767,0.0523255813953488,0.0,0.0,0.0,1
34098.0,"Brown line under fingernail Okay so I have been freaking myself out here lately. I have this light brown line on my fingernail that showed up in August. Along with that, I got these horizontal bumps that keep growing with my nail. I buff them out but they come back. I didn’t think anything of it until recently when I noticed it wasn’t going away. 
I’m scared I have subungual melanoma. 
Btw, I’m a 20 year old female. Also, I don’t remember injuring my nail at all.. 
I don’t have health insurance and I’m a broke college student working a part time job so I don’t exactly have the funds to see a doctor. 
I just need some reassurance or would like to hear from others who have had similar issues.",Anxiety,0.5763422818791947,0.4924242424242424,0.0,0.0,0.0390243902439024,0.0,0.0110639707273989,0.1603053435114503,0.7410550556526931,0.5527777777777778,0.3407407407407407,0.0,0.0763358778625954,0.0687022900763358,0.0229007633587786,0.0,0.0,0.0,1
34099.0,"How easy is it to catch the flu? My dad has it and i've been trying to avoid him (ended up using the same toothpaste he did so i'm already freaking out). I have a relatively strong immune system but i'm still very paranoid because I know it's contagious. Any other tips besides drinking a lot of water, which i've been doing all day.",Anxiety,0.2726510067114094,0.2386363636363636,0.0,0.0,0.0,0.0,0.010739497245179,0.171875,0.8715083798882681,0.5941666666666666,0.4733333333333334,0.0,0.09375,0.09375,0.0234375,0.0,0.0,0.0,1
34103.0,"I am avoidant I have been having muscle spasms and back pain for a little under a year. I have massive anxiety about doctors and phone calls and the health care in my region is not very good. I have been putting off going to the doc for a while and I have developed a rib hump on one side and rib torsion on the other. I have scoliosis; I know I do. But going to the doctor and having them tell me I need surgery, or won't get better scares me too much to handle. 

I don't really know why I am posting this. I guess it is nice to get off my chest. Some days it makes me very sad. The fact that I am a hypochondriac makes it scarier that something really is wrong with me. I'm always in pain by the end of the day. I wish I was healthy more than anything. I wish I could carry things and wear push up bras and sleep in car seats comfortably. But I can't.",Anxiety,0.7080536912751678,0.6666666666666667,0.0,0.0,0.0,0.0,0.0093636674915565,0.2485875706214689,0.6050879020294795,0.5422756410256411,0.5491025641025641,0.0225988700564971,0.0508474576271186,0.0621468926553672,0.0169491525423728,0.0,0.0,0.0,1
34107.0,"Deep scratch from unvaccinated cat Hey, so last night I got a deep scratch from a cat on my thumb. It was bleeding quite a bit until I cleaned it up and bandaged it.

The cat was born to a stray mother at my friend's parents store and was adopted by my friend as a kitten. It hasn't been vaccinated and is about 6 months-1 year old. My friend and his family have been scratched quite a bit by the cat as well (but not as of late). It's a house cat and rarely ever leaves the house.

I keep looking up various diseases I could be exposed too (cat scratch disease, rabies, etc). The wound itself looks fine thankfully (been over 12hrs). Should I be worried about anything? Any symptoms I should look out for? I want to ease my mind and stop worrying but I can't seem to..",Anxiety,0.636744966442953,0.5643939393939394,0.0,0.0,0.0,0.0,0.0103994490358126,0.2533333333333333,0.6642085661080075,0.5322916666666667,0.4458333333333333,0.0,0.0733333333333333,0.08,0.03,0.0,0.0,0.0,1
34110.0,"How to convince yourself that you are healthy? Over the course of 5 years, I have had 3 EKG done, 3 blood checks, 1 xray of my chest and lungs, 1 echo of my heart, a stress test and a 24h monitor of my heart. 
Everything is fine. I'm fit. 
 
Why can't I convince myself of these things when I feel sensations? Why do I keep suspecting my chest pains and palpitations to be a more serious heart problem? I read books about anxiety, follow therapy but all that rational help just disappears instantly in the face of a panic attack. 
 
How do you guys deal with it? Please comment your ways or experiences, I am truely lost and slipping further down here.",Anxiety,0.5343959731543624,0.4621212121212121,0.0,0.0,0.0,0.0,0.010854106474949,0.2113821138211382,0.7492846436844257,0.5788888888888889,0.4772222222222221,0.016260162601626,0.024390243902439,0.0975609756097561,0.024390243902439,0.0,0.0,0.0,1
34115.0,"I definitely need this group! It's almost debilitating... I find bulging veins and I think they are blood clots, I feel a lump and automatically think it's cancer, I have chest pain and think it's a heart attack, I have diarrhea and think it's bowl cancer, headache and it's a tumor... The list goes on! And on top of that, it creates insane panic attacks that make it all so much worse. My legs shake, my stomach hurts, I always feel pain wherever I assume there's something wrong, my vision gets blurry, I hyperventilate and feel faint... I don't know what to do! 

Even when I hear of something like water intoxication, I immediately start getting nervous that I drank too much water. When I hear sitting can cause blood clots, I immediately get extremely worried that I have been sitting too much... Even hearing about broken bones or something like that, I get anxious about doing anything! 

I'm glad I came across this. I was about to post in the Health forum about what to do about some of my issues. Haha.",Anxiety,0.8406040268456376,0.6893939393939394,0.0,0.0,0.0,0.1290322580645161,0.0117926658537686,0.1584699453551912,0.6124187196629728,0.4322115384615385,0.6615384615384616,0.0109289617486338,0.0601092896174863,0.0546448087431694,0.040983606557377,0.0,0.0,0.0,1
34121.0,"Lung Cancer teenage What are the chances for a teenager to have lung cancer from smoking 4 years?

I am worried a ton since I had this blood in phlegm twice (once in a snot), 4 days ago, small amount, which led me to think that I have lung cancer. 
During that period I had a cough, fever, throat ache and irritation and runny nose. I do have sinus problems. 

Now, 4 days later, not smoking, I dont have a cough, fever, or anything listed above neither I noticed any blood anywhere anymore. I function normally, go outside, have more stamina, etc.",Anxiety,0.4496644295302013,0.3825757575757575,0.0,0.0,0.0,0.0,0.0111678280127477,0.1862745098039215,0.7077445503341001,0.5208333333333334,0.175,0.0392156862745098,0.0686274509803921,0.0196078431372549,0.0,0.0,0.0,0.0,1
34122.0,"Seeing floaters when I walk into a dark room. Am I going blind? This is a new onset for me. As for everyone, it takes a few minutes to get used to being in a dark room, but lately I see floaters while my eyes adjust. Is this normal? I'm nearing my 30's so I don't know if this is just a normal part of me getting older or if I'm going blind. 

My dad lost his eyesight due to diabetes (I am not diabetic), so it makes me worry a little. My husband assures me this is normal.",Anxiety,0.3892617449664429,0.3712121212121212,0.0,0.0,0.0,0.0,0.0092209978573614,0.2525252525252525,0.6885051633654986,0.4477127039627039,0.4958624708624709,0.0,0.0707070707070707,0.0707070707070707,0.0151515151515151,0.0,0.0,0.0,1
34123.0,Appendicitis? Since I woke up this morning I've had this strange pain on the right side of my stomach slightly below my belly button. I feel it more when I walk. I'm freaking out that it's my appendix but I also worked yesterday so maybe it's just me being sore from that. I'm mainly venting here so I don't work myself up into a panic. I guess I'll try to forget it for now and see how I feel in a few hours,Anxiety,0.3355704697986577,0.3106060606060606,0.0,0.0,0.0,0.0,0.0097372962926084,0.180722891566265,0.8018442485023894,0.5446428571428571,0.2976190476190476,0.0,0.0602409638554216,0.0963855421686747,0.0542168674698795,0.0,0.0,0.0,1
34124.0,"Lyme Disease / MS? Like many of us I am scared to have Lyme disease or MS. I've had a facial paralysis for about a month. For a period I convinced myself that I'm healthy and that it was only a bell's palsy, but lately I've been thinking it's Lyme because I'm always superexhausted when waking up and I'm tired after walking stairs, and have neurological symptoms like weakness on one side on left side of the body, also lyme can cause facial paralysis so I keep thinking about it. I've had a blood test and EMG that were fine (except something to do with allergies in my blood). Should I be worried?",Anxiety,0.4966442953020133,0.4242424242424242,0.0,0.0,0.0,0.0,0.011083278480704,0.247787610619469,0.7089039402778464,0.5398148148148149,0.4222222222222222,0.0,0.079646017699115,0.0707964601769911,0.0265486725663716,0.0,0.0,0.0,1
34133.0,"Am i going to die? So i drink two or three meal replacement shakes a day, four packages of top ramen and sometimes something else if my roommate makes it. I sleep from 8am to 1130am almost everyday. I work from 12 pm till 8:30 at my first job and 10pm to 7am my second job. I have Sundays off though...",Anxiety,0.2466442953020134,0.2272727272727273,0.0,0.0,0.0,0.032258064516129,0.0098733233979135,0.180327868852459,0.8314863998534665,0.56875,0.3583333333333333,0.0327868852459016,0.0327868852459016,0.0655737704918032,0.0,0.0,0.0,0.0,1
34142.0,"Real and fake feelings. I been dealing with anxiety for a lot of years now and i'm better than before, but the thing that always freaks me out is the doubt if the pain i'm having fake and created by the anxiety or real. I always think in mind my that it's the first option because of experience but in my mind there's always the doubt. How do you resolve this problem ? because my current mindset isn't helping me.",Anxiety,0.3406040268456375,0.2992424242424242,0.0,0.0,0.0,0.0,0.0106318870523415,0.275,0.7301675977653632,0.5107142857142857,0.5476190476190476,0.025,0.0625,0.0875,0.0,0.0,0.0,0.0,1
34144.0,Sort of blurriness and hard to focus on screen after finals? Is this a symptom of stress? I feel very dizzy but only when I sit and think about it on the computer or something.,Anxiety,0.1409395973154362,0.1287878787878787,0.0,0.0,0.0,0.0,0.0101829988193624,0.3714285714285714,0.8825219473264165,0.4847222222222222,0.6138888888888888,0.0,0.0,0.0857142857142857,0.0428571428571428,0.0,0.0,0.0,1
34145.0,"Sore inside mouth that won't go away I have had a strong sore on the lower right part of my mouth/gums for 6 days now. I experience intense pain when I brush my teeth. I have been pretty good about health anxiety the past year, but now I'm starting to get nervous because the pain will not go away. I can't see anything different physically, but it really hurts a lot. I made the mistake of googling aaand now I'm paranoid I have mouth cancer or something. It doesnt help that I have a bad habit of chewing the skin inside my mouth.",Anxiety,0.4395973154362416,0.3863636363636363,0.0,0.0,0.0,0.0,0.0105880071678836,0.1844660194174757,0.7006020502250908,0.5508658008658008,0.5298701298701298,0.0,0.0388349514563106,0.0679611650485436,0.0145631067961165,0.0,0.0,0.0,1
34151.0,"Question about bone cracks So I've been going to the gym weekly now and I've noticed this for the first time but my right shoulder seems to crack alot and I mean if I do those shoulder rolls it cracks, when I bench press my shoulders would crack really loud and sometimes there's pain inside my shoulder? I'm guessing where my shoulder bones connect to my arm, it doesn't really hurt on a regular basis in my life only when I do heavy lifting using my shoulder. The cracks are loud and my friends usually get surprised about how loud my shoulder can crack, I've been debating to try to reach out to a chiropractor friend of mine but just curious to see if anyone else has experienced this! Im also pretty skinny , below average weight if that could be a factor. Thanksny help",Anxiety,0.6434563758389261,0.5454545454545455,0.0,0.0,0.0,0.0,0.011197397169184,0.1862068965517241,0.7022539009824696,0.5429129464285715,0.6364669184981686,0.0137931034482758,0.0551724137931034,0.1310344827586207,0.0517241379310344,0.0,0.0,0.0,1
34153.0,"The worry of a pulomnary embolism is ruining my life!! Edit: Darn...I should have spellchecked my title. 

I'm a 21 year old college student with GAD. In october, I stood up after class and had a weird pain in my right calf. It went on everyday for over a month in total and I became convinced I had a blood clot. I went to the ER twice and got negative results on the blood clot tests. Still, I couldn't reconcicle this. I kept having random chest pains, shoulder pains, palpitations, etc. It might have just been anxiety idk. But the daily pain went away around late october. 

Just this past week, the exact pain started up again in the exact same spot. I am getting anxious and having the same chest symptoms. I really hope this is all just my anxiety but I don't know. It feels so real. My october doctors appts and ER visits cost SO much money. I want to go to the ER again but they thought I was crazy last time and I can't put my family in more debt. So I don't know what to do. But I truly feel like I am having a pulmonary embolism and dying. Anyone else have similar issues? I can't focus and I am terrified.",Anxiety,0.9286912751677852,0.8181818181818182,0.0,0.0,0.0,0.032258064516129,0.0104781582054309,0.2027649769585253,0.606827485003733,0.4792207792207792,0.416017316017316,0.0,0.0368663594470046,0.0921658986175115,0.0276497695852534,0.0,0.0,0.0,1
34154.0,"What symptom did you have that you thought was a sign of something terrible, but just ended up going away? I have more than I can count.

1) A headache (albeit mild) that lasted for a month. A MONTH. I mean, what else could that have been other than a brain tumor? Well, that was ten years ago. Headache went away and there's no brain tumor!

2) A persistent twitching in my eyelid and facial cheek that I thought was a sign of some terrible neurological disease. It went away. Occasionally it comes back and then goes away again. 

3) Tingling in my hands and thighs for several months that I thought for sure was a sign of MS. It just kind of went away over time. (About 8 years ago). 

4) Noticing countless little red ""dots"" all over my body after reading that they were a sign of a type of Leukemia. Was convinced for 6 months that I had leukemia. I even started ""cataloging"" all instances of my red dots in a spreadsheet so I could keep track of which ones were new. 

There's a ton more, but what were your symptoms of imminent death that just kind of fizzled out?",Anxiety,0.8850671140939598,0.7651515151515151,0.0,0.0,0.0,0.0,0.0108174218675786,0.2610837438423645,0.5746484299749566,0.5136174242424243,0.4415467171717172,0.0,0.064039408866995,0.064039408866995,0.0073891625615763,0.0,0.0,0.0,1
34158.0,"Appendix or IBS Lately my anxiety has been super high for multiple reasons. But I’ve also been experiencing some unpleasant physical symptoms that I’m not sure are related to anxiety or not. 

Every time after I eat, a little snack or big meal, I get horrible stomach pain (cramping) and I have to go to the bathroom. Then the rest of the day I have dull pain in my abdomen area. 

My previous doctor suggested I may have IBS but didn’t officially diagnose me. 

Could that explain all the pain/discomfort? 

I’m always worried it’s my appendix and that I’ll die, every little pain in that area worries me.",Anxiety,0.4949664429530201,0.4053030303030303,0.0,0.0,0.0292682926829268,0.0,0.0118674114886236,0.2037037037037037,0.6954272708462653,0.4092857142857143,0.4967913832199547,0.0,0.037037037037037,0.1203703703703703,0.0277777777777777,0.0,0.0,0.0,1
34159.0,"Anxiety and dry mouth My boyfriend suffers from anxiety and depression. A year ago he completely lost his sense of taste and developed severe dry mouth. It has affected his appetite and mood. We have tried different medicines and also gone off of medicine to try and deal with this. Been to neurologist , ent doctor, GI doctor (he does have GERD) None of the professionals can say what caused this or when it will end. Has anyone else experienced this?",Anxiety,0.3724832214765101,0.303030303030303,0.0,0.0,0.0,0.0,0.0120268339965309,0.2345679012345679,0.8223325746603214,0.5190476190476191,0.5857142857142856,0.0,0.0617283950617283,0.1111111111111111,0.0185185185185185,0.0,0.0,0.0,1
34163.0,"brain-eating amoeba??? long story, but i got a septum piercing, and it requires that i clean out my nose with soap and water. i've been using the tap for a couple of days to rinse my nose out, but i realized that i could pose a risk to amoebas in the water. i live in new york, and since it's january i know it's not very likely, but i'm still in a LOT of fear that i've sealed my doom. i'm positive that it hasn't gotten up my sinuses, but can it travel up my nose?",Anxiety,0.3842281879194631,0.3598484848484848,0.0,0.0,0.0,0.032258064516129,0.0095199150596877,0.2604166666666667,0.6466480446927374,0.5680555555555555,0.5615384615384615,0.0,0.0416666666666666,0.0729166666666666,0.0,0.0,0.0,0.0,1
34172.0,"Burning feeling in throat/cold sore For the past few days i’ve noticed I had a cold sore (white) in the back/top of my throat. Now just in the past few minutes i’ve started to feel a very strong burning sensation in my throat. Not sure if its related or not, but its really freaking me out. Could it be due to acid?",Anxiety,0.2575503355704698,0.231060606060606,0.0,0.0,0.0097560975609756,0.0,0.0103194703634586,0.2580645161290322,0.7513065417192287,0.4494696969696969,0.4106565656565656,0.032258064516129,0.1129032258064516,0.064516129032258,0.0241935483870967,0.0,0.0,0.0,1
34173.0,"Appreciate the trigger So we have this patch of yard that’s just covered in leafs and overgrowth. Me and the neighbor agree to clear the patch on his land and mine. He’s cutting and burning for 2 days before I get a chance to go help. I start clearing my land. Removing leafs, burning them, cutting down growth and burning mine. Day 2 a family friend comes to help and says oh my gosh have you been burning this poison ivy/sumacs?! I look confused because there’s nothing with leaf of 3 and so on. The friend goes on and on about how burning it can infect your lungs and it’s highly dangerous. Well me and the neighbor have been burning it for days now. 

So of course I’m googling symptoms of poisoning in the lungs from ivy/sumac. And I don’t know if I’m making up symptoms or my throat just hurts from the smoke in general. 

**Edit/Update**
Called dr on demand for video chat about what to watch for and so on. Breathing problems. Told me to take antihistamines and keep some handy. I did but anxiety is still peaking pretty hard",Anxiety,0.8565436241610738,0.7234848484848485,0.0,0.0,0.0341463414634146,0.0,0.0112416781450872,0.265625,0.6305865921787709,0.4156944444444444,0.701388888888889,0.0,0.0989583333333333,0.0416666666666666,0.015625,0.0,0.0,0.0,1
34174.0,"Sick, need help! I am 16 years old, a little bit overweight, I dont know if I have type 2 diabetes or not since as soon as I got sick I felt symptoms. I cannot eat much as all I am going for is Jello. Is there any alternatives to eating, tips for getting better, etc.",Anxiety,0.2172818791946308,0.2083333333333333,0.0,0.0,0.0,0.0,0.0092483274301456,0.1785714285714285,0.7980845969672785,0.4171130952380952,0.5190476190476191,0.0,0.0535714285714285,0.0178571428571428,0.0,0.0,0.0,0.0,1
34176.0,"Anybody else feel this way? It scares me how there is just a ridiculously large amount of small things that you could do without knowing that you shouldnt, and a large amount of things that could happen to you and its like fuck the human body is just so fragile and I worry that my immense future potential is going to be FUCKED by something stupid like this. About every month something feels wrong with me and I freak out. Sometimes it is just something normal that I wasnt previously aware of, but now that I am aware of it I feel like something wrong

My psychological speculation is that perhaps I was coddled to much when I was younger so now I just have a poor sense of safety.

Anybody in the same boat?",Anxiety,0.5880872483221476,0.5075757575757576,0.0,0.0,0.0,0.0,0.010878991939598,0.2814814814814815,0.5964411338713015,0.4482993197278911,0.4884353741496598,0.0148148148148148,0.0592592592592592,0.0962962962962963,0.0222222222222222,0.0,0.0,0.0,1
34179.0,"I don't know where to post this, so 16 y/o male, sufferer of health anxiety and such 

For a very, very long time, I've had the habit of pacing around, whether it be riding in circles on a bike or just walking up and down. However, I strain my jaw when doing this, like opening it as wide as possible. I'm not sure why but it helps me visualise things better, and I'm worried that there's something wrong with me for doing so 

It's very hard to explain but I just get the urge to stand up and pace like that, so I'm just confused 


Apologies if this is the wrong place to post this",Anxiety,0.4765100671140939,0.4318181818181818,0.0,0.0,0.0,0.0,0.0100461133069828,0.2695652173913043,0.7139664804469275,0.4229282407407407,0.6168287037037038,0.0,0.0782608695652174,0.0434782608695652,0.0,0.0,0.0,0.0,1
34181.0,Scared of getting flu It’s so prevalent right now and every day I read about someone dying from it. Especially young and otherwise healthy individuals. I also commute to work by subway and work in a 40+ floor office bldg. I keep thinking when I’m on the train that someone around me has it or that someone in the elevator has it.,Anxiety,0.2692953020134228,0.231060606060606,0.0,0.0,0.0097560975609756,0.0,0.0110970407891229,0.2741935483870967,0.8010452333753829,0.6642857142857143,0.611904761904762,0.0,0.064516129032258,0.0967741935483871,0.0241935483870967,0.0,0.0,0.0,1
34182.0,"Rattle/wheezing in lungs, dry cough, and no other symptoms What could this be? For the past week I’ve had an almost constant rattle/wheeze when I breath. I have a non productive cough, and no other symptoms. I was expecting it to turn into a could, but it hasn’t. I don’t have a fever and I feel fine other than this annoying, persistent rattle and cough. I feel like the rattling gets worse in the evenings when I’m relaxing and when I try to sleep, but it could just be that I’m paying more attention to it then, as I’m not distracted by work.",Anxiety,0.4505033557046979,0.3863636363636363,0.0,0.0,0.0292682926829268,0.0,0.0110226269758485,0.2815533980582524,0.6706622552475999,0.47,0.4808333333333333,0.0194174757281553,0.058252427184466,0.029126213592233,0.0,0.0,0.0,0.0,1
34186.0,"I lost my Dad two years ago and now my Health Anxiety is at its worst... I’ve always been a ""worrier"" my mum says, but in the 2 years since my Dad died suddenly from a heart attack i have had debilitating Health Anxiety. I’ve been on 2 different anti depressants/anti anxiety tablets and will feel perfect and then come off them after 6 months, feel really good for a while and stable for a few months and then in a matter of 5 mins of feeling something weird happening in my body I spiral into a deep anxious state and the panic attacks start again. This past week I’ve convinced myself I have a brain tumor, meningitis, deep vein thrombosis, pulmonary embolism, you name it. It is exhausting and I am just so over it. I miss my carefree, worry free life :( and my dad :(",Anxiety,0.6409395973154363,0.5568181818181819,0.0,0.0,0.0146341463414634,0.032258064516129,0.01075403916313,0.2094594594594594,0.6874528159444361,0.4333333333333333,0.6766666666666669,0.0,0.0472972972972973,0.1013513513513513,0.0202702702702702,0.0,0.0,0.0,1
34187.0,"Should I be worried about my nose? Hey guys, so on Saturday evening my boyfriend accidentally head butted me right in the nose pretty hard. Leaving aside the dumbness of the situation, it hurt like a motherfucker and it even made a crickly noise when the impact ensued. My head hurt all night and the next day.

Fortunately there was no bleeding, but it's tuesday and my nose still feels pretty uncomfortable. I'm way too aware of it too, so I constantly notice the pressure my glasses put on my nose and every time i rub my nose a little harder, it hurts :( 

Should I go to a doctor? Could something be broken in there even tho there was no bleeding? I'd like to know I can stop worrying about it if it's no big deal",Anxiety,0.5931208053691275,0.5151515151515151,0.0,0.0,0.0,0.0,0.0107654179485632,0.2262773722627737,0.6473514659707214,0.4716624149659864,0.5257653061224489,0.0,0.0437956204379562,0.1386861313868613,0.0437956204379562,0.0,0.0,0.0,1
34190.0,"I am a 30 year old female and just did a sperometer today They said i have the lung of a 76 year old. I have never smoked a day in my life and second hand smoke i tried to not be around. I am 5'4 and 200lbs but trying to drop more weight. They think i might also have hyperthyroidism. I am more worried that i might have something severe with breathing. Never had asthma. I try to exercise but i end up feeling like i am gonna pass out. 
They were suppose to call me today but no word yet. I am just worried i am gonna die too young like my mom did....who had a myriad of health problems.

Sorry for any errors I'm on mobile.",Anxiety,0.5159395973154363,0.4848484848484848,0.0,0.0,0.0,0.032258064516129,0.0094256518675123,0.1705426356589147,0.6414187345719111,0.55,0.3708333333333333,0.0,0.0542635658914728,0.0852713178294573,0.0,0.0,0.0,0.0,1
34191.0,"Does anyone ever read something about cancer and get scared? So I’ve had like a larger swollen node on my neck like right by my jaw on the side for like 3 years this April, showed my doc longggg time ago. It hurts when I think about it or feel it. I have another smaller one on my head and the same spot in my neck on the left. I get really obsessive when it even gets a little bigger, like it is now because I’ve been having some throat normal winter stuff going on. I told my therapist a long time ago and they never got bigger I never had symptoms but they showed up years ago when I had a bad cold. Also, I think they’d show up from physicals that I’ve had over the years? Since I had blood work done etc. I just read some post where a girl had lymphoma that they didn’t even catch from a biopsy and my heart literally dropped it scared me that much. But she also had more nodes showing up. This stuff scares me so much and I can’t talk to friends about it because they just don’t understand. It’s been 3 years I think I’m fine, I mean swollen nodes seem really common actually. I just need someone to tell me I’m okay and reassure me cause hypochondria is a bitch",Anxiety,0.9731543624161074,0.8787878787878788,0.0,0.0,0.048780487804878,0.0,0.0100453422244292,0.1802575107296137,0.5897091615316374,0.5071995464852608,0.4411848072562358,0.0,0.03862660944206,0.0772532188841201,0.01931330472103,0.0,0.0,0.0,1
34196.0,"Getting a lot of trapped wind over the last few weeks My diet hasn't changed at all so I doubt it's intolerance. There isn't any blood in my stool and I have no issues in going to the toilet. 

Any ideas on what's going on?",Anxiety,0.1786912751677852,0.1666666666666666,0.0,0.0,0.0,0.0,0.0097566574839302,0.2222222222222222,0.8629422718808194,0.4458333333333333,0.0416666666666666,0.0,0.1111111111111111,0.0888888888888888,0.0,0.0,0.0,0.0,1
34202.0,"Fear of TIA To preface this I have a long history with hypochondria, I have for years and it was getting better but recently it's been worse. I haven't had the outbursts I used to have but I guess that's because I keep it to myself 

Basically after walking home today I sat down and watched my laptop on my bed as I usually do, and my mum called, but when speaking to her it felt like I couldn't get the right word out, constantly mixing up my words and such, and she was asking basic questions about the day 

Of course this lead to google and then the whole ""mini-stroke"" and it's just scary honestly. I didn't have any muscle weakness but I have a mild tension headache now (pretty sure it was brought on by the stress) 

I'm 16 if that helps. I know I'm making something out of probably nothing but that's just me",Anxiety,0.674496644295302,0.5909090909090909,0.0,0.0,0.0,0.0,0.0106003579512554,0.2420382165605095,0.672632815001957,0.541046626984127,0.5294890873015873,0.0127388535031847,0.0700636942675159,0.1019108280254777,0.0477707006369426,0.0,0.0,0.0,1
34203.0,Convinced myself I have a peritonsillar abscess and will need surgery to remove tonsils because I won’t be able to get it drained. I have a sore throat. It’s only on one side. There a white line in my throat on that side and it feels swollen. I know I’m like 90% probably not this but it’s scaring the hell out of me. I hate being such a hypochondriac.,Anxiety,0.2885906040268456,0.2575757575757575,0.0,0.0,0.0195121951219512,0.0,0.0103854753064239,0.2608695652173913,0.8063314711359405,0.47,0.605,0.0,0.0579710144927536,0.0579710144927536,0.0434782608695652,0.0,0.0,0.0,1
34204.0,Parasites from Africa (Bilharzia) I've always had health anxiety and now I'm a little freaked out after it turns out I have tested positive for Bilharzia after swimming in Africa a few years ago. It says it can potentially damage bladder and genitals...my doctors don't seem to know much about it and aren't too worried. Are there tests that can see if there is any damage such as scarring to male genital tract? I know there are tests for the bladder but not sure if it is worth getting all this checked out now that the parasite is gone,Anxiety,0.4446308724832215,0.3712121212121212,0.0,0.0,0.0,0.032258064516129,0.0115166819712274,0.2727272727272727,0.7092714858077986,0.5049873737373738,0.4371492704826039,0.0,0.0606060606060606,0.0505050505050505,0.0151515151515151,0.0,0.0,0.0,1
34205.0,"Something getting an infection obsession?? I have multiple piercings, and every time I get a new one they become infected, I think, I have a very bad problem with picking at EVERYTHING including skin, hair, face, nails and especially piercings, I’m constantly obsessing over them and stress they’re coming with infection 24/7
Then after I got my belly done. 
I got an actual infection, the top hole is red and yellow/white oozes out if I press it, I’m so stressed and have been caring for it like it’s new, salt water and soaks ect.

Tw self harm:

I have been self harming for years but it has now gotten worse to the point I’m scarring and they can see fat in most cuts, because of my picking problem this has become so high stress as I don’t want to get an infection and I constantly have to check them to make sure they’re not going sour, I think my left leg has multiple that are going bad but I can’t trust my own judgement and I’m going crazy trying to inspect everything every second",Anxiety,0.8221476510067114,0.6931818181818182,0.0,0.0,0.0439024390243902,0.0,0.0112775482093663,0.1902173913043478,0.6368715083798883,0.4902892561983471,0.4289990817263545,0.0434782608695652,0.0978260869565217,0.0815217391304347,0.0326086956521739,0.0,0.0,0.0,1
34209.0,Pain in front of neck? Thyroid? Cancer? I’m legitimately freaking out. I have no health insurance and won’t for a couple months and I woke up this morning and noticed it hurt to bend my neck upwards. And I pressed where your thyroid is. Where I would have an Adam’s apple if I were a guy and it hurt so bad. It’s extremely tender and sore and every position I can feel it. Almost like it’s tight. I can’t tell if there’s a lump or anything but the pain scares me. It really is sore and like a 6 on pain scale. Everything I’ve read is saying get it checked it out and could be cancerous. I don’t know what to do or what to think. Haven’t had a health scare in over a year and now I can’t even function.,Anxiety,0.5813758389261745,0.5303030303030303,0.0,0.0,0.0536585365853658,0.0,0.0099129593810444,0.2695035460992908,0.6865168984508102,0.3995535714285714,0.5380952380952381,0.0141843971631205,0.0567375886524822,0.0425531914893617,0.0319148936170212,0.0,0.0,0.0,1
34218.0,"180 on Health Concerns For a few months I had headaches several times a day and thought nothing of it. I mentioned it in passing to my husband who insisted I go to a doctor. Long story short, I was diagnosed with a pituitary tumor. Very easy treatment and no major concerns with it. 

The twist is the medicine I take for it has a side effect of increasing anxiety. For me this has manifested into Health Anxieties and 99.9% of the time at night when I’m trying to sleep. I’ll feel a pain in my leg or think I have an elevated heart rate or, or, or, etc. 

I hate that I’ve gone 180 from being so passive to now fearful or obsessive. Has anyone else had a diagnosis trigger their anxiety?",Anxiety,0.5671140939597316,0.5,0.0,0.0,0.0146341463414634,0.0,0.0105040493796474,0.2932330827067669,0.7140336875708825,0.4113802083333333,0.5249999999999999,0.0150375939849624,0.075187969924812,0.0601503759398496,0.0,0.0,0.0,0.0,1
34222.0,"Woken by leg cramp - DVT? I'm a really anxious person and once something goes wrong I instantly think of all the worst things it could be and start to freak out.

Not too long ago, I was suddenly awoken by a severe cramp in my right calf. I've got it stuck in my head that it could be DVT. My legs arent swollen, red, or discolored. The pain was pretty intense but only lasted a few moments or so (less than a minute)

Does the pain usually last longer and not go away? It's still sore and hard to walk on, but not nearly as bad as when I woke.


Also I have severe panic attacks at doctors, lol. Which is a good combo with the worries of always dying.",Anxiety,0.5369127516778524,0.4924242424242424,0.0,0.0,0.0,0.0,0.0098285071394023,0.2748091603053435,0.748901872148066,0.5035383597883598,0.5968915343915343,0.0,0.015267175572519,0.0916030534351145,0.0687022900763358,0.0,0.0,0.0,1
34224.0,"So my fears have been confirmed. Wednesday I went camping and ended up sleeping in 30 degree weather, was ill prepared to say the least. Ended up getting 2 hours of sleep while shivering the entire time. So Thursday night I suddenly came down with the chills and a brutal headache. Yesterday I went to urgent care and there they confirmed I have the flu type A virus and a 102 fever—as a hypochondriac this immediately kicked in my catastrophic thinking and always fearing the worst. They gave me Tamiflu which cost a pretty penny. Today I feel like dogshit—aches, pains, coughing but my fever has seemed to drop. But I’ve been sleeping like shit no more than 5 a night (don’t ya need to sleep to get rid of this?)

I’m an extremely healthy person so being out of commission like this is literal hell lol. 

Is anyone else dealing with the flu? Any tips? Also I’m going to be couch ridden while the misses is working, so casual convo is welcomed.",Anxiety,0.7843959731543624,0.6515151515151515,0.0,0.0,0.0292682926829268,0.0,0.0115587031640631,0.2312138728323699,0.6969677398521006,0.4523148148148148,0.7453703703703703,0.0115606936416184,0.1040462427745664,0.1098265895953757,0.0260115606936416,0.0,0.0,0.0,1
34230.0,"Anyone else’s chest “hurt” while making unhealthy food? I was making some Mac and cheese for dinner tonight (absolutely delicious, but a very once in a while kind of meal). It’s just pasta covered with what is essentially 100% butter, milk, and cheese. That’s it. I was pouring it into the baking dish and I felt discomfort in my chest. I notice this a lot when surrounded by unhealthy food. It’s not so much after I eat it, more before and during. 

Anyone else get this?

(Background: 19, M, 185-190lbs, 6’3”, currently bulking, have has chest discomfort and have gotten two echocardiograms, and multiple EKGs with nothing apparently wrong)",Anxiety,0.5293624161073825,0.4090909090909091,0.0,0.0,0.0390243902439024,0.0,0.0129874643010589,0.2018348623853211,0.7925272922966532,0.5545454545454546,0.5363636363636364,0.0,0.0642201834862385,0.0825688073394495,0.055045871559633,0.0,0.0,0.0,1
34233.0,"Something that’s helped me. I’ve realized that the human body is just fucking weird. It twitches and gives you weird feelings. It might randomly hurt in one spot. So if you experience something weird, it’s probably your body just being its weird self.",Anxiety,0.2038590604026845,0.1590909090909091,0.0,0.0,0.0146341463414634,0.0,0.0129492600422832,0.1627906976744186,0.8565674938287644,0.2916666666666666,0.7666666666666666,0.0,0.1395348837209302,0.0930232558139534,0.0697674418604651,0.0,0.0,0.0,1
34237.0,"How do you stop fuzzing? My friend is as healthy as can be, but eversince I started really knowing him there's been something wrong. He'd go to the doctor, clear up whatever condition he thought he had and then he'll go home and start googling every single aspect of his bodily functions. (For example: ""Smelling burning wood"" - then he thinks obviously something is wrong with his nose now??) Until eventually he discovers some other condition he may have. Then he stresses it until a doctor clears it up again and then repeat. He would sit for hours up at night reading symptoms, and unfortunately that is not exaggeration.

He's never fine, never normal, never healthy in his mind. And as much as it annoys me, its worrisome. Because there's no helping a person that always thinks that he knows better.

I'm looking for someone who can advise him on how you coped or even escaped this state of mind. But any advice would be appreciated.

Thanks.",Anxiety,0.7860738255033557,0.6287878787878788,0.0,0.0,0.0,0.0,0.0122750367034525,0.1976047904191616,0.7168567892148664,0.4903011204481792,0.4542717086834734,0.0239520958083832,0.0718562874251497,0.0658682634730539,0.0449101796407185,0.0,0.0,0.0,1
34243.0,"Left Ear Tingling / Side of face numb?? My left ear sometimes (mainly when I'm going to bed) gets this weird tingling sensation, followed by the sensation spreading to the whole left side of my face?? It's weird and doesn't hurt but definitely stands out. I don't have many other health issues aside from mental health such as anxiety / OCD / depression. Is this just another weird side effect that can happen that nobody told me about before??? 

It's kinda freaking me out lol",Anxiety,0.3926174496644295,0.3181818181818182,0.0,0.0,0.0,0.032258064516129,0.0120928536703937,0.1764705882352941,0.7702267499178442,0.4780555555555555,0.5005555555555555,0.0235294117647058,0.0705882352941176,0.1058823529411764,0.0352941176470588,0.0,0.0,0.0,1
34247.0,"Tested a VR headset (for phone, Bobo Z4) &amp; before I could adjust settings to get rid of incorrect settings (the screen was double), I felt my left eye sting and after that, weird sensations in my eye areas and in my head/brain... kinda electrical and spasm-like, worried Health anxiety sucks - it sucks more when its symptoms overlap with the symptoms of physical conditions.

But the symptoms described in the title above were a little... odd. Epilepsy-concerns emerge, perhaps mild, but still leaving me concerned. Could it just be something that had to do with my eyes needing to adjust, or the settings not being correct and thus messing me up for a bit, or should I be worried about epilepsy/photosensitivity? I figured I'd ask around to see if it is a sound concern... no access to a doctor right now unfortunately, gotta wait til tomorrow.",Anxiety,0.7055369127516778,0.5530303030303031,0.0,0.0,0.0,0.0967741935483871,0.0126801409268941,0.2517006802721088,0.7342758332383233,0.4844600340136054,0.3948979591836735,0.0,0.0748299319727891,0.0476190476190476,0.0,0.0,0.0,0.0,1
34248.0,"Worried about having diabetes? The past couple of months I’ve been worrying about diabetes, I’ve lost 10 pounds without any change to diet or exercise and I also have frequent urination to the point where I go at least 5 times a night and several more times during the day even when there’s not much liquid in my bladder. I also have been having some lack of energy. Can this all be chalked up to my extreme anxiety ? I’m thinking about getting a blood glucose meter to test for myself but I’m terrified. Any advice/opinions ?",Anxiety,0.4345637583892617,0.3636363636363636,0.0,0.0,0.024390243902439,0.0,0.0114772372270029,0.1958762886597938,0.766860565570466,0.4875,0.3785714285714286,0.0206185567010309,0.0824742268041237,0.0721649484536082,0.0,0.0,0.0,0.0,1
34250.0,"Muscle twitching/Spasms since Christmas I got sick for a week pretty bad in November and then around Christmas time (pretty sure it was the flu). Ever since then I get random twitching and spasms in my muscle all over my body (not at the same time). Some days I have it, some days I don’t. I went to a neurologist 2 weeks ago and said it wasn’t MS or ALS. I plan on going to my primary soon but wtf could this be? Anyone ever experience something like this? I’m a 30 year old male.",Anxiety,0.3968120805369127,0.3560606060606061,0.0,0.0,0.0146341463414634,0.0,0.0102399594026388,0.2105263157894736,0.7619523669508967,0.4584415584415584,0.6216089466089466,0.0,0.031578947368421,0.0736842105263157,0.0,0.0,0.0,0.0,1
34251.0,"Fear of exercise and moving/exerting myself Hi. I have had many issues with fatigue in the past, and they were really terrifying. I've come to develop some kind of PTSD with exercise and exertions.. A few weeks ago I just went to grab some groceries and the exertion from carrying the weight had me suffering in the evening with widespread body pains and an intense fatigue that signalled there was something wrong with my body. In any case, I came down with a cough after that so my doctor said I could be coming down with a cold or something, and if exertions make me tired I shouldn't exercise and I should rest. 

It's been 2 weeks, I still don't know when it's safe to start moving because I'm still coughing slightly and seem to be coming down with sore throat. I'm terrified of exercising because of my past. Yet, I'm so sedentary these days that I'm not comfortable with it either. It's mad unhealthy to not move much. I'm anguished.",Anxiety,0.7810402684563759,0.6439393939393939,0.0,0.0,0.0,0.0,0.0116979201907431,0.2690058479532163,0.6513443758371721,0.4195175438596491,0.5701754385964911,0.0116959064327485,0.0760233918128654,0.0643274853801169,0.0175438596491228,0.0,0.0,0.0,1
34254.0,"Keflex side effects, worried about allergic reaction So yesterday I was prescribed Keflex (Cipro) for a UTI. Felt ok the first couple doses but I noticed on the 3rd dose I felt kind of light headed and fuzzy. Took my 4th dose around 10 and about an hour ago got up from the couch and was really dizzy. It seems like it’s a bit better now, I’m not dizzy while sitting anymore. But I googled and started freaking out, some sites say dizziness is a common side effect and some say severe dizziness can be a sign of an allergic reaction. So I started freaking out even more and now I feel like my throat is closing up. I can drink water though, and breathe, so I’m hoping that part is just my anxiety making everything worse. I’m going to call the doctors office in the morning to see if I can have a different antibiotic, but of course it’s the middle of the night. Any advice or reassurance would be appreciated....",Anxiety,0.7592281879194631,0.6477272727272727,0.0,0.0,0.024390243902439,0.032258064516129,0.0110673329489397,0.2383720930232558,0.6713005066909186,0.5942307692307692,0.4179487179487179,0.0116279069767441,0.0930232558139534,0.0581395348837209,0.0087209302325581,0.0,0.0,0.0,1
34256.0,"Back pain on and off? Hi, people! I'm worried about a pain in my middle back that comes and goes almost every week. It's a weird pain, specifically located in the left side of my back. It isn't an horrible pain, but it's really annoying sometimes. Sometimes when I lay down the pain gets better, but it's noticeable when i'm sitting or standing 
I don't know if it's something related to my posture, spine, nerves... But I'm really worried that could be something related to my stomach (like an ulcer) or my pancreas... I don't have any other symptoms, but my anxious mind thinks the worst. Like I said, the pain comes and goes and it usually starts at night (in the morning the pain doesn't exists at all). Anyone has something to say? I'm not asking for medical advice, just some kind words.",Anxiety,0.6577181208053692,0.5416666666666666,0.0,0.0,0.0,0.064516129032258,0.0117319023569023,0.2152777777777778,0.6502172563625077,0.4268274853801169,0.4323099415204678,0.0,0.0902777777777777,0.0972222222222222,0.0416666666666666,0.0,0.0,0.0,1
34257.0,"Forgetfulness, should i be concerned? I’m a rather healthy 19yo minus needing some weight loss, and i woke up this morning not remembering how I fell asleep at all. I’ve been struggling with sleep issues this past week due to a different work schedule catching me off guard. Today I can recall certain things from the past three days, but nothing too specific. As in conversations mainly. it’s kind of concerning as I’ve never had memory issues really bad, nothing like forgetting a lot of the day before. 

I did find out how I fell asleep after finding my controller beside me where i was watching YouTube before I fell asleep.",Anxiety,0.5192953020134228,0.4166666666666667,0.0,0.0,0.0195121951219512,0.0,0.0122508872508872,0.1711711711711711,0.796265539282299,0.5222402597402598,0.4761904761904763,0.0,0.0990990990990991,0.054054054054054,0.0135135135135135,0.0,0.0,0.0,1
34259.0,"Blood Tests Hey y’all,
First time poster, so be kind :) 

I have had health anxiety for a long time. I’m currently a 24 year old female with lots of manageable chronic issues. This requires a lot of blood tests.

Every time I have to get one, I get really freaked out to the point of causing fights with loved ones and raising my blood pressure with constant anxiety attacks. I’m afraid I may pass or during blood tests, and passing out is one of my biggest fears. Hearing about how it’s really not harmful and I’ll be fine once I wake up is unhelpful. It’s a trigger for me.

And here’s the thing: I have never passed out, only gotten slightly woozy. Every time it’s better than I imagine it being. 

Can someone give me some advice on how to prevent the slow spiral?",Anxiety,0.6325503355704698,0.5454545454545455,0.0,0.0,0.0390243902439024,0.0,0.0108886672366296,0.2137931034482758,0.7093430938162204,0.5602941176470588,0.4941176470588235,0.0,0.0551724137931034,0.0896551724137931,0.0517241379310344,0.0,0.0,0.0,1
34260.0,Should I be worried about hickeys? Hi I’m already anxious about some things but now I’m really anxious because I got a few hickeys last night and one of them is really long and runs for about 2-3 inches down my neck. I read an article about two people who died from a blood clot that came from a hickey and I’m worried that because this one is so long that will happen to me too. They seem so innocent like just bruises but I’m freaking out. Does anyone know anything or should I be worried,Anxiety,0.4043624161073825,0.3598484848484848,0.0,0.0,0.0195121951219512,0.0,0.0103807966023875,0.21875,0.7001862197392924,0.4715277777777777,0.4944444444444444,0.0,0.0625,0.0625,0.03125,0.0,0.0,0.0,1
34262.0,"Swam at public pool with contacts I was fine swimming around but when I went home, it occurred to me that swimming with contacts in for 2.5 hours in a crowded public pool is maybe a bad idea. Internet confirms this... 

 I've been back for a couple of hours and scared I'll go blind or something now... I took my lenses out and rinsed my eyes out with tap water... 

How long until I know if I've got an infection?... Eh...",Anxiety,0.3439597315436241,0.303030303030303,0.0,0.0,0.0,0.1612903225806451,0.0105814032581709,0.2592592592592592,0.771570453134699,0.4404761904761904,0.338095238095238,0.0,0.0864197530864197,0.0246913580246913,0.0,0.0,0.0,0.0,1
34264.0,"The news is giving me anxiety, can anyone relate? (popular journalist dies of a heart attack after some random stomach pain) TRIGGER WARNING. Stop reading if you get easily triggered.
So this poor journalist lady who's very popular in my country died of a heart attack few days ago and the news went crazy. Of course it triggered me anxiety, as always when I hear of someone else dying. She was 50 and from what I heard she was a healthy and active woman ( this makes me even more anxious knowing that no matter how healthy you try to be you still can get a heart attack) . Apparently, she was having a heavy stomach ache and went to doc. She stayed hospitalised and suffered a heart attack during endoscopy procedure. They say that maybe there was smth wrong with the anaesthesia, Weird bc it's one of the best private clinics there. So is stomach ache a symptom of heart attack or she died because of anesthesia negligence?. It's worth mentioning that her father's a doctor and she knew a lot about medicine and she didn't seem concerned during her stay",Anxiety,0.8783557046979865,0.7234848484848485,0.0,0.0,0.0,0.0,0.0117079889807162,0.2447916666666666,0.6573556797020483,0.5363157894736842,0.6030701754385965,0.0,0.0729166666666666,0.0677083333333333,0.0078125,0.0,0.0,0.0,1
34265.0,"Is it just me, or does merely learning about the body trigger some anxiety? I've just started taking a general biology class at uni. My professor is a microbiologist, so he knows a lot about infectious diseases and virus. He's somewhat informal, so he often goes on tangents about various diseases he's familiar with. It always scares the crap out of me! 


Even learning about the physiology of the human body triggers my anxiety. My thoughts do, ""that sounds extremely important, and also delicate. If something goes wrong with this process, I'm screwed."" Does anyone else experience this?",Anxiety,0.4865771812080537,0.3674242424242424,0.0,0.0,0.0,0.0,0.0134648900882667,0.2040816326530612,0.7587504275453197,0.4180555555555555,0.6333333333333333,0.0,0.0510204081632653,0.1020408163265306,0.0306122448979591,0.0,0.0,0.0,1
34266.0,"Terrified about continuing to go to a chiropractor I've had neck pain and stiffness for months and after an MRI and EMG found nothing like herniated discs or tumors, I tried PT and only got worse with periodic lightheadness and nausea.

I'm so desperate for relief that I started going to a chiropractor, which I've always been skeptical of as a profession. The chiropractor said x-rays show my spine is very rigid and doesn't bend like it should when I look straight up, so he thinks my cervical joints are the problem. 

My neck feels worse two days later after he used a ""chiropractic activator"" on my cervical spine (no twisting or cracking, it's a kinetic energy thing that looks like a glue gun). I'm terrified of getting a dissection of the arteries in my neck and having a stroke. But the medical literature shows that cervical dissections are rare, and my family and friends who have had benefits from chiros are encouraging me to see through a few more sessions.",Anxiety,0.8062080536912751,0.6439393939393939,0.0,0.0,0.0,0.0,0.0123020475891289,0.2748538011695906,0.6814008951615538,0.4625,0.4916666666666666,0.0116959064327485,0.0818713450292397,0.087719298245614,0.0175438596491228,0.0,0.0,0.0,1
34267.0,"I feel like my health anxiety is turning into depression Can anyone relate? I feel like my HA is much better than it used to be, but now I just feel emotionally depressed. Perhaps this just means I’m being more honest and acknowledging my emotions rather than channeling everything into health symptoms and fears?",Anxiety,0.2558724832214765,0.2007575757575757,0.0,0.0,0.0048780487804878,0.0,0.0127920620344862,0.1296296296296296,0.7525346575625905,0.7,0.6375,0.037037037037037,0.1111111111111111,0.0925925925925925,0.0277777777777777,0.0,0.0,0.0,1
34271.0,Hypersensitivity I don’t have full blown health anxiety and assume I have terminal illnesses BUT I have a specific fear of being sick and especially the stomach virus. Because of this I’m HYPEr sensitive to EVERY feeling I feel in my stomach or throat and then it causes anxiety. It’s lkke a never ending cycle!! Does anyone else get this,Anxiety,0.2768456375838926,0.2234848484848485,0.0,0.0,0.0146341463414634,0.0,0.012224517906336,0.2333333333333333,0.8115456238361266,0.4791964285714286,0.6864285714285714,0.0,0.05,0.1,0.025,0.0,0.0,0.0,1
34282.0,Return of anxiety after periods of well being/healthy lifestyle. I'm starting to see a pattern in which different HA develops for me and how it always seems to happen after a short period of little to no anxiety(typically after resolution of previous anxiety) OR after you start making healthy choices. When I start running or working out I feel at my best but that also comes with me being hyper-aware of my surroundings. I'm beginning to think that it is this self consciousness and overly attachment that I have developed and reinforced over the years which has led to this becoming a persistent problem. I have a consistent HA of rabies and hence I'm super aware of all the potential causes that could transmit the virus to me. As you all know by now that this attitude is more destructive than defensive. It has gone to the point that I've started reading scientific literature in hopes of finding the best treatment for my anxiety rather than the health issues. Has anybody noticed similar spikes in their anxiety?,Anxiety,0.848993288590604,0.6666666666666667,0.0,0.0,0.0,0.0,0.0126320991112978,0.3050847457627119,0.6515481488495408,0.6008578431372549,0.446078431372549,0.0338983050847457,0.0790960451977401,0.0677966101694915,0.0169491525423728,0.0,0.0,0.0,1
34287.0,"Today I’m launching The Dark Wing Project to help people who are struggling with anxiety I've been working on a website where people can describe their experience with anxiety through storytelling, poetry, and art. I hope a vast range of collected experiences will provide insight, inspiration, and understanding. If your interested in telling your story, or hearing from others who struggle with anxiety visit https://adarkmothlands.com. 
“A dark moth lands and on its wings a mask of death embitters dreams”",Anxiety,0.4035234899328859,0.2954545454545454,0.2,0.0,0.0146341463414634,0.0,0.0141271750880496,0.240506329113924,0.8178346651580511,0.49375,0.575,0.0,0.1012658227848101,0.050632911392405,0.0,0.0,0.0,0.0,1
34293.0,"HELP: Do I have Toe Nail Fungus? https://www.dropbox.com/s/o2vmiq0r8copo39/Toenail%20fungus%3F.jpg?dl=0 in the picture in the link below, you'll see that I have a white streak on my toenail, and I've felt a tingling feeling in that toe. However, the feeling did go away. I also sprayed a bunch of bleach when I was cleaning my bathtub last night. Any chance this feeling is just the symptom of bleach possibly getting into my toenails, or is this actually a symptom of toenail fungus?

https://www.dropbox.com/s/o2vmiq0r8copo39/Toenail%20fungus%3F.jpg?dl=0",Anxiety,0.3548657718120805,0.303030303030303,0.4,0.0,0.0,0.0,0.0111340679522497,0.2962962962962963,0.6827367404648595,0.5,0.2916666666666667,0.0,0.0864197530864197,0.074074074074074,0.037037037037037,0.0,0.0,0.0,1
34295.0,"I’m worried sick about melanoma Three years ago when I was twelve I had a blue speck on my heel. I remember thinking if I stepped on a marker or not. So one day (I don’t know how much later it was) I saw my foot and it was now bigger and now brown. I touched it and it peeled off. It left a little hole with normal skin underneath and healed up fine. This petrified me. It hasn’t happen again. I told some adults and they reassured me all was okay. Well I’m still horrified about it and I have been subtly for those three years. I really have never had anxiety this bad. I’m so so scared I don’t know what to do. I’m 16 now and practically hopeless to my situation, i can’t drive or pay for medical fees so i have to beg my parents to take me to the doctors. I feel hopeless and scared for my future. Please, please help me.",Anxiety,0.6845637583892618,0.6287878787878788,0.0,0.0,0.0390243902439024,0.0,0.0097800267234126,0.2215568862275449,0.6245274813501489,0.4761267006802721,0.3642006802721088,0.0,0.0658682634730539,0.0838323353293413,0.0269461077844311,0.0,0.0,0.0,1
34296.0,"Can't stop worrying of the flu/pneumonia? Every time I wake up in the middle of the night, it feels like I'm in a nightmare where a world exists that little kids and children are randomly dying of the flu. It breaks me heart and of course since i have this bad sore throat and coughs I'm convinced I have pneumonia now. Does anyone else have this problem of taking what other people have and making it yours? It'd just scare to think since everyone gets the flu so it'd not like it's rare or anything, that's the scariest part. Anyway I'm going to try to close my eyes and pretend I'm in a different place",Anxiety,0.5008389261744967,0.4318181818181818,0.0,0.0,0.0,0.0,0.0109144807761408,0.2869565217391304,0.7050279329608938,0.4133928571428572,0.5059523809523809,0.0,0.0521739130434782,0.0434782608695652,0.0130434782608695,0.0,0.0,0.0,1
34300.0,Swollen glands for months I've had swollen glands under my jaw for months on end coming close to a year and it's worrying me. I've been ill a few times this year Chet infections and colds so this could be why but I don't know why they won't go down,Anxiety,0.2013422818791946,0.1856060606060606,0.0,0.0,0.0,0.0,0.0099173553719008,0.22,0.794413407821229,0.3574074074074074,0.462962962962963,0.0,0.04,0.08,0.0,0.0,0.0,0.0,1
34302.0,"Having flu. Body aches. I have the flu (i think), coughing, sore throat, headache - i don't care about that stuff, as long its just flu, but one symptoms of flu is body aches. I have body aches just normally which I can get stressed over, but now they are stronger. And the worst part is that the other symptoms of flu has mostly passed 1 day ago but I still have the body aches... damn. Which makes my brain think that the body aches might not be flu etc, you get the drift.. I don't know what i want, maybe see if someone can relate.. but yeah just wanted to write it down


edit: the pains are mostly in the abdomen area and sides. that's always the places i get aches.",Anxiety,0.5553691275167785,0.4962121212121212,0.0,0.0,0.0,0.032258064516129,0.01027318640955,0.1893939393939394,0.6495683087861859,0.4871031746031746,0.5305555555555556,0.0,0.0303030303030303,0.0833333333333333,0.034090909090909,0.0,0.0,0.0,1
34303.0,"Did I tear my knee ligament again or am I making it up? Right ,so a year and a half ago,maybe two years ago,I tore my right knee ligament while playing an sport,and after half a year I recovered fully and eventually starting being active again. Then I tore it again last summer,and once again got out of rehab a few months after , however one evening when I was standing up I felt the same sudden pop and pain I felt last time....I tore it again. I'm now done with my third round of therapy,and I thought everything was fine ,but just now , I had to move quickly and then I felt a sudden pinching pain. It's not quite the pain I've felt before but I can't see it as a dumb coincidence. Of course this could also be the case that I just strained it and things will get better as the day progresses and I move more but idk :/

It should also be noted that I'm overweight by 40 pounds,18 years old",Anxiety,0.7424496644295302,0.6666666666666667,0.0,0.0,0.0,0.032258064516129,0.0101613204463743,0.2203389830508474,0.6283180254395101,0.5221371882086168,0.3601473922902495,0.0225988700564971,0.0621468926553672,0.0451977401129943,0.0254237288135593,0.0,0.0,0.0,1
34310.0,"How were you diagnosed with HA? Does Medication help? Just wondering how you guys were diagnosed with HA, and if you were prescribed any medication that helped with your symptoms, I’ve been told I’m suffering from anxiety but haven’t been diagnosed yet",Anxiety,0.2046979865771812,0.1553030303030303,0.0,0.0,0.0146341463414634,0.0,0.013511740784468,0.2142857142857142,0.7307794626230381,0.5,0.0,0.0952380952380952,0.1666666666666666,0.0476190476190476,0.0,0.0,0.0,0.0,1
34311.0,"Testicular cancer About a year ago I noticed a lump on top of my testicle. Two urologist vists later. I was told he's 99% sure it's appendicitis of the teste because there's no blood flow it the lump. My concern is that it's cancer because that testicle is larger and thicker then my other and it occasionally becomes very sore after masterbation, thoughts?

Edit: it should also be noted I'm 18 years old",Anxiety,0.3322147651006711,0.2727272727272727,0.0,0.0,0.0,0.0,0.011873089550549,0.2465753424657534,0.8028621718833703,0.5734375,0.3611111111111111,0.0,0.0273972602739726,0.0684931506849315,0.0205479452054794,0.0,0.0,0.0,1
34313.0,"What are ypur favorite natural ways ways of taking care of a cold? I've been been dealing with allergies/congestion on and off since fall. But a few days ago I've been dealing with a shitty cold. I'm dealing with a sore throat, sinus and chest congestion, sternum pain, head pressure, sneezing ect. I'm scared of taking cold medication because I once had a bad reaction from Sudafed. I'm looking for some effective natural remedies that can lessen my symptoms. 
*sorry for typo in title",Anxiety,0.4001677852348993,0.3143939393939394,0.0,0.0,0.0,0.0,0.0126918536009445,0.238095238095238,0.7552540569300346,0.405,0.7366666666666667,0.0714285714285714,0.0952380952380952,0.0595238095238095,0.0,0.0,0.0,0.0,1
34315.0,"Is this “Anxiety”? I’ve never considered myself an anxious person.
Starting probably last week, I’ve had a strange urge/feeling to breath deep, as if to catch my breath. It’s like the feeling of turning the water on cold in the shower. Once I take that deep breath, it goes away for a bit, then usually comes back until I do it again. Yawning makes it go away as well. 

It’s weird, it feels like I am now consciously thinking about breathing (which I have never really done before). Sometimes feels like my throat is tight, and sometimes this whole thing even makes me lightheaded.

I’ve been the the doc, had an EKG, Chest X-ray, all checks out ok. Curious if I am experiencing anxiety? Is this a symptom? Any help would be appreciated!!",Anxiety,0.610738255033557,0.5,0.0,0.0,0.0341463414634146,0.0,0.0118503904389071,0.2330827067669172,0.7372201453354056,0.4730567226890756,0.4324929971988795,0.0,0.075187969924812,0.0676691729323308,0.0451127819548872,0.0,0.0,0.0,1
34327.0,"Worried sick. So. I have had health anxiety very bad since I was a kid. Around 22 years of dealing with this since my dad died out of the blue from a heart attack when I was almost 8. 

It ranges from cancer to HIV to ALS and everything in between it seems like. 

So. On Friday last week. I noticed that I had a lymph node under my jaw on my right side that is swollen. So swollen to the point it's visible to me and other people. 

Last night I went to the ER because I was freaking out so bad. They told me I had strep throat and the flu and that's what was causing it. But, I really have symptoms of neither. Other than a few red streaks on my throat I can see with a flashlight. No sore throat, no fever, no cough. 

Should I just trust the doctor? I really just need some calming down here. I trusted him for like 30 mins and then went back to the whole ""well, what if they got it wrong or got my tests mixed up with someone else's thing that I do a lot. I am at my wits end right now.",Anxiety,0.8179530201342282,0.7765151515151515,0.0,0.0,0.0,0.0,0.0092172831581481,0.2427184466019417,0.640722460270109,0.4405680868838764,0.3570593149540518,0.0,0.0631067961165048,0.0631067961165048,0.0145631067961165,0.0,0.0,0.0,1
34329.0,"Health anxiety for other people After a lifetime of obsessing over my own symptoms (currently “have” colon cancer and/or ovarian cancer, btw), I’m now completely convinced my husband has head and neck cancer. He has been clearing his throat more than usual and is in a risk group for that particular cancer. He’s 37 and otherwise healthy so he’s not dashing off to the doctor, but I now have a strong anxiety response *every time he clears his throat* and I’m making myself and him a nervous wreck. Like, I KNOW he has it, and am envisioning how the entire narrative will play out. What horrible thoughts! 

This is the first I’ve dealt with the hell of health anxiety for other people. I didn’t think it was possible to have any LESS control :(",Anxiety,0.6166107382550335,0.5037878787878788,0.0,0.0,0.0390243902439024,0.0,0.0118878746762057,0.2164179104477611,0.7468523305261402,0.5041666666666667,0.5557291666666666,0.0,0.044776119402985,0.0895522388059701,0.0223880597014925,0.0,0.0,0.0,1
34331.0,"Blood test anxiety I just had my blood taken for my upcoming physical. I am worried sick about going in to have the physical and finding out if my blood work found something. I feel like I would just crumble into a heap. Just thinking I might have something wrong is so frightening to me!! I’ve had health anxiety for many years and it seems to get worse as time goes on. If it was maybe one appointment a year I might be able to deal with it but it’s seeing the gp every six months, gynecologist, dentist, mammogram, etc. I’m at my wits end with worry and just want to cancel.",Anxiety,0.4773489932885906,0.4204545454545454,0.0,0.0,0.0146341463414634,0.0,0.0105396497441951,0.2232142857142857,0.7246608140462889,0.4127790178571429,0.5959821428571428,0.0178571428571428,0.0714285714285714,0.0982142857142857,0.0,0.0,0.0,0.0,1
34333.0,"Anyone else scared of the flu and frustrated with the advice to ""protect yourself"" by washing your hands? So scared of flu. I'm so tired of these articles on protecting yourself from the flu. What scared me is that sometimes you have to be aorund other people and you can't help it. I got the flu because I was on the subway and a lady coughed in my face, it was a crowded car. I couldn't get away. Washing my hands won't do shit. I am so scared to leave the house because the flu is deadly. And people will infect me.",Anxiety,0.4278523489932886,0.3825757575757575,0.0,0.0,0.0,0.0,0.010290066439799,0.3137254901960784,0.6674334538284588,0.3375,0.495,0.0,0.1078431372549019,0.0490196078431372,0.0,0.0,0.0,0.0,1
34338.0,"Scared I have mouth cancer, at 19. Background, so I've been out at college since August, been to a couple of parties, and took up smoking, why, because it looks cool. There I admit it. I would say I've been smoking since around Octber or November. I smoke maybe half a pack every other weekend, if that. Maybe have one or two on the side, here and there, but I wouldn't consider myself a smoker. I've noticed a sore in my mouth, it's all white, doesn't look harmful. I think it's a canker sore, as I've been drinking coffee like hell these past couple of weeks, sometimes without regard for how hot it is. Is it possible to get mouth cancer after smoking maybe two or three packs of smokes in total in my life, or am I just freaking out over a little blister? Thanks for the help.",Anxiety,0.6476510067114094,0.5606060606060607,0.0,0.0,0.0,0.0,0.010818218795644,0.2147651006711409,0.710247084848712,0.5035416666666667,0.4741666666666667,0.0,0.0402684563758389,0.0335570469798657,0.0,0.0,0.0,0.0,1
34349.0,"Lump in breast...? Help? A few days ago I discovered that there's a firm, oval-shaped lump (?) on the side of my right breast. It's smooth and I kind of have to press firmly to feel it. There's no pain, only if I press it, it kind of feels like when you have a bruise and you press on the bruised area lightly. So, not quite pain, just kind of like a dull feeling.

There are no other symptoms.

Should I go to the doctor just to be safe?
And in the event that it is serious, how long can I afford to wait before seeing a doctor?

I'm only 19, and I know breast cancer in young people is pretty rare, but I can't stop worrying that I might be in that unlucky tiny minority.

I'm posting this because I know little on the subject. I know that breast lumps are treated like a big deal, yet logically I know it doesn't seem likely...",Anxiety,0.6862416107382551,0.6212121212121212,0.0,0.0,0.0,0.064516129032258,0.010027965606478,0.2787878787878788,0.6137464025732182,0.5423809523809524,0.5904285714285715,0.0,0.0424242424242424,0.0484848484848484,0.0363636363636363,0.0,0.0,0.0,1
34351.0,"I’m trying to open up and am requesting some general advice. I’m nearly 16 years old, healthy and a girl. I’ve never suffered from anything like depression etc. 

But recently my thoughts have been turning to horrible things. I get anxious about everything and everyday I’m battling with my mind to stay happy for the universe. I suffer bad when I’m ill from health anxiety because of my major fear of death. It’s just getting worse, I sit at night thinking ‘I don’t want to die’ and get really scared and nervous. And then I stress over school and negative thoughts overtake me. 

I struggle major when I’m ill, I can’t help myself but google my symptoms - it’s awful.

My parents don’t seem to get it, I tried opening up about my health anxiety and they just told me to get over it. It’s not as simple as that. And I’m scared to open up about everything else. Any advice?",Anxiety,0.7214765100671141,0.6060606060606061,0.0,0.0,0.073170731707317,0.0,0.0113550810191126,0.1677018633540372,0.6552274541101357,0.4291666666666667,0.603514739229025,0.0124223602484472,0.0869565217391304,0.1118012422360248,0.0279503105590062,0.0,0.0,0.0,1
34352.0,"All of my problems I have had a lot of traumatic events these past few years. Add to that I have always been a bit of a worrier.

On top of that, my doctor told me I could have fibromyalgia (too soon to tell). I also had a superficial blood clot in my leg recently and read online that these can be associated with deadly DVTs.

I am so worried about EVERYTHING. Ever single day I am stressed and nervous. I Google health and read about these things constantly.

I am not sure what I need. I guess I just want suggestions (if you have any) and support. I really lost it after the latest stressful event (death of a family member).",Anxiety,0.5192953020134228,0.4583333333333333,0.0,0.0,0.0,0.0,0.0104942871336313,0.1967213114754098,0.6966755197362395,0.5126984126984127,0.4114638447971781,0.0,0.0245901639344262,0.0737704918032786,0.0491803278688524,0.0,0.0,0.0,1
34368.0,"Can Health Anxiety pop up seemingly out of nowhere? Is it normal to have a massive/crippling health-related panic attack with no history of anxiety, and have Health Anxiety related symptoms occur daily after that? It's been four months and I just want some of your guy's stories to help reassure :)",Anxiety,0.2432885906040268,0.1893939393939394,0.0,0.0,0.0,0.0,0.0129571112191433,0.2156862745098039,0.8589111622302553,0.58125,0.5125,0.0,0.0588235294117647,0.1176470588235294,0.0588235294117647,0.0,0.0,0.0,1
34371.0,"I feel like I am okay I feel like I am okay in the sense that I feel stable when I think about my mental health as well as my emotional health. Physical health I am satisfied with even though I have slightly more fat than what I desire on my body. Regardless of these things I seem to be feeling well yet throughout some of my days in the week I feel anxious about something and I always get the feeling that it's regarding one of the three things I mentioned earlier (mental, emotional, and physical). 

More often than ever I feel like the problem might be anxiety. I'm not sure how to deal with it or what preventative measures I can take. I'd much rather read or listen to people who have been going through the same scenario as me than to approach a health councilor. 

Any sort of feedback on the things that I can do or maybe even some controversial practices I can try would be of great help.. hopefully


Thanks guys and gals! 


P.S. I feel like my anxiety is not on the level where I would need to start taking medicines for it. I would say that it is on a small level.",Anxiety,0.8917785234899329,0.787878787878788,0.0,0.0,0.0,0.0,0.010431083343219,0.2344497607655502,0.5721044612547113,0.58375,0.4999801587301588,0.0,0.0430622009569378,0.0861244019138756,0.0143540669856459,0.0,0.0,0.0,1
34374.0,"Last Saturday, I jumped over a fence, when I landed on my feet, my knee popped out of place. I’m scared I hurt it pretty bad. But I can’t go to the dr. Every day now, it’s been getting better. Every day I can bend it a little more. My parents said that it’s happened to them and that it takes a while to get better but it will. I’m wearing a brace and taking pain medicine and using ice/heat. Elevating it when I can. Even while sleeping. 


When it popped out of place, it started swelling up, and the swelling went away about 48 hours later. Now it’s still a sharp pain and often feels if it’s going to buckle when I walk too fast or the wrong way. I can’t fully bend it because it feels tight and like the muscles or tendons are twisting up. And the pretty bad sharp pain when I apply full pressure is on the middle of my knee. 

I’m just scared and I can’t afford the dr. We don’t have insurance.. I can’t be hurt now.. I have so much going on I can’t.. :(",Anxiety,0.7944630872483222,0.7272727272727273,0.0,0.0,0.0634146341463414,0.0,0.0098256469547096,0.238341968911917,0.5792398761108055,0.4864191729323308,0.549248120300752,0.0,0.0932642487046632,0.0673575129533678,0.0155440414507772,1.0,0.0,0.0,1
34375.0,"Scared of dying from the flu I just started working at Walgreens 3 days ago. I’ve successfully avoided the public since the flu epidemic for the last few months so jumping into a job where sick people come in all day nonstop has sent me to a whirlwind of anxiety. 

Last night my throat started itching and hurting but I just said it was from talking so much at my new job. 

24 hours later here I am with a cough, sore throat, and a fever of 100.2

I know it’s not strep because my tonsils are fine. I’m sure it’s the flu 

I’m delirious and having panic attacks because of feeling bad and being scared that I’m going to die. 

I don’t like taking medicine whatsoever and especially not cold and flu medicine because of how loopy it makes me feel. 

I’m so scared :(",Anxiety,0.62751677852349,0.5492424242424243,0.0,0.0,0.0390243902439024,0.0,0.0106230423789576,0.2328767123287671,0.6831713476697023,0.4976440226440226,0.509018759018759,0.0,0.1164383561643835,0.047945205479452,0.0205479452054794,0.0,0.0,0.0,1
34385.0,"Precum? So I had unprotected sex, she's on birth control but she only started 2 weeks ago, I pulled out but precum is a thing so am I fine, yes or no? I just freak out over this kindve stuff",Anxiety,0.1526845637583892,0.1477272727272727,0.0,0.0,0.0,0.0,0.009211432506887,0.125,0.8458100558659217,0.6041666666666666,0.75,0.0,0.1,0.025,0.0375,0.0,0.0,0.0,1
34388.0,"Worried about ovarian cancer Hello,

I’m new to this subreddit but deff not new to health anxiety. I’m 26, and 5 years ago my gyno basically diagnosed me with PCOS. My periods have been irregular for the better part of 5-6 years but lately have been regular...maybe a few days off. 

Well last month, my anxiety started to get really bad. I was having panic attacks daily and didn’t sleep well. A few days ago I started worrying that I have ovarian cancer bc I was bloated. It ended up subsiding but now my period is “due” (meaning this date range is when I usually get it) and I have lower back cramping, pelvic cramps, bloating but no bleeding. So basically I’m worried that it’s OC. I’m also thinking it could possibly be because of stress but I’m not sure

Any insight would be much appreciated.",Anxiety,0.660234899328859,0.5492424242424243,0.0,0.0,0.0439024390243902,0.032258064516129,0.0115428884108834,0.1712328767123287,0.6902119843881533,0.4581060606060606,0.3704208754208755,0.0,0.0821917808219178,0.0890410958904109,0.071917808219178,0.0,0.0,0.0,1
34390.0,"A hypochondriac's guide to health anxiety... Hello all!

Long time reader / first time poster in this here subreddit...I've been comforted by many of your stories and they've really helped me through the years with my own struggle. Because of this, I decided to write about (and share) my own story about how I overcame health anxiety. 

This can be found at the following link (my personal blog): 
http://www.kingofnowhere.co/blog/healthanxiety

Any comments / questions welcomed!

Stay strong. If I can do this. You can too. 

Rhys",Anxiety,0.4018456375838926,0.3181818181818182,0.2,0.0,0.0,0.064516129032258,0.0125384864689677,0.1764705882352941,0.8306933946763063,0.6407407407407407,0.5074074074074074,0.0,0.0470588235294117,0.1176470588235294,0.0176470588235294,0.0,0.0,0.0,1
34392.0,"Need some support this week! Hi friends! Long time reader, first time poster. I've suffered from health anxiety for a few years now, and I'm currently going through one of my worst bouts yet.

I'm getting a colonoscopy later this week because of some gastrointestinal issues (I'm in my 20s), and my doctor has assured me multiple times he is not expecting colorectal cancer based on my symptoms. However, it's all I can think about. I can't stop Googling my symptoms, finding people younger than me who were diagnosed with cancer, finding people with less symptoms than me finding out they had cancer, etc.

Just looking for any advice to get through the next few days. Sending so much love to everyone who has to live like this.",Anxiety,0.6031879194630873,0.4810606060606061,0.0,0.0,0.0,0.0,0.012353650137741,0.1640625,0.7831703910614525,0.4719114219114219,0.2692307692307693,0.0,0.109375,0.09375,0.01171875,0.0,0.0,0.0,1
34394.0,"Chewed tobacco over the weekend. Anxiety going crazy Kinda like the title says, but I chewed tobacco this weekend. I was with a friend on vacation and while drunk, I packed a few dips. I don't normally chew, and the total times I have done it in my life are in the single digits.

But I got a small canker sore from it, and it is driving my anxiety crazy thinking I have cancer. Lesson learned: Not worth doing it cause it will drive my anxiety crazy.",Anxiety,0.3708053691275167,0.3257575757575757,0.0,0.0,0.0,0.0,0.0106195180646591,0.264367816091954,0.6809863224812175,0.3589285714285714,0.5914285714285714,0.0229885057471264,0.0804597701149425,0.1149425287356321,0.0172413793103448,0.0,0.0,0.0,1
34396.0,"Tiny grain like feeling under foreskin 18 white male

No meds

Probably anxiety issues


So I've noticed that when I'm erect I can feel this tiny little bump thing on the tip of my penis head. I'm not circumcised and I feel like it's under the skin, like on my head. 

It doesn't really feel like a bump though, it almost like a grain, or like a gash or cut kinda feeling. It feels like it's almost inside the tip, I don't know.


I've felt it for about 2 weeks


I've looks up penile cancer and it's apparently super rare, so I don't know...",Anxiety,0.4395973154362416,0.3901515151515151,0.0,0.0,0.0,0.032258064516129,0.0104166666666666,0.1923076923076923,0.6639449935539321,0.5403645833333334,0.4208333333333333,0.0,0.0384615384615384,0.0769230769230769,0.0432692307692307,0.0,0.0,0.0,1
34399.0,"HEALTH ANXIETY SYMPTOMS Hi guys, they said I have health anxiety, but I can't believe them because the symptoms are very real. Sometimes, I don't know if this is really anxiety. I went to hospital a lot of times and they said they don't find anything aside from my tubercolosis. But my doctor said that my TB is just mild and I don't have cough so it's not a reason yet to give me shortness of breath. I also had three ECG's and it all came up normal.

It is really possible that you wIll just experience anxiety symptoms without any reason? Like I'm just playing computer and suddenly I can't breath. I worry most when I can't breath. YES! I can't breath. It's just suddenly. I;m not anxious about anything then suddenly I can't just breath. THANKS GUYS!",Anxiety,0.6258389261744967,0.5227272727272727,0.0,0.0,0.0,0.0,0.0114726400697623,0.1510791366906475,0.6228447409670028,0.5883333333333334,0.54,0.0,0.0215827338129496,0.1151079136690647,0.0431654676258992,0.0,0.0,0.0,1
34401.0,"Pain in my right side, started two days ago, has been getting a bit worse. I'm not really sure why it hurts, but I have been consuming nicotine and caffeine and has felt a bit bloated. Any ideas what it could be? The pain is on my lower right side and is kind of dull but is getting worse.",Anxiety,0.235738255033557,0.2196969696969697,0.0,0.0,0.0,0.0,0.0096944016435541,0.2372881355932203,0.7386611116371555,0.4878401360544218,0.6514739229024943,0.0,0.0677966101694915,0.0847457627118644,0.0254237288135593,0.0,0.0,0.0,1
34403.0,"Cervical cancer? Hi guys, I’m 18 years old and I have been noticing irregular periods and weird bloody discharge. I have no pain whatsoever, not during sexual intercourse or while urinating. I have an appointment to see a gyno but I’m really worried. Could this be cervical cancer or something else? (Also I’ve had a ultrasound done and everything was fine?? Can cervical cancer be detected through that?)",Anxiety,0.3330536912751677,0.2537878787878788,0.0,0.0,0.0146341463414634,0.0,0.0133284718846216,0.1911764705882352,0.8034834045349983,0.4930555555555555,0.6055555555555556,0.0294117647058823,0.0735294117647058,0.088235294117647,0.0220588235294117,0.0,0.0,0.0,1
34404.0,"Heart Attack No. 382837737 It sure is hard to convince yourself you don’t have heart problems when you feel all the symptoms of a heart attack (per Google). Chest pain, shoulder pains, arm pains, jaw pains. I know they’re due to my sleeping positions and constant jaw clenching but why, oh why, does anxiety mimic it so well??",Anxiety,0.2667785234899329,0.2159090909090909,0.0,0.0,0.0097560975609756,0.0,0.0121829581077229,0.1551724137931034,0.8404931612406088,0.5104166666666666,0.5347222222222222,0.0,0.0344827586206896,0.0344827586206896,0.0,0.0,0.0,0.0,1
34405.0,"I can't trust myself I have self DX-ed hypochondria, I've known I've had it for 4 years now.. The thing I struggle with the most is never being able to trust how I'm feeling. Every single symptom I feel, I panic.. ""is this a real symptom?"" ""is this just my anxiety?"" ""do I have anxiety because of my symptom or do I have the symptom because of my anxiety"" 

I feel like I'm going crazy, my family isnt supportive at all, a lot of the time I just need reassurence that I'll be okay, and yet all I get is sarcasm and jokes at my expense. 

I want to get better. I want to take medication but I cant force myself to take these pills. I'm too scared of the side effects. Scared I'll choke when taking the pill. I just want peace for once in my life.",Anxiety,0.6149328859060402,0.5568181818181819,0.0,0.0,0.0,0.0,0.01003276003276,0.2162162162162162,0.6249433791333232,0.6267857142857143,0.5674107142857143,0.0135135135135135,0.054054054054054,0.0675675675675675,0.0101351351351351,0.0,0.0,0.0,1
34406.0,"Lymphoma? About a year ago I been to the doctors and asked about these lumps I had it turned out that the doctor said It was cause due to sickness and lymph nodes. I been feeling it through the year and haven’t disappeared yet. Now I looked on the internet and YouTube and it told me that the three places that lymphoma usually occurs is neck, armpit, and near the groin that got me worried that I might have it and I don’t know what to do......",Anxiety,0.3666107382550335,0.3257575757575757,0.0,0.0,0.0097560975609756,0.032258064516129,0.0104216142617396,0.3448275862068966,0.6455403583124638,0.4541666666666666,0.3416666666666666,0.0,0.0689655172413793,0.0114942528735632,0.0172413793103448,0.0,0.0,0.0,1
34411.0,Something wrong with my ears My ears pop very easily for some reason. It started when I was 6. I always re-equalize when my ears pop by holding my nose closed and sucking in. I sometimes also hear a really loud noise in my left ear when I do this. I don’t know what the hell is wrong with me.,Anxiety,0.238255033557047,0.2234848484848485,0.0,0.0,0.0048780487804878,0.0,0.0095844811753902,0.1833333333333333,0.7430167597765363,0.4636111111111111,0.6166666666666666,0.0,0.0833333333333333,0.15,0.05,0.0,0.0,0.0,1
34412.0,"Difference between real symptoms and psychosomatic made symptoms? I ask this because I have been going through something extremely odd in the last year. All my medical tests suggest I am perfectly healthy but the symptoms I have been facing with are unlike anything I have experienced before. I am not just talking about your typical anxiety attack and heart palpitations but a constant state of bizarre sensations. My symptoms are:

* severe insomnia
* Constant irritability
* Confusion and brain fog (what I perceive as working memory issues)
* muscle spasms/jerks
* vision, hearing, and skin hypersensitivity

I am not looking for a diagnosis just understanding the line between a medical condition and something that is just anxiety.",Anxiety,0.6098993288590604,0.4469696969696969,0.0,0.0,0.0,0.0,0.0140663703497928,0.1680672268907563,0.6976667762076898,0.5712121212121213,0.343939393939394,0.0336134453781512,0.0840336134453781,0.1092436974789916,0.0252100840336134,0.0,0.0,0.0,1
34415.0,"Cat scratched behind my ear Hi all, life long health anxiety sufferer, history of as many as 45 ER visits in one year. Had it somewhat under control but the last 6 months I went thru a very hard time w my mental illness (CPTSD) and is flatingup again. 

Saturday my indoor cat scratched me pretty badly behind my ear (my fault, he hates being picked up). I made her mistake of reading online and found articles of people whose hearts have stopped and died from infected cat scratched. It’s now Friday and I spent the week completely distracted from my life . Today I was supposed to work a double shift but I was so distracted and anxious at work I just left and am now at emergency. I have no idea how long I’ll be here prob a long time. I feel like I’ve created most of mhm symptoms (fatigue - anxiety is exhausting, sore throat, I smoked a lot on the weekend. Chest pains- anxiety. ) I have no fever- just saw 36.9 . Feeling like maybe I should just leave and go back to work as I feel dumb being here but I’m too scared. Ughhh",Anxiety,0.8557046979865772,0.7537878787878788,0.0,0.0,0.0195121951219512,0.0,0.0104855371900826,0.175,0.6864804469273742,0.4683114035087719,0.424780701754386,0.0,0.075,0.09,0.015,0.0,0.0,0.0,1
34418.0,"Really worried about my kidneys. Any advice? I'm a 20 year old male, 5'7"", 130lbs. I got blood work done and it found my Ferritin to be high at 328 ug/L and B12 high at 658 pmol/L and high LDL cholesterol at 3.39 mmol/L. My eGFR is 88 with Creatinine at 105 umol/L and magnesium at 0.99 mmol/L. My urine came back negative for protein, blood and nitrite. A week later I had Ferritin tested again and it was 427ug/L. I also had an abdominal ultrasound which showed regular kidneys but a 3mm ployp was found on my gallbladder. It sound be noted that all the test I've done thus far has not been for my kidneys but a pain in my abdomen which I'm seeing a GI specialist for. Should I though look into my kidneys? As these findings from what I've read may seem normal for an older person but not a 20 year old. Also would working out hard just over 24hr before the test affect the results? Or a meat heavy diet dispite a 12hr fast? Thanks 

Also my grandma had polycystic kidney disease but from my understanding it was not the heredarity type.",Anxiety,0.863255033557047,0.7462121212121212,0.0,0.0,0.0,0.0,0.0108210201185407,0.2373737373737373,0.6677388409231985,0.5343421052631578,0.3695748987854251,0.0,0.0353535353535353,0.0909090909090909,0.0075757575757575,0.0,0.0,0.0,1
34422.0,"So tired of always fearing the worst I’ve been experiencing some digestion issues this week, and I know deep down that it’s probably because I’ve been home from college and eating much more/much greasier food than usual, but I can’t escape the thoughts that it’s something much worse. Even though I’ve looked up symptoms and have nothing in common with any of them, except for the ones I know I’m probably just imagining, it still makes me so scared. Nothing to do but wait it out and see what happens when I’m back in school I guess, hopefully it just all goes away. 

I hate feeling this way, and I know my family/SO hate it too, is there anything that you all do to help with these feelings?",Anxiety,0.5738255033557047,0.4810606060606061,0.0,0.0,0.0390243902439024,0.0,0.0114120609504132,0.21875,0.7028631284916201,0.3224747474747474,0.5217171717171718,0.015625,0.078125,0.0390625,0.03515625,0.0,0.0,0.0,1
34425.0,"Anyone tried exposure therapy? My therapist says that exposure therapy is one of the best ways to treat health anxiety disorder, which we're starting on Thursday. Just wondered how many of you are currently receiving treatment of any kind, and how many have tried this particular modality. 

She said once we get into the exposure therapy, I will need to try to limit ""safety behaviors,"" e.g. googling, seeking comfort from my boyfriend, taking supplements, etc. (Things I do to comfort myself when the anxiety gets bad.) I'm nervous! What have you guys experienced?",Anxiety,0.4664429530201342,0.3484848484848485,0.0,0.0,0.0,0.0,0.0136889422080037,0.1827956989247312,0.8010452333753829,0.649537037037037,0.5111111111111112,0.021505376344086,0.086021505376344,0.1182795698924731,0.0161290322580645,0.0,0.0,0.0,1
34426.0,"More visible veins in my hands/feet than usual, paranoid about it Noticed yesterday that there seemed to be more visibile veins in my hands and feet, especially while they were facing the ground. I know veins would fill with blood because of gravity, but like I said, a lot more visible than normal and more bulged out.

Don't have any pain, no tingling or weakness or anything, skin hasn't changed color, they're certainly not misshapen like varicose veins... But just seeing them has me freaked out, especially a couple thick ones near my ankle bone. It's been extremely distracting, staving off panic every time I notice them....",Anxiety,0.5226510067114094,0.4015151515151515,0.0,0.0,0.0,0.064516129032258,0.0131079271903401,0.1495327102803738,0.8270766981673889,0.5611607142857142,0.612202380952381,0.0,0.0841121495327102,0.1121495327102803,0.0560747663551401,0.0,0.0,0.0,1
34433.0,Headache = brain swelling aneurism type thing? Currently having such anxiety and can’t sleep because I have a slight headache after smoking weed (which often gives me headaches) and I think it’s me dying of a brain swelling or aneurysm. Someone tell me I’m okay,Anxiety,0.212248322147651,0.1666666666666666,0.0,0.0,0.0146341463414634,0.0,0.0128175696357514,0.1333333333333333,0.8172563625077591,0.5416666666666666,0.3916666666666666,0.0,0.1333333333333333,0.0666666666666666,0.0333333333333333,0.0,0.0,0.0,1
34435.0,"Didn't realize I wasn't alone 
it's honestly so refreshing that I am 1. Not crazy and 2. not alone. 

I feel alone. People always judge when I try to tell them how terrified of diseases (especially STD's) and almost make fun of me. My boyfriend is really supportive but it's rough because he has no idea how to tell it and tbh neither do I. I really wanna go on medication because it's to the point where it takes a daily toll on my life. I don't know anyone who has health anxiety like I do and it's just really scary.",Anxiety,0.4261744966442953,0.3787878787878788,0.0,0.0,0.0,0.0,0.0103953577175899,0.1683168316831683,0.7252060401570883,0.5666666666666667,0.6333333333333333,0.0198019801980198,0.0198019801980198,0.1089108910891089,0.0891089108910891,0.0,0.0,0.0,1
34436.0,"Flomax Capsule I have an issue swallowing pills but I spent half an hour today trying to get a flomax pill to go down by chasing it with water. Eventually the pill cracked open from sitting in water for too long and I went ahead and swallowed about less than 1/3 of the little beads inside the capsule. 
I hear it’s dangerous to consume a pill that is crushed or broken down because it gives you large dosage at once. The good part is that I didn’t swallow even half of what was inside the flomax pill. However, I’m second guessing myself and wondering if I should get checked at the ER or just wait it out.
Any ideas? Is pill crushing as serious as it’s made out to be?",Anxiety,0.5545302013422819,0.4886363636363636,0.0,0.0,0.0195121951219512,0.0,0.0105159991523627,0.3,0.7153416415986248,0.4627159197012138,0.380765639589169,0.0,0.0846153846153846,0.0307692307692307,0.0115384615384615,0.0,0.0,0.0,1
34437.0,"Weird muscle sensation anxiety Hello. I'm 17 years old, not active at all, and last week I went to the doctor for a tingling feeling in my arms and leg. My doctor said that the tingling is likely due to a lack of exercise, since once I come home from school, I either sit at my desk or lay down using my phone for hours. 

Of course, I'm going to take my doctor's advice and exercise/improve my diet, but that'll take time to see results. Could this really be it? I've never heard of your muscles falling asleep/tingling from a lack of exercise before.",Anxiety,0.4546979865771812,0.3901515151515151,0.0,0.0,0.0,0.0,0.0110126615808434,0.2692307692307692,0.7430167597765363,0.4553819444444444,0.4663194444444444,0.0192307692307692,0.0673076923076923,0.0961538461538461,0.0288461538461538,0.0,0.0,0.0,1
34438.0,"Do you think my doctor would object to me asking for an EKG for the sole purpose of soothing my anxiety? I've been having chest pain these past few days after a really bad heart palpitation that freaked me out. I recently saw my doctor three times in a row and worry about looking like I'm crazy for going in for something that is almost definitely anxiety. 

I just feel that an EKG would be quick and simple, and I don't want to beat around the bush - I'd rather just tell her it's because I'm anxious. 

I guess the reason WHY I'm anxious is reason enough for a test?",Anxiety,0.4681208053691275,0.4128787878787879,0.0,0.0,0.0,0.0,0.010518407212622,0.2454545454545454,0.7289994921279838,0.4201388888888889,0.5228174603174603,0.0181818181818181,0.0636363636363636,0.0818181818181818,0.0409090909090909,0.0,0.0,0.0,1
34441.0,"Morning discussion on what stress is and how to take control of it. (NYC) Hey everyone! A friend of mine, Sean Light, is leading a discussion on stress and how to manage it. He is a former health and wellness coach for many pro teams. It is going to be at a wework location on March 24th at 10am. Let me know if you would like to join us.",Anxiety,0.2768456375838926,0.2575757575757575,0.0,0.0,0.0,0.0,0.0096867888369864,0.3623188405797101,0.7169459962756052,0.65,0.3999999999999999,0.0869565217391304,0.0434782608695652,0.0289855072463768,0.0,0.0,0.0,0.0,1
34442.0,"Eye Check Up So yesterday my optician spotted black dots in my eye and said it could be cancer related or blindness incoming.

She recommended me to check it with a specialist, I'm just too afraid to face it you know? Like I'm thinking if I should just overdose or kill myself right now even before facing the results or the truth about my condition.

Anyone knows how to cope with this? Anxiety is killing me.",Anxiety,0.3355704697986577,0.2840909090909091,0.0,0.0,0.0,0.0,0.0113002029868058,0.2368421052631578,0.8106439282563952,0.4398809523809524,0.5672619047619047,0.0,0.0789473684210526,0.0657894736842105,0.0,0.0,0.0,0.0,1
34444.0,"Questions about lymph nodes I see that this topic is posted pretty often, so I’m sorry. But I have a few questions I can’t seem to find answers for.

1. Are they supposed to hurt? Mine doesn’t. The area around it hurts occasionally, but not often. Mostly at night time when I’m going tonight bed. I’ve also been experiencing stomach pains. Don’t know if they’re related though.

2. It’s only one on the left side of my groin. I had a spider bite (I’m assuming, could have been some other kind of bug. Was definitely a bite) on my business. That healed up a few days ago, the node hasn’t even slightly changed.",Anxiety,0.50251677852349,0.4242424242424242,0.0,0.0,0.048780487804878,0.0,0.011296594261196,0.1858407079646017,0.8271617145399712,0.5060897435897436,0.4743589743589744,0.0,0.0530973451327433,0.0707964601769911,0.0530973451327433,0.0,0.0,0.0,1
34447.0,"How good/bad is your long term memory? I am 22 now, but the past (my teenage years and younger) seem so foggy. How clearly should do you remember the past?",Anxiety,0.1233221476510067,0.1098484848484848,0.0,0.0,0.0,0.0,0.0106749311294765,0.1333333333333333,0.9314711359404096,0.4625,0.2138888888888888,0.0,0.0,0.0666666666666666,0.05,0.0,0.0,0.0,1
34450.0,"Chest pain insomnia ugh All day I was experiencing intermittent chest pain near my heart. Knowing I have anxiety, I always try my best to give random aches and pains a chance to subside but it gets really hard at night. Now I keep waking up and feeling it, and worse, now I feel this weakness like my blood sugar or blood pressure is off. I just had a regular wellness exam about a month or so ago and my blood pressure is always low so I know it's ridiculous to think I suddenly have some kind of heart disease but oh my god I can't sleep for more than 30 minutes at a time and its killing me! Unfortunately I just moved recently and I absolutely hated the doctor I saw at my union's preferred primary care provider, and they are closed on weekends anyways. So I'm pretty much just stuck stressing and worrying. Please let this go away tomorrow! 

How's everyone else doing tonight?",Anxiety,0.7323825503355704,0.625,0.0,0.0,0.0,0.0,0.0110649208403863,0.1867469879518072,0.7151511072221848,0.5055555555555555,0.520477207977208,0.0,0.0662650602409638,0.1024096385542168,0.0451807228915662,0.0,0.0,0.0,1
34452.0,"Sudden severe head and neck pain...should I worry? I was laying in bed when I felt a really weird painful feeling in my neck. It was almost like a stretching feeling. Then the pain moved up to the back right of my head. Now it feels like there’s some pressure back there, as well as in my neck. I’m also feeling a bit dizzy and shaky. I’m really worried that I tore an artery or something.",Anxiety,0.3196308724832215,0.2840909090909091,0.0,0.0,0.0146341463414634,0.032258064516129,0.0104393214441061,0.2763157894736842,0.7294913260805644,0.4345238095238095,0.4544642857142857,0.0,0.0921052631578947,0.0921052631578947,0.0394736842105263,0.0,0.0,0.0,1
34456.0,emetophobia I'm so tired of thinking about the stomach bug constantly. I can't even have a normal life. Im so worried about every meal becoming the one I have to throw up later. I worry my kids are gonna wake up and be sick with the stomach bug. It's a constant thought on my brain from the minute I wake up to the next time I wake up in the middle of the night. The only relief I get is when I have a wake up in the middle of the night and feel somewhat normal and then the sense of dread comes to my brain like...maybe this is my last hour feeling normal and I'm gonna start vomiting soon.,Anxiety,0.4890939597315436,0.4507575757575758,0.0,0.0,0.0,0.032258064516129,0.0097566574839302,0.2916666666666667,0.5802607076350093,0.4923469387755102,0.4350340136054421,0.0,0.05,0.0916666666666666,0.0125,0.0,0.0,0.0,1
34459.0,"Dull Toothache. Should I go to ER or just wait it out. So on Wednesday I made a steak at home and got a string of fat stuck in between my back right two teeth. After eating when to floss and pick it out, and digged around for a while. I think I got the piece out but my gums were bleeding a good amount. Note I do have healthy teeth and go to the dentist every year. On Saturday afternoon that tooth and jaw area had a dull pain, made me stay in the night as it was just annoying. Today woke up and for the first hour seemed alright but that dull pain is now back. The thing is I am in the army and we are going to the field (woods for training) these next two weeks. So I won't be able to go see a dentist. Today is my last free day. Should I go the hospital since the dentist is closed today. Of course my hypochondria is freaking out because all these things of people dying from un-treates tooth infections.",Anxiety,0.7575503355704698,0.696969696969697,0.0,0.0,0.0,0.0,0.009744248380612,0.3027027027027027,0.6443907594745584,0.5286904761904762,0.3973809523809523,0.0,0.054054054054054,0.0702702702702702,0.0,0.0,0.0,0.0,1
34463.0,"So I found a bump on the right side of my head, in front of ear On my left side I don’t seem to have a lymph node there. I saw a doctor and they said what it was, was just a lymph node. Can I have a lymph node on one side only? Kinda freaked out",Anxiety,0.1988255033557047,0.2121212121212121,0.0,0.0,0.0048780487804878,0.0,0.0076301290416122,0.2807017543859649,0.6934235028913064,0.5476190476190477,0.5119047619047619,0.0,0.0175438596491228,0.0526315789473684,0.0,0.0,0.0,0.0,1
34464.0,"Im suffering a lot. Hey guys last year i dated a boy for about 2 months, we've never had sex, and im pretty sure he's still a virgin (he might be lying).
Well, what troubles me a lot is that one day, while making out, he hit me with his teeth and i started bleeding, i dont remember if we kept on kissing after that but i just cant get that scene out of my mind, is he HIV+? did i contract something but i cant sense it? These are questions i ask myself everyday and it makes me suffer. I cant run a test for personal reasons. Im thinking about giving blood since they run a HIV analysis. Can you guys tell me if there's any risk?",Anxiety,0.5218120805369127,0.4810606060606061,0.0,0.0,0.0,0.0,0.0097441029614325,0.171875,0.7510474860335196,0.555,0.571111111111111,0.0,0.0625,0.0625,0.0,0.0,0.0,0.0,1
34466.0,"Been having bad stomach cramps for a week now...? I've been having really bad cramps, they feel like period cramps but they're slightly above my uterus area. When I get there cramps I go to the bathroom and either take a dump (which hurts my stomach) or nothing comes out (so then I wait for the cramp to go away). I don't know what's going on. Also I felt a weird stab of pain in my butt for a few seconds but then it went away. I've been eating pretty healthy, but haven't had much meat...maybe that's it? I don't know. What do you think?



Happy Monday",Anxiety,0.4572147651006711,0.4015151515151515,0.0,0.0,0.0,0.064516129032258,0.0105976931592904,0.1495327102803738,0.7502218973528951,0.4805555555555555,0.5814814814814815,0.0,0.0467289719626168,0.0841121495327102,0.02803738317757,0.0,0.0,0.0,1
34473.0,"Tired of wasting my money and time I know nothing is wrong with me but I'm in so much pain all the time that I go to the doctor and my blood results are always normal. I'm so tired of it. I've wasted so much money going to the ER because the triage nurse suggested it based on my symptoms or because I was hunched over in pain for hours. I don't know if I'm a hypochondriac or what but I'm always at the doctors office and my job is very much at risk. At this point I'm saying fuck it, if my appendix bursts then let it. If my iud punctures my uterus or becomes embedded in the uterine lining and causes digestive infection then let it. It would be better than living in pain just to be told nothing is wrong with me. Better than to be known as the unreliable employee.",Anxiety,0.6384228187919463,0.5795454545454546,0.0,0.0,0.0,0.0,0.0099862258953168,0.2922077922077922,0.5861568598998766,0.4754166666666666,0.5091666666666667,0.0129870129870129,0.0909090909090909,0.0649350649350649,0.0,0.0,0.0,0.0,1
34474.0,"Today I declined doctor's appointment. I had a dizziness episode and went to an ER. They did ECG, brain scan, blood-work and did not find anything. My doctor's office called after couple of days (I guess ER sends them medical records) and asked if I wanted to schedule a followup. I'm not the one who would say no to seeing a doctor, but I declined. Next time I hope I don't even need to to go to ER",Anxiety,0.3280201342281879,0.2916666666666667,0.0,0.0,0.0,0.0,0.0104277036095217,0.1923076923076923,0.7627847013321875,0.5,0.0,0.0,0.0769230769230769,0.0641025641025641,0.0,0.0,0.0,0.0,1
34476.0,"Recurring throat issues Every once in a while I get a sore throat or a throat infection/ tonsillitis . A few months ago I had an ulcer in my throat / left tonsil which freaked me out enough at that time but eventually it went away . Now ever since then, my left tonsil seems to be swollen and has stayed this way but with no sensation. Few days ago , got another tonsillitis infection, what to do about this ! I went to the doctor and he brushes it off as nothing and prescribed me an antibiotic. If it helps to know I’m also a smoker ( huge idiot I know I’m really trying to quit ).",Anxiety,0.4823825503355705,0.4431818181818182,0.0,0.0,0.0097560975609756,0.0,0.0098111313442592,0.2457627118644068,0.7125272228008711,0.459375,0.325,0.0,0.0508474576271186,0.059322033898305,0.0254237288135593,0.0,0.0,0.0,1
34477.0,"How to stay up late during the night? I am so curious that why some people can stay up late at night and still look good the next morning. Some famous people only sleep four hours, but how can they be energetic and efficient?",Anxiety,0.1820469798657718,0.1628787878787879,0.0,0.0,0.0,0.0,0.0104557976458802,0.1818181818181818,0.7897409852717114,0.5625,0.6625000000000001,0.0,0.0227272727272727,0.1136363636363636,0.034090909090909,0.0,0.0,0.0,1
34478.0,"Slightly red, raised spot on the head of my penis For about a month now I’ve had a small red slightly raised spot on the head of my penis. It hasn’t changed in size or color. It doesn’t hurt, burn, itch or anything. It’s more of a aesthetic displeasure than anything else. I have had unprotected sex but only with my girlfriend of four years. I haven’t been tested for anything yet. I also had shown my dermatologist and they didn’t say much, just prescribed me a steroid cream. Any thoughts or any one else?",Anxiety,0.4194630872483221,0.3560606060606061,0.0,0.0,0.0292682926829268,0.0,0.0112186457880237,0.231578947368421,0.7294913260805644,0.5202380952380953,0.3238095238095238,0.0,0.0947368421052631,0.1157894736842105,0.0473684210526315,0.0,0.0,0.0,1
34479.0,"Have I been having heart attacks?! As of late I’ve been experiencing pains on the inside of my left arm and frequent sharp pain in my chest to the left of my breast plate. Sometimes the pain radiates across my chest and shoulder and other times it can be one or the other. I’ve also been experiencing rapid heart rates from little physical activity and high blood pressure. I do have pretty severe health anxiety and also suffer from digestive problems as well so I can be sure if it is just my anxiety manifesting physical symptoms. I went to the ER last week and they said the blood tests showed no signs of it being heart related but my PCP decided to have me wear a heart monitor patch for a week and that made me more conscious of my palpitations and pains. Today is first day since I’ve taken it off and sent it in. While I was eating lunch (normal meal that shouldn’t have triggered anything) I experienced hot flashes across my body and then the pains started again. Has anyone experienced similar symptoms? I’m a 24 male who is 6’,underweight and pretty malnourished right now from my stomach issues.",Anxiety,0.9236577181208052,0.7651515151515151,0.0,0.0,0.0292682926829268,0.0,0.0115977282905182,0.2512315270935961,0.6303492308115695,0.5679464285714285,0.4903968253968254,0.0,0.0689655172413793,0.1083743842364532,0.0,0.0,0.0,0.0,1
34480.0,"New Moles - Anxiety First time poster, but a long time hypochondriac. 

It’s genetics - my family has tons of moles, but today I noticed 2 more on my stomach, or maybe 1 new mole and a weird red dot? It’s making me extremely anxious. 

2 weeks ago I was in and out of the hospital for some strep throat complications which has completely peaked my anxiety. I’m only 19 and I’m indoors most of the time and have no family history of Melanoma, but I can’t help but freak out. 

They’re very tiny, one is small and brown but the other may not even be a mole? It’s the same size, but red and not raised. No pain or itching. It’s just making me paranoid. 

I have a doctor’s appointment coming up soon so I’m trying to hang on until then but it’s driving me insane.",Anxiety,0.6241610738255033,0.5530303030303031,0.0,0.0,0.0536585365853658,0.0,0.0104078821611289,0.1904761904761904,0.6713411621631893,0.4837566844919786,0.5054367201426025,0.0136054421768707,0.0612244897959183,0.0952380952380952,0.0510204081632653,0.0,0.0,0.0,1
34482.0,"Was I poisoned This weird dude lives in this house now............. I'm scared of him 

I think I pissed him off somehow 

And I think he poisoned me with putting stuff in my food",Anxiety,0.1401006711409396,0.125,0.0,0.0,0.0,0.032258064516129,0.0105939069842813,0.2352941176470588,0.7581334209661518,0.25,1.0,0.0,0.1470588235294117,0.0294117647058823,0.0,0.0,0.0,0.0,1
34484.0,Has anyone tried EMDR for health anxiety? I’ve got the worse health anxiety/anxiety to where I have many panic attacks and pain everyday. I’ve tried CBT it did not work. Having a therapist tell me to go to my happy place sounded like a croc of shit lol. I’ve convinced myself I have MS and that I have heart disease. Those two are the big ones. Any small ache or pain I think I’m dying. I don’t take meds because I’ve heard really bad things. I’ve taken one Xanax which actually didn’t even help. So I’m gonna try and new technique and wonder if anyone has ever tried it? I also get numbness mainly on left side of my body. Thanks guys!,Anxiety,0.5268456375838926,0.4583333333333333,0.0,0.0,0.0439024390243902,0.0,0.0107483177527886,0.1557377049180328,0.7725066398021797,0.5283216783216783,0.4708624708624708,0.0,0.0491803278688524,0.081967213114754,0.0368852459016393,0.0,0.0,0.0,1
34488.0,"Health Anxiety gets worse during the winter months? Nice to meet you, I'm new here.

I've been struggling with HA for quite some years now. This last year, I've graduated university and started a new career. Everything's been very stressful, and somehow it's impacted my HA too.

The thing I noticed is that it always gets worse and more intense during the winter months and beginning of spring. I get back pains, my joints start to ache, I feel tired,... which triggers unhealthy and irrational thoughts and anxiety about my health (for the last month I was absolutely sure I had heart problems, lung cancer, an aneurysm, and some other illnesses). It's absolutely crazy.

I don't know, but it's often this way. It always gets worse during the period of january - april. During summer and fall I sometimes get little health scares, but they're nowhere as intense as during the cold and darker months.

Do any of you have the same feeling?

(English is not my mother tongue, so I apologize for possible mistakes / weird phrases)",Anxiety,0.8515100671140939,0.6704545454545455,0.0,0.0,0.0,0.032258064516129,0.0125785433497384,0.2022471910112359,0.6708304563429791,0.4679214015151515,0.5763047138047138,0.0,0.0674157303370786,0.0786516853932584,0.0168539325842696,0.0,0.0,0.0,1
34490.0,"Does anyone else only worry about sudden health issues? I don’t know how to explain it, really, but the only health anxiety I have is usually kind of “sudden” things that could kill me, like aneurysms, embolisms, all that. I’ve never worried about cancers, really, or long-term sort of degenerative things. I almost think it’s because it’s the fear of not knowing something is coming. I’m afraid the X-Ray missed something and that my aorta is going burst or something. 

Like, if I knew something was coming, I would be able to tie up loose ends, spend time with friends and family, take a vacation, and live until I die. I wouldn’t be happy about it, obviously, but I never get very anxious about things like that. The things that scare me are things that could just randomly kill me while I’m studying or playing video games or something. The kinds of things that just make you drop dead and end up in an article like “Healthy 20 year-old dies in sleep.” It’s more of a fear of sudden death for me, like it’s waiting around the corner and I just don’t see it yet.",Anxiety,0.8859060402684563,0.7348484848484849,0.0,0.0,0.0682926829268292,0.0,0.0115755456664547,0.2205128205128205,0.6362698753760206,0.5456431726168568,0.6049595141700405,0.0,0.0512820512820512,0.0564102564102564,0.0307692307692307,0.0,0.0,0.0,1
34492.0,"Oral cancer biopsy My dentist found a lump waaay back at the base of my tongue and I will have to have it biopsied next week. 

I’m stressed - help! :( this is torture waiting for the appointment.",Anxiety,0.1560402684563758,0.1401515151515151,0.0,0.0,0.0048780487804878,0.0,0.0104393214441061,0.2894736842105263,0.9188473978241694,0.30625,0.5,0.0,0.0789473684210526,0.131578947368421,0.0,0.0,0.0,0.0,1
34497.0,"Health anxiety taking over my life Since I got the flu this year, I’ve been constantly worrying about my health. I wake up in a panic every day. I am constantly worrying that I’m losing my vision or that I have MS, brain tumor, etc. I’ve gotten blood work that all came back perfect. I’m only a teenager but these worries are controlling me all the time. I’ve been on medication for a month and a half and started seeing a therapist a couple of weeks ago but it still isn’t doing the trick. Are there any tips that you guys can give? I’m beginning to feel hopeless.",Anxiety,0.4672818791946309,0.4053030303030303,0.0,0.0,0.0341463414634146,0.0,0.010815222936435,0.2314814814814814,0.7525346575625905,0.5694444444444444,0.4722222222222221,0.037037037037037,0.0833333333333333,0.0833333333333333,0.0416666666666666,0.0,0.0,0.0,1
34499.0,"Just noticed a strange rash/bites...just moved I just moved into a new apartment, and last night was my first night in it. Today, I was driving around town and noticed some small red bumps on my knuckle. I pulled my sleeve on my right arm down and realized most of my hand and wrist area had bites/marks. It’s weird because it seems my right hand is the only spot that has this, save for one small bump on my left wrist. I’m worried my apartment has something... I’ve had the same mattress for years and have never had bed bugs... here are [photos](https://imgur.com/a/FAL5N) , about to start picking through my carpet and checking my mattress corners",Anxiety,0.5251677852348994,0.4393939393939394,0.2,0.0,0.0146341463414634,0.0967741935483871,0.011457818276,0.2051282051282051,0.7100701905171178,0.5084078884078884,0.385990860990861,0.017094017094017,0.1025641025641025,0.094017094017094,0.0128205128205128,0.0,0.0,0.0,1
34503.0,"It happened - my first ER visit for a panic attack I just came back from the ER. It started with some shoulder pain this afternoon and spiraled into a waves of panic attacks. I was fairly sure I wasn't having a heart attack, but I couldn't be positive so off to the ER I went. EKG, blood work, monitoring all normal. Only thing wrong with me was borderline low electrolytes.

I'm on meds but this has been a stressful year in my life. Consoling appointments are set up, along with a checkup with my doc.

Even though I know whats happening once my mind goes there its so hard to stop. I just wanted to share my story. Fuck this mental illness",Anxiety,0.5302013422818792,0.4621212121212121,0.0,0.0,0.0,0.0,0.0107141257362986,0.2357723577235772,0.7576418222282781,0.4925275482093664,0.5417584940312213,0.0,0.073170731707317,0.065040650406504,0.024390243902439,0.0,0.0,0.0,1
34509.0,What's going on? Hey guys so earlier I had shortness of breath. And now my heart is beating hard. My body and hands are trembling. And I have a strong urge to pee as my groin feels really strange. I have pain in my left arm as well and I feel like my hearts about stop any moment. I have no history do any heart problems. I have had anxiety attacks in the past but they always scare me into thinking I'm having a heart attack or cardiac arrest. Is this just another anxiety attack? I don't know if it's because I'm anemic or because I slept late at 1 am last night. I feel like I'm about to die any moment now and I'm scared :(. I'm 20 years old btw.,Anxiety,0.5385906040268457,0.4962121212121212,0.0,0.0,0.0,0.0,0.009751440020035,0.1666666666666666,0.6885051633654986,0.4496527777777778,0.3368055555555556,0.0151515151515151,0.0378787878787878,0.1136363636363636,0.0113636363636363,0.0,0.0,0.0,1
34515.0,"Worried about a brain tumour Hello !

Since a week and a half, i've had burning at the back of my head. I know rationally that it's probably not a tumour but I can't help but freak out about it. It comes and goes. I went to the doctor last friday, he did a neurological exam and nothing came out of it that is unusual. He gave me some anti inflammatory medicine. Before I took the medicine, my right ear hurted a lot too. It stopped today. 

Could this be a sign of a tumour or something else?",Anxiety,0.4043624161073825,0.3674242424242424,0.0,0.0,0.0,0.0,0.0100213639174678,0.2857142857142857,0.7272830920077529,0.5319047619047619,0.3538095238095238,0.0,0.0612244897959183,0.0612244897959183,0.0306122448979591,0.0,0.0,0.0,1
34517.0,"People who actually are sick, still have health anxiety? I have really bad health anxiety, but I am wondering if it kind of goes away once you are actually Ill. I’m anticipating it being like jumping into a cold pool or something and once you’re in you’re in.",Anxiety,0.2105704697986577,0.178030303030303,0.0,0.0,0.0146341463414634,0.0,0.011421028466483,0.1875,0.8286778398510243,0.3404761904761905,0.753968253968254,0.0,0.1041666666666666,0.0833333333333333,0.09375,0.0,0.0,0.0,1
34519.0,"Are swollen lymph nodes always something to worry about? I sort of feel one on my right side, in my neck. But no symptoms of anything",Anxiety,0.1048657718120805,0.0946969696969697,0.0,0.0,0.0,0.0,0.0105159991523627,0.2307692307692307,0.920928233777396,0.6428571428571428,0.5357142857142857,0.0,0.0769230769230769,0.1153846153846153,0.0,0.0,0.0,0.0,1
34521.0,"Blotchy skin below knee Hey y’all-new to the group and I’m glad I found you! I have a question. I am freaking out over this rash under my knee. I don’t even know if it’s a rash, but it’s not bumpy, just flat, and blotchy looking. It doesn’t itch. I’ve noticed some pink dots too, these don’t hurt either. I recently shaved, I do sit by a small heater a lot (which is by my legs constantly) and I do wear tight pants at times. I googled my symptoms and of course the worse is coming up, I was just seeing if anyone has experienced what I have. I’m also wondering too if it is a heat rash, but I thought heat rashes hurt and this has been on my skin for 2 days now. Thank you!",Anxiety,0.5587248322147651,0.5151515151515151,0.0,0.0,0.0439024390243902,0.0,0.009734873620076,0.1970802919708029,0.6848672674631978,0.5373015873015873,0.4660052910052911,0.0,0.0510948905109489,0.072992700729927,0.010948905109489,0.0,0.0,0.0,1
34529.0,"Worried about sepsis. I'm new to this forum, it's quite comforting to find people who experi3nce health anxiety and how awful it can be. 

I'm having a terrible day. I'm 23 and for my whole life I have suffered with urine, kidney and ear infections. Plus a range of other infections thanks to cat scratches.

I'm now deathly terrified of contracting sepsis, I currently have an ear infection and I'm just scared constantly. I don't know what to do. I feel cold and i have abdominal aches and I'm terrified of every symptom, debating whether I should have in and go to the emergency dept. I can't sleep and it's just affecting me greatly, I'm terrified I might misjudged a symptom and end up dying.

Not sure what to do :(",Anxiety,0.5947986577181208,0.4924242424242424,0.0,0.0,0.0,0.0,0.0116422728324185,0.2137404580152671,0.6939741566804554,0.4004734848484848,0.6501473063973063,0.015267175572519,0.0916030534351145,0.0610687022900763,0.0229007633587786,0.0,0.0,0.0,1
34531.0,"Doctor appointment tomorrow and terrified I have an appointment for a physical tomorrow morning. I haven't been in 2 or 3 years and this is with a new doctor. I have never been so anxious about a basic checkup before. I'm not sure if it's because of my current cancer fear (lymphoma and/or vaginal cancer) but I'm a wreck. I'm so scared of my bloodwork coming back all messed up. I mean, even something like high cholesterol is going to freak me out. My new doctor has a patient care portal so I can log in to look at my results when they come in and even though it's probably a bad idea I don't think I'll be able to stop myself from checking.

I'm just ready to get all of this over with :(.",Anxiety,0.5738255033557047,0.5075757575757576,0.0,0.0,0.0,0.0,0.0104453627180899,0.2296296296296296,0.7030415890751086,0.459650974025974,0.5346431148216862,0.0296296296296296,0.0444444444444444,0.074074074074074,0.0111111111111111,0.0,0.0,0.0,1
34532.0,"HELP! With ocd Hi, I’m a 22 year of female and have been struggling with OCD for as long as I can remember. It was really bad when I was about 10 and went away for a few years. However, it came back with vengeance about two years ago in the form of relationship OCD. That faded and morphed into Contamination OCD. It’s been ruling my life for two years and I’m honestly sick and tired of it. I do everything in my power to keep myself and the things around me germ free. I know it’s an irrational fear because 99% of people don’t live like me and are doing just fine. I don’t even know what I’m truly Afraid of. Getting sick doesn’t really scare me (this part confuses me too, you’re not alone). I just can’t shake the anxiety I get when I know I have come in contact with germs... I am currently on Zoloft even though it doesn’t seem to help. Any advise on how to kick this thing in the Ass would be greatly appreciated.. thank you",Anxiety,0.7751677852348994,0.6893939393939394,0.0,0.0,0.0536585365853658,0.032258064516129,0.0103249333875265,0.2459016393442623,0.6629727997069328,0.4324819624819624,0.4765079365079365,0.0109289617486338,0.0491803278688524,0.0655737704918032,0.0491803278688524,0.0,0.0,0.0,1
34533.0,"Colon Cancer Fears Creeping In again Hi.

So.. it’s been a long time since I posted In here but today I had a bowel movement that was very dodgy. So my colon cancer fears have come back. Last year it sent me to the Dr. Multiple times. I don’t have any other symptoms. No blood, no weight loss (if anything I’ve put a little on) no fatigue etc. - Just dodgy bowel movements. 1-2 times per day. 

I’m unsure as sometimes I’ll have these weird flat bowel movements then I’ll have normal ones. 

Just don’t wanna be consumed by this fear again?",Anxiety,0.4421140939597315,0.3825757575757575,0.0,0.0,0.0341463414634146,0.0,0.0108639874682655,0.1372549019607843,0.8186000657246139,0.473125,0.3416666666666667,0.0196078431372549,0.0392156862745098,0.0686274509803921,0.0,0.0,0.0,0.0,1
34536.0,"""If I survive this, I'm changing my life for the better. I'll become the healthiest, most organized person in the world. I will avoid anything that may compromise my health and will fight to the end. I'll change my ways, this time for good."" - my reaction to having a bad cold.

Figured many of you can relate to those weird surges of motivation when you survive something seemingly harmless when before you thought it was catastrophic.",Anxiety,0.3582214765100671,0.2878787878787879,0.0,0.0,0.0,0.0,0.0122670029694823,0.2337662337662337,0.7730537618805775,0.5285714285714286,0.680952380952381,0.0519480519480519,0.0779220779220779,0.0909090909090909,0.0194805194805194,0.0,0.0,0.0,1
34538.0,I convinced myself I have muscular dystrophy I read a book about this now I think I have it my arm keeps shaking and feeling weak which is freaking me out too,Anxiety,0.1258389261744966,0.1174242424242424,0.0,0.0,0.0,0.0,0.0098786157024793,0.15625,0.8393854748603352,0.3125,0.625,0.0,0.125,0.0625,0.0,0.0,0.0,0.0,1
34546.0,"UTI won’t go away I was diagnosed with kidney infection last Tuesday, but had to stop Bactrim early because of allergic reaction. I had my UTI right culture done and there’s still bacteria in it. 😔 My Doctor said it could be because I had to stop early or it wasn’t right med for that bacteria.

So, my doc is calling in another round of antibiotics. I’m sad and anxious, I’ve heard stories about ppl who battle these and forever and some that escalate into something worse. Has anyone gone through similar with a positive outcome? Thanks!!",Anxiety,0.4513422818791946,0.3636363636363636,0.0,0.1,0.0292682926829268,0.0,0.0121872426230439,0.2268041237113402,0.7880550596095144,0.4983833874458874,0.4902958152958152,0.0206185567010309,0.0412371134020618,0.0721649484536082,0.0309278350515463,0.0,0.0,0.0,1
34547.0,"Some advice for those of you suffering from hypochondria.... Get professional help before it turns into a more generalized anxiety. Over the course of six years I basically burned myself out on the health anxiety. One disease after another until the point that I stopped caring about any symptoms, imaginary or real, altogether. Unfortunately it's turned into a living hell of generalized daily anxiety with no breaks in between. I thought I had beaten my health anxiety into submission, but in reality it just morphed into a new beast. Now instead of having some relief between imaginary diseases I face an unrelentless onslaught of unreasonable fears.",Anxiety,0.5411073825503355,0.3977272727272727,0.0,0.0,0.0,0.032258064516129,0.0140145017932325,0.2075471698113207,0.7769579424475599,0.5363636363636364,0.3924242424242424,0.0,0.0943396226415094,0.1037735849056603,0.0424528301886792,0.0,0.0,0.0,1
34553.0,"So worried, any ideas what could be wrong? Hi everyone, so basically for the paat month i've woke up everyday with headaches, mostly tension headaches, and the feeling of pressure. I also get flashes of light in my vision, chills, and a tingly feeling going through my whole body, also pain in my arms and slight numbness in my fingers. 2 weeks ago i vomited aswell which really didn't help matters as i have a fear of vomiting.

Im convinced i have a brain tumor but i went to the doctor and he shone a light into my eyes and said everything looked ok but i still dont believe him. I've have headaches from anxiety on and off in the past but they never lasted this long before.

The last 2 months have been really stressful for me as my mum was in hospital with liver failure and i had to look after my dad during that time who is a schizophrenic. My anxiety was improving but this has brought me back down and i feel worse than ever.

Does anybody know what it could be? Is it a stress reaction or could i really have a brain tumor?",Anxiety,0.8582214765100671,0.75,0.0,0.0,0.0,0.0,0.0106264795049628,0.2462311557788944,0.6487465259257179,0.5155864197530864,0.3873456790123457,0.0201005025125628,0.050251256281407,0.1055276381909547,0.0452261306532663,0.0,0.0,0.0,1
34554.0,"Thanks for being there I just want to thank this community for existing and being so huge and active. We’re having a bad time but at least we’re not alone when everybody else doesn’t believe us or take us seriously, and that relieves a lot of stress.",Anxiety,0.2030201342281879,0.1742424242424242,0.0,0.0,0.0146341463414634,0.0,0.0111584901236738,0.2765957446808511,0.8469036015690004,0.4277777777777778,0.5722222222222222,0.0,0.0851063829787234,0.0425531914893617,0.0,0.0,0.0,0.0,1
34561.0,"Stomach ulcer concerns Been anxious for a while about this. I fear I have a stomach ulcer.

To keep things, I will have random spasms across the abdomen with a sense of feeling hungry at night. Sometimes dull pain will be there and I belch often enough. I can get gassy but it is not prominent.

It isnt a burning pain and it doesnt interrupt my sleep. I will feel nauseous after eating at times but not always.

Stools are fairly normal. Light brown that sinks.

No vomitting as of yet. Fatigue nothing out of the ordinary. I will feel some sort of ache on the breastbones, arms and knees but the latter two not every day.

I will have lower back pain - but only at my job that requires a lot of standing and easily relieved with exercise. I do not have back pain at home or when moving. Only by standing at work 

Am I being a nervous Nick or os there genuine concern to be had?",Anxiety,0.7256711409395973,0.6401515151515151,0.0,0.0,0.0,0.0,0.0104723707664884,0.2529411764705882,0.6492934604009202,0.4919270833333333,0.5427083333333333,0.0,0.0529411764705882,0.0588235294117647,0.0352941176470588,0.0,0.0,0.0,1
34562.0,"My neck hurts. Is it serious? I have two swollen lymph nodes, pea sized, on ONE side of my neck only. I’ve been fighting a cold, so my sister says it’s nothing to worry about. 
However, our other sister died of lymphoma at age 33. 
I’m supposed to leave for vacation Monday, so it’s unlikely I’ll go to the doctor before then, also, no health insurance yay USA.
What do you all think? Hypochondria or maybe death?",Anxiety,0.3380872483221476,0.2878787878787879,0.0,0.0,0.024390243902439,0.0,0.0111936961110514,0.1688311688311688,0.8798519915838351,0.3441666666666667,0.7083333333333333,0.0259740259740259,0.0519480519480519,0.0779220779220779,0.0194805194805194,0.0,0.0,0.0,1
34564.0,"Real problem , but i'll post here for looking some help. Hello, so i'm a 27 year guy - one kidney. 

I decide to post my problem on internet because i need a solution or a real explanation of my problem. 


2 years ago i made a CT contrast Scan for a neck problem, and after this episode i had start to urinate a lot of foam and smelly urine everytime (yes , the next day after CT scan) 2 doctor told me that ""there was no protein so just don't look at your pee anymore"" . So This is not a solution ! i'm already shocked about my single kidney (discovered 3 years ago) and no one want give me a real explanation for this. So if anyone know something about this and can help me i really appreciate it. (i'll pay too if anyone help to find the problem). 

Thank you and be kind please.",Anxiety,0.6442953020134228,0.5909090909090909,0.0,0.0,0.0,0.0,0.00981075959362,0.2101910828025477,0.6857275024018787,0.5392857142857143,0.3767857142857143,0.0509554140127388,0.0318471337579617,0.0828025477707006,0.019108280254777,0.0,0.0,0.0,1
34567.0,"Throat nastiness for months! Honestly just need a little reassurance that nothing is wrong. I'm a 22 year old male, and I've had hard swollen lymph nodes in my neck (especially my right side), drainage and nasty looking tonsils for 2 months. I've also had a feeling of tightness in my throat. I've been on allergy medication but it hasn't really helped. 

2 blood tests have shown that I have low white blood cell count, and I have had a round of antibiotics but it didn't help. I've seen 2 nurse practitioners and the only thing they could offer is that I do an STI test, which came back all clear. I'm going to see my PCP soon, but as a college student 5 hours away from home, it makes me a bit anxious that something could be seriously wrong and I'm so far away from decent help, or at least help that my insurance covers. Plus, I've already missed at least 3 days of school for visits and whatnot. 

Just a sinus infection that is lasting for months? Some other virus? Some STI the test didn't check for? Something worse? I have no idea. If anybody is interested in seeing a picture of my throat, it's in another post in my post history.",Anxiety,0.9471476510067114,0.8068181818181819,0.0,0.0,0.0,0.0,0.0110804304729538,0.2429906542056074,0.6685636714874954,0.4606785714285714,0.5306666666666667,0.0186915887850467,0.0560747663551401,0.0887850467289719,0.0350467289719626,0.0,0.0,0.0,1
34569.0,"Change in stool? First post here! 

I know it's gross, but I've noticed what I would call a significant change in my stool within maybe the last year. I don't go nearly as often, and sometimes when I do, it feels like it's very little or there's more in my body that I can't get out. I think that's kind of normal, since I'm a 24-year-old female and I know my metabolism has to slow down at some point, but I feel uncertain about it. 

On top of that, I have noticed a little bit of blood in my stool. I've have had trouble with hemorrhoids in the past, so I'm pretty positive that's got to be what the blood is coming from. 

On top of THAT, I've also noticed an increasing amount of mucus in my stool, which I feel like my body may be producing to make up for my possible constipation. 

Anyway, it worries me because I know colon cancer is becoming more prevalent in adults my age. In addition, I'm not overweight, but I have a history of eating poorly, which I know can lead to colon cancer.

I'm definitely going to pass this information along to my physician the next time I see her, I guess I just wanted to see what someone might say here first.",Anxiety,0.953020134228188,0.8371212121212122,0.0,0.0,0.0,0.0,0.0105291241654878,0.2117117117117117,0.6203130504806482,0.5572685994560994,0.4811285936285936,0.009009009009009,0.045045045045045,0.081081081081081,0.0135135135135135,0.0,0.0,0.0,1
34570.0,"Overcoming physical sensations Hey guys, how do some of you work through physical sensations such as light headiness, shortness of breath, heart palpitations, racing heartbeat etc... please list the sensations you feel and how you overcome them. Thanks!",Anxiety,0.2055369127516778,0.1401515151515151,0.0,0.0,0.0,0.032258064516129,0.0157858489198202,0.131578947368421,0.8106439282563952,0.565,0.3371428571428571,0.0,0.0526315789473684,0.0789473684210526,0.0,0.0,0.0,0.0,1
34572.0,"Has therapy helped you? Hi guys, I just found this sub. I've had health anxiety my whole life, but as of the past year it's gotten so much worse and it's really ruining my life. I feel like I have symptoms of OCD mixed in as well. There is always something I'm worried about, and I suffer from intrusive thoughts regarding exposure to disease/carcinogens/etc extremely often. 

It has given me some kind of solace scrolling through this sub and seeing I'm not alone. I really would like to see a therapist regarding this issue, and I'm wondering if any of you have done the same with positive results. Are any of you prescribed medication as well? I'm not keen on medication but I would take it if deemed necessary. 

TLDR; I'm looking to get professional help. Has professional help helped to effectively treat your issues with health anxiety?",Anxiety,0.697986577181208,0.5568181818181819,0.0,0.0,0.0,0.0,0.0123361998361998,0.2094594594594594,0.6943983089234487,0.5518668831168831,0.4621753246753246,0.027027027027027,0.0945945945945946,0.081081081081081,0.0405405405405405,0.0,0.0,0.0,1
34576.0,"Red spots on forehead under the skin For the past few days I’ve been coming up with these strange small red spots on my forehead! They’re under the skin and are quite bumpy looking and also when i touch it. 
I’ve tried absolutely everything - all the spot creams I have, antiseptic creams, changed my face wash, used a face mask... I’ve even put fresh lemon all over! 
I haven’t changed anything in my diet recently either :( I’m not sure what has made this happen... it’s making me sooo self conscious and I just can’t stand looking at my face in the mirror :( does anyone have any tips on what I could do to make it go away?",Anxiety,0.5167785234899329,0.4507575757575758,0.0,0.0,0.0390243902439024,0.064516129032258,0.0107036271808999,0.175,0.7515828677839851,0.4298076923076923,0.4568376068376067,0.0,0.1,0.0666666666666666,0.025,0.0,0.0,0.0,1
34581.0,"Relapse Advice Hello, Fellow Hypochondriacs! 

I've had severe health anxiety for a couple of months beginning around August last year. Panic attacks, pulse checking, spending way too much at the doctor's office, the whole shebang. 

Around February, I got on top of my shit and turned a leaf. My therapy, healthy eating, and exercise finally kicked in and I was literally like a new person. The health anxiety dissipated and I was able to function. 

But, after a dizzy spell over easter and a whole bunch of stomach problems from eating too many things I'm intolerant to, I've had a major relapse. I'm back to not sleeping, I can feel my heartbeat constantly, I'm Googling non-existent symptoms and struggling to function again. I'm hoping this is just a temporary relapse, a speed hump in what has otherwise been a pretty linear recovery. 

What do you do in periods of anxiety to make yourself well again? What has helped you in the past? What should I do to help me get out of bed in the morning and function through a full day? Help!",Anxiety,0.8582214765100671,0.6893939393939394,0.0,0.0,0.0,0.0,0.01218782459468,0.2459016393442623,0.6798241597215862,0.5893048128342246,0.4752673796791444,0.0218579234972677,0.0710382513661202,0.0765027322404371,0.0163934426229508,0.0,0.0,0.0,1
34586.0,"MS Awareness commercial terrible for my MS anxiety I've been dealing with HA for about 4 months now. Mostly centered around physical symptoms. Recently, past week or so, I've been having this pins and needles feeling in a small spot on my lip thats been coming and going, and some spots in my left leg with the same, but the leg stuff is pretty much gone. I also been having some blurry vision but I've chalked that up to having just started Lexapro a week and a half ago (I hear it can cause that?). Unfortunately I'm still only on 10 mg, likely getting moved up to 20 after a month. And while the side effects have sure been there, no real benefits so far. Anyone been where I am?

Anyway so I've been doing pretty well with the HA the past couple of days until tonight a MS awareness commercial comes on and all the anxiety flairs back up since that what my HA has been centered around recently. Am I not supposed to watch tv ever? How do you deal with triggers?",Anxiety,0.802013422818792,0.6931818181818182,0.0,0.0,0.0,0.0,0.0108283926218708,0.2065217391304347,0.6703910614525139,0.4837121212121212,0.4760642135642135,0.0108695652173913,0.0760869565217391,0.1032608695652173,0.0326086956521739,0.0,0.0,0.0,1
34587.0,"I need new ways to cope I’m 26 year old female and I’ve been struggling with health anxiety since I was 17.

Whenever I’m sick or hungover my heart starts racing and I have a hard time calming down or sleeping. I’ve been to the doctor about my heart, and everything always checks out as normal, but I can’t keep the anxiety and worried thoughts away. The best form of coping that I’ve used is showering. On a bad day, I’ll shower around 5-6 times a day. It seems to be the only place I can meditate and really relax and get my HR down. Im lucky to have at least that, but it’s not very practical, especially when I’m trying to function with my day to day responsibilities (school, work, socializing). I need something else to get my heart to calm down. 

Breathing exercises or meditating outside of the shower never works for me because I can’t calm down enough to focus.

I’ve never posted on here before, but this sub is regularly helpful to me and any responses are appreciated. Thank you :)",Anxiety,0.8246644295302014,0.696969696969697,0.0,0.0,0.0536585365853658,0.0,0.0112333407787953,0.2432432432432432,0.6777291257738185,0.5098304473304474,0.4781000111000111,0.0108108108108108,0.0756756756756756,0.0864864864864864,0.0324324324324324,0.0,0.0,0.0,1
34589.0,"My AskReddit Terminal Ilness thread I’m sorry for the thread (it was mine). I have severe health anxiety myself and just wanted to know a few red flags for knowing when something is truly wrong with you. I’m sorry if I worsened your anxiety at that moment, but I had to do it because of my own anxiety. I really didn’t expect it to show up on the front page.",Anxiety,0.2936241610738255,0.2613636363636363,0.0,0.0,0.0146341463414634,0.0,0.0104289649744195,0.2571428571428571,0.8090981644054269,0.4357142857142857,0.6,0.0,0.0714285714285714,0.1285714285714285,0.0428571428571428,0.0,0.0,0.0,1
34590.0,"Anyone else have a fear of cancer? Not looking for reassurance because I know that's not going to help. I guess I need to vent

A few years ago my friend died of ovarian cancer. Ever since, I've had multiple phases where I've had an extreme fear of having some form of cancer.

Lung. Colon. Throat. Liver. Stomach. Ovarian. Cervix. Uterine. Bladder. Breast

Its like I jump from one to another. Right now I'm having a bad fear of uterine or cervical based on symptoms I had.

This fear has caused me to have so many procedures done. Colonoscopy, X-rays, pap smear and breast exam (granted those should be done on the regular), breast ultrasound, transvaginal ultrasound, etc. 

It's so freaking draining. I'm so tired of feeling this way. I just needed to vent. Thanks for those who read this. Can anyone else relate?",Anxiety,0.6736577181208053,0.5416666666666666,0.0,0.0,0.0,0.0,0.0121862565044383,0.1805555555555555,0.7358783364369956,0.4755952380952381,0.4199226699226699,0.0,0.0902777777777777,0.0277777777777777,0.0,0.0,0.0,0.0,1
34591.0,Help I've been having terrible sleep problems this week. Most nights I get 3 to 5 hours and have a hard time falling asleep. I started retaking my anxiety meds and tylenol PM and they dont seem to help. I'm scared to death and start my job next week. Please help me out.,Anxiety,0.2197986577181208,0.196969696969697,0.0,0.0,0.0,0.0,0.010376059046728,0.1698113207547169,0.8254453462633077,0.4010416666666666,0.5104166666666666,0.0,0.0943396226415094,0.0754716981132075,0.0,0.0,0.0,0.0,1
34593.0,"Anxiety about neck/chest cancer. I’m a 30 year old detailed and I am convinced that I have some sort of throat/ upper chest cancer. And I can’t let it go. I have a pain/pressure in my upper rib cage and my gag reflex is triggered often (i.e. I have a feeling if a lump it my throat). I also have a dull pain on the front left side of my neck that comes and goes. 

I went to my GP and he said the pain in my chest is likely costochondritis without a sinister cause and that the rest could be triggered by a bug/virus, etc. and that I shouldn’t worry - just take ibuprofen for the pain and to decrease any inflammation.

But he didn’t do any tests other than feel around my chest. And now I’m freaking out and worried that he wasn’t thorough enough and that I have some sort of cancer or other serious condition I’m not dealing with.",Anxiety,0.6887583892617449,0.6136363636363636,0.0,0.0,0.0341463414634146,0.0,0.01030311480674,0.2699386503067484,0.6090070946293313,0.4635416666666667,0.4472222222222222,0.0122699386503067,0.0490797546012269,0.0797546012269938,0.00920245398773,0.0,0.0,0.0,1
34594.0,"Can a girl get pregnant if she was on the pill, the condom was used and didn’t break, and the man didn’t ejaculate at all? It will be exactly 5 months ago in a couple day that I had a sexual encounter, and I used a condom, she was on the pill, and I didn’t ejaculate at all during sex. I get anxiety in my head that bad stuff could happen to me when my life is going good and this was was something that came to mind. She also told me a few days after we did it she got her period but I don’t know for sure. What should I think?",Anxiety,0.436241610738255,0.4242424242424242,0.0,0.0,0.0195121951219512,0.0,0.0088891733099295,0.3185840707964602,0.6543234290799427,0.5988095238095238,0.5484126984126985,0.0,0.0442477876106194,0.0530973451327433,0.0132743362831858,0.0,0.0,0.0,1
34596.0,"Fear of vocal cord spasm So one of my biggest health anxiety fears is not being able to breathe. I am currently sick with bronchitis and am being treated and have been managing well enough. Tonight my wife was watching a medical sitcom and someone had a vocal cord spasm and couldn't breathe and almost died. This has been a fear in the back of my mind for years since someone that used to work for me actually suffered from that, so seeing it on TV again triggered me. Couple that with my current sickness with bronchitis and now I'm a mess. I am trying hard not to Google and I guess I am just here looking for reassurance and to vent. LOGICALLY I know I am fine and will be fine, but my brain wants to convince me otherwise.",Anxiety,0.6031879194630873,0.5265151515151515,0.0,0.0,0.0,0.0,0.0106749311294765,0.2714285714285714,0.6622505985634477,0.5231684981684982,0.3499084249084249,0.0,0.0785714285714285,0.0857142857142857,0.0321428571428571,0.0,0.0,0.0,1
34597.0,STD Anxiety I got tested everything came back negative and I felt calm. I still worry that I have some disease that is dormant or that they missed it. I have no reason to believe the girl I had sex with has anything and I guess the thing I’m scared about is HIV and that he chance of it actually being HIV or anything else are super super low. I’m definitely a Hypochondriac and have had Health Anxiety for a long time and I managed it until for some stupid reason I went on google like 30 minutes after the fact and now I’m worried I’m spiraling. Does anyone have any input and or tips for helping me control this anxiety. Also I have had no symptoms for any STDs at all prior to or after the testing. So I’m like 95% sure this is all anxiety.,Anxiety,0.6174496644295302,0.5530303030303031,0.0,0.0,0.024390243902439,0.0,0.0102204793763235,0.2653061224489796,0.6153992323186258,0.5131944444444444,0.4726851851851852,0.0,0.0748299319727891,0.0544217687074829,0.0204081632653061,0.0,0.0,0.0,1
34602.0,"Heart pauses when drifting off to sleep Has anyone experienced this and had it diagnosed? Sinus node or eptopic beats?

I do get skipped beats mainly when stressed but lately after a major panic attack when i drift off to sleep i feel this pausing of the heart and it makes me scared to go to sleep.

I stay awake until i eventually fall asleep.",Anxiety,0.2810402684563758,0.2424242424242424,0.0,0.0,0.0,0.0,0.0109927950837041,0.2153846153846154,0.7627847013321875,0.5911458333333334,0.5833333333333334,0.0,0.0923076923076923,0.0615384615384615,0.0692307692307692,0.0,0.0,0.0,1
34605.0,"Please help, i'm mentally breaking down slowly. Am I going insane? I dont know why but I keep worrying about having a hormone issues, I have some symptoms of low testosterone, low ring finger (I dont see any men I ever met ever having a short ring finger), puffy nipples that developed over time. I'm docile and weak and I'm isolated 24/7. I keep telling my mom of the symptoms I have and we went to a doctor before and I just told them to test my testosterone around 2 pm and they said it was normal! 

I later realized I had gyno but not enough to be noticeable at all (I juts have puffy nipples) but she wont take me to the doctor again to ask him about it. 

Am I just going insane or something? I don't like the idea of having hormone issues but I may have it. I have abnormally big shoulders, skinny wrists and I have some normal body hair but it just come in and I'm turning 18 soon.",Anxiety,0.7365771812080537,0.6590909090909091,0.0,0.0,0.0,0.0,0.0102223534041715,0.1657142857142857,0.6299441340782123,0.4168981481481481,0.4409259259259258,0.0,0.08,0.0742857142857142,0.0171428571428571,0.0,0.0,0.0,1
34608.0,"Diarrhea...every single night! So in the past couple of years, I’ve shit the bed while sleeping, three times...after the second time, I figured out I’d had a stomach ache prior to going to bed. So then I started taking Imodium anytime I had the slightest stomach ache before bed. It’s gotten to be less and less effective at stopping it, and even had a breakthrough accident recently, even after taking ten or 12 pills before bed! I take a LOT of sleep meds due to severe insomnia, so when I wake up from it, I can barely shower and change sheets without a dangerous fall. 

The anxiety: what’s going to happen when Imodium ceases to work at all??

Oh. Not to mention I can never even LOOK for another SO again...😢

Also WHY is it happening just at night??

I don’t get diarrhea during the day! I’m actually somewhat constipated during the day!

What is happening to me?!

What could this be?!",Anxiety,0.7432885906040269,0.6136363636363636,0.0,0.1,0.0341463414634146,0.0967741935483871,0.0116763000895739,0.2208588957055214,0.678376803646708,0.4607993197278912,0.280187074829932,0.0122699386503067,0.0797546012269938,0.0245398773006134,0.0184049079754601,0.0,0.0,0.0,1
34609.0,"I am going to be on an airplane for 16 hours. My panic attacks and obsessive thoughts on my health are brought on by not having control. Am I completely screwed? Just like the title says. I am going to be on a long plane ride and I am not looking forward to the potential anxiety I will have while in the air. 
Last time I was on a plane it was a three hour flight and thought the whole time I was going to have a heart attack in the air and not have any help in a dire health related situation. 
 
So my question is for all of you hypochondriacs who are often on planes.. how do you push through it without feeling imminent doom?",Anxiety,0.5184563758389261,0.4772727272727273,0.0,0.0,0.0,0.0,0.0097693108609357,0.3307086614173228,0.6114899045440549,0.5208333333333334,0.4444444444444444,0.0157480314960629,0.0551181102362204,0.0629921259842519,0.0118110236220472,0.0,0.0,0.0,1
34612.0,"Stinging pain in far left side of chest that’s worse when I move my left arm. Hey guys.

I’m trying to get some help identifying what this may be. 

For about a week I’ve had a constant pain in the far left side of my chest.

I went to the doctor about it, who said my blood pressure and heart sounded fine, so I should just carry on as normal. 

However, having HA I’m freaking out that it’s not “fine”. 

I have noticed that if I raise and lower my left arm, the pain comes on sharper as a burning, stinging like sensation in the same far left spot on my chest.

Any idea what this may be, and if I need a second opinion?",Anxiety,0.5083892617449665,0.4696969696969697,0.0,0.0,0.0341463414634146,0.0,0.0097107438016528,0.224,0.6546145251396648,0.5086111111111111,0.3805555555555556,0.016,0.072,0.08,0.0,0.0,0.0,0.0,1
34613.0,"Need help ASAP pls It all started 2 weeks ago when I went to exercise with my friend, I haven't exercised in about a year , I was feeling good and ready to do anything , so I asked my friend if he could race me and he was down, I wasn't expecting anything to happened, so I went full speed and after running for about 80 meters , I kind of lost control of my body so I stopped immediately I had a hard time breathing and then fainted for like 5 seconds after that I started vomiting... After that, I went straight home to rest . I did not think of any disease or symptoms , I thought that happened because I was away from sport for a long time ,A week later I started paying attention to every detail, and these are the symptoms that I have:
Diarrhea. Blood in stool. heart palpitations . I think I lost weight too. Exhaustion. Vomiting. After Googling these symptoms it turns out to be Colon cancer . I'm so scared right now . I've never been this worried before and I can't visit the doctor until next week , anything would help .",Anxiety,0.8590604026845637,0.7651515151515151,0.0,0.0,0.0,0.032258064516129,0.0102915631912497,0.1921182266009852,0.6303492308115695,0.583567821067821,0.4287518037518037,0.0098522167487684,0.1034482758620689,0.0443349753694581,0.0073891625615763,0.0,0.0,0.0,1
34614.0,"Logically, I know my nails are a healthy colour... But I can’t stop checking them. Every 45 seconds, I swear. Obviously my heart is malfunctioning and I’m about to die. Perhaps I’ll paint them, at least they’ll look nice at my funeral 😂😂😂
Health anxiety is the worst.",Anxiety,0.2365771812080536,0.1856060606060606,0.0,0.3,0.0341463414634146,0.032258064516129,0.0128099173553719,0.18,0.8355307262569832,0.5041666666666667,0.6083333333333333,0.0,0.04,0.16,0.03,0.0,0.0,0.0,1
34617.0,"Hydroxyzine for Anxiety After having anxiety for most of my life, I had my first panic attack last night. I went to the ER today to make sure everything was working okay (I was experiencing chest pains) and I told my doctor about my anxiety. I've never gotten treated for it because it hasn't been totally unmanageable until lately. I am a 22 year old college student so most of my current anxiety/worriment comes from the stress of school. The doctor prescribed me Hydroxyzine 25 mg. 

Since this is my first time taking anything for anxiety, I was wondering if anybody has taken this for anxiety? If you have, has it helped? Any experiences with hydroxyzine will be helpful. 

Thank you so much in advance.",Anxiety,0.5838926174496645,0.4696969696969697,0.0,0.0,0.0,0.0,0.012190082644628,0.224,0.7286256983240224,0.6041666666666666,0.4393518518518518,0.016,0.072,0.104,0.012,0.0,0.0,0.0,1
34619.0,"don't know if my uti came back so i do not know what to do nor where this should appropriately be asked but i have lurked on this sub for awhile and i too have health anxiety and i am currently freaking out! 

so last wednesday i went to my towns urgent care because i suddenly felt as if i had to pee and nothing was coming out (typical uti symptom) i also had a lot of uncomfortable back pain. i went to urgent care and they tested my urine and it came back positive for a uti but negative for a kidney infection! 

the doctor gave me two prescriptions to help with the pain and discomfort and the overall uti itself. i finished the last dose of my antibiotics this morning and now it feels as though my uti came back! i have the sudden urge to urinate and can't tell if my back hurts or not, i'm stressing out bc idk if this is normal or not and keep assuming the worst. 

if anyone has ever dealt with anything similar i would appreciate some advice/comments on what to do :(",Anxiety,0.8095637583892618,0.7234848484848485,0.0,0.0,0.0,0.0,0.0102373163452708,0.25,0.587756052141527,0.4521401515151515,0.3764393939393939,0.0,0.0572916666666666,0.078125,0.0234375,0.0,0.0,0.0,1
34621.0,"My mouth is falling apart again. Not your usual post, but I think I'm in the right sub.

My teeth had always been bad, but I got a lot of stuff repaired when I had insurance. I have a few teeth missing, some that are root canals with very little tooth above the gumline. 

Depression and rum-coke means that I got a few spots that will need care, and I'm having trouble trying to brush because the toothpaste hurts the cavities.

Today was a new low. I've broken teeth on potato chips, a stray bit of gravel that got into my spinach... I had a temporary crown that would fall off at the slightest provocation.

Today I was eating CHEESE and I found something hard in it. Luckily I didn't crunch down, but one of my metal fillings fell out.

I have been FML over damage in the past, but now I am unusually cross.",Anxiety,0.6686241610738255,0.5833333333333334,0.0,0.0,0.0,0.032258064516129,0.0106749311294765,0.2193548387096774,0.6816723734006127,0.4313070303879127,0.3365185468126644,0.0129032258064516,0.0451612903225806,0.0838709677419354,0.0193548387096774,0.0,0.0,0.0,1
34623.0,"Just listens to an old interview with Aubrey Plaza. She talked about how she had a stroke at age 20 Like most of you, my constant fear has been health related more so the fear of having a stroke. She described what happened during the stroke and it is absolutely terrifying. She said hat she was feeling fine and then all of a sudden the right side of her body was paralyzed. She couldn’t even speak or make out any words. 

After listening to that, I started freaking out immediately. I’ve always been struggling with anxiety and panic attacks and now this story reignited those fears. Purely because it could happen to someone so young with no health problems.",Anxiety,0.5469798657718121,0.4469696969696969,0.0,0.0,0.0097560975609756,0.0,0.0118960807463481,0.2436974789915966,0.7667715130745035,0.5507575757575758,0.4880952380952381,0.0,0.1008403361344537,0.0672268907563025,0.0252100840336134,0.0,0.0,0.0,1
34624.0,"Fear of Cancer Hello,
My friend 5 years ago was diagnosed with a big tumor in his head, which turned out not be a cancer. He figured out by accident, had no headaches and no symptoms like that. 
They removed it, but he went through a lot of stress and is still taking injections everyday. 
 After this, me as a person suffering from anxiety, got to live with this fear, that there might be something in me, that i might not be aware of. And even when i have a headache or something like that, fear kicks in. 
No one in my relatives had cancer and i know that this already decreases the chances, but still, i do a overal blood test, once in three months. 
I dont know how to deal with it.
I even think to do a whole body MRI.",Anxiety,0.5964765100671141,0.5378787878787878,0.0,0.0,0.0,0.0,0.0101066289082818,0.2657342657342657,0.6909012774934562,0.5386363636363636,0.37,0.0,0.0559440559440559,0.0559440559440559,0.0,0.0,0.0,0.0,1
34626.0,"Terrified of a brain bleed... This sounds so ridiculous but I dropped my phone on my head yesterday from about an arms length. The corner of it just happened to hit me on the perfect spot right above my temple. It hurt pretty bad for a few seconds, but then I didn't have much pain. I've stupidly been googling like crazy and keep reading about hits where people seem fine and then just die from a subdural hematoma and that they can take days to weeks to cause problems. 

Ughhhh I also take a daily baby aspirin for a blood clotting disorder and people on blood thinners have a higher chance of a bleed. 

I feel ridiculous, I haven't have a trigger like this in a really long time!! Today I am having a mild headache and pressure in the base of my head. I'm terrified but I feel like going to the er would be overreacting to a bump from my stupid phone. 

I've been trying to keep myself from reaching out for reassurance but I can't help it today! I know you guys understand.",Anxiety,0.8095637583892618,0.7007575757575758,0.0,0.0,0.0,0.032258064516129,0.0108008234841079,0.2688172043010752,0.6352495945215354,0.4414145171957672,0.6334656084656085,0.0,0.064516129032258,0.0806451612903225,0.0241935483870967,0.0,0.0,0.0,1
34638.0,"Somatic Symptom Disorder Was just diagnosed with this regarding my established Crohn’s Disease. Any else have a similar diagnosis? What are your experiences? 

My anxiety surrounding this rules every last thing I do. I’m exhausted.",Anxiety,0.1854026845637583,0.1287878787878787,0.0,0.0,0.0097560975609756,0.0,0.0153974813065722,0.1714285714285714,0.9412609736632084,0.4333333333333333,0.3888888888888888,0.0,0.1428571428571428,0.1428571428571428,0.0,0.0,0.0,0.0,1
34641.0,"Excessive neem oil Today my skin was in flaming. I was getting frustrated and angry so I used heaps of moisturizer then neem oil.

While applying my skin was feeling iffy and I noticed my heart racing. I wasn't sure if this was because I was getting anxious or not so I stopped and went online and looks up the dangers of neem oil.

I only used it externally but I used quite a lot. 

Was I getting poisoned? 

Should I be taking precautions, I'm unsure. I took a quick shower to try to rinse off the excess.

Sorry if I'm just wasting time.",Anxiety,0.4412751677852349,0.3901515151515151,0.0,0.0,0.0,0.0,0.0104828883237974,0.2211538461538461,0.6540610227761066,0.424074074074074,0.7432098765432098,0.0,0.125,0.0961538461538461,0.0288461538461538,0.0,0.0,0.0,1
34642.0,"RED VEIN ABOVE TONSIL hi everyone, is it “normal” to have a red vein above one of your tonsils but not the other? 

23, non smoker or drinker 


https://imgur.com/gallery/IyDGJ

All input helps",Anxiety,0.1308724832214765,0.1174242424242424,0.2,0.0,0.0097560975609756,0.0,0.0105242768595041,0.21875,0.9036312849162011,0.5020833333333333,0.2041666666666666,0.0,0.0625,0.0,0.0,0.0,0.0,0.0,1
34649.0,"How do I know if it's pneumonia,asthma,or spring allergy? Context:about 5 weeks ago I was spraying an air freshner in my room and ever since, It started feeling harder to breath and have some chest tightness,but no coughing or anything,I went to the doctor 2 weeks ago(3 weeks after the air refresher thing happened) he checked if there's wheezing in my chest but he said it was normal and he also did a pulse oximeter test and it mine is normal as well, he didn't do a chest x-ray. But now 2 weeks later I still have difficulty breathing and I sneeze pretty much every day(no runny or itchy nose) and I still don't cough,so I'm leaning more towards spring allergy or asthma(even though I never had asthma).so not sure what to do and I'm having anxiety attacks because of it.",Anxiety,0.6434563758389261,0.5303030303030303,0.0,0.0,0.0,0.0,0.0117202000664283,0.1985815602836879,0.7010975078251912,0.55625,0.4861111111111111,0.0,0.0851063829787234,0.0780141843971631,0.0,0.0,0.0,0.0,1
34650.0,"How to manage health anxiety when awaiting results. I have had health anxiety most of my adult life, it comes and goes, changes depending on my life stresses and what is happening.

I went for my annual skin check, and the dermatologist pointed out a mark on my face she wanted biopsied. Apparently the doctor the year before told me to get it biopsied, but I didn't book a follow up appointment. (I call BS, if the previous doctor had told me I needed it checked, I would have been pushing for the next available appointment).
So I had it biopsied yesterday, and the Dr wrote path report BCC? (Basel cell carsinoma). So I have now googled the life out if it and convinced myself it is the worst possible outcome, overanalysed every comment the Drs said during the procedure (it's not coming out easily! Has it infused with my brain?? I left it too long!?? )

My skin and moles have never been a trigger for me in the past despite it being a likely genuine health problem for me (fair skin, family history etc). How am I going to get through the next week until I get the results?? Usually I can have small comfort that my fears are somewhat irrational....",Anxiety,0.9614093959731544,0.8030303030303031,0.0,0.0,0.0,0.064516129032258,0.0114412369534008,0.2253521126760563,0.633225797990925,0.5197916666666667,0.4583333333333333,0.0093896713615023,0.0704225352112676,0.0751173708920187,0.028169014084507,0.0,0.0,0.0,1
34652.0,Little rant Have had a lump in my forearm for years which I’m almost sure is a lipoma and I haven’t even started worrying about it until I googled stuff... of course. I’ve had it for at least half a decade so I don’t know why I can’t shake the idea of sarcoma out of my head. Blah. Just a little rant to get it out somewhere.,Anxiety,0.2659395973154362,0.25,0.0,0.0,0.024390243902439,0.032258064516129,0.0095236626783438,0.2686567164179104,0.7545234720253481,0.4658333333333333,0.4911111111111111,0.0,0.044776119402985,0.044776119402985,0.0,0.0,0.0,0.0,1
34655.0,Headache right after urinating Has anybody felt this instant high intensity headache which lasts for a second after urinating with pressure?,Anxiety,0.110738255033557,0.0757575757575757,0.0,0.0,0.0,0.0,0.0158894136166863,0.1904761904761904,0.8531524341580207,0.5557142857142857,0.4355952380952381,0.0,0.0952380952380952,0.0952380952380952,0.0,0.0,0.0,0.0,1
34656.0,"Good foods to ease back into eating after a few days of diarrhoea and some vomiting. I haven’t eaten in over two days after having bad diarrhoea and some vomiting, everything I eat comes back out.

I was wondering what good foods are to reconstruct good, healthy eating habits.",Anxiety,0.2248322147651006,0.1818181818181818,0.0,0.0,0.0048780487804878,0.0,0.0122350593129813,0.1836734693877551,0.7482613156994641,0.60625,0.3833333333333333,0.0,0.1020408163265306,0.0204081632653061,0.0,0.0,0.0,0.0,1
34657.0,"Crawling skin Feels like somethings is crawling under my skin, does anyone know what I can take to combat this? Thank you",Anxiety,0.0947986577181208,0.0795454545454545,0.0,0.0,0.0,0.0,0.0118645128975707,0.0909090909090909,0.9532757745048248,0.5,0.0,0.0,0.0909090909090909,0.0454545454545454,0.0,0.0,0.0,0.0,1
34661.0,"I convinced myself that I have esophageal cancer. So I am 22 years old without any known digestive issues like GERD or anything. However for a couple of weeks now my stomach hurts like hell everytime I swallow something, like a cramp when the food is passing into it.

The last few month have probably been the most stressfull of my life so I had a lot of acid reflux issues which in turn can lead to only one logical conclusion that it hurts because my esophageal cancer is blocking most of the pipes and that I am going to die (/s).

The symptoms have gotten better over the last week now while I had vacation and only swallowing large portions causes the pain or when there is a lot of sauce on it. But that is a state I reached a few weeks back and it eventually retuned.

Anyone have some input here, because I know how much of a hassle it would be to get my doc to order a gastroscopy. So far he only gave me these acid absorbing pills or something like that but I am not sure that they helped all that much.

EDIT: Sorry for spelling errors in advance english is sadly not my first language",Anxiety,0.910234899328859,0.7992424242424243,0.0,0.0,0.0,0.0,0.0105384895264826,0.2452830188679245,0.612100769474017,0.5338474025974026,0.4674603174603175,0.0188679245283018,0.0471698113207547,0.080188679245283,0.0424528301886792,0.0,0.0,0.0,1
34662.0,"Scared of HIV, extreme anxiety, dont know what to do Hello folks

Soo, for a long time I had enlarged lymph node behind my ear. Then I went to the doc. She looked very worried. Sent me to bloodwork for a few tests. Then I became very anxious, like my life will soon end, then I somewhat learned to deal with it, I became less anxious, then more anxious again, as I got sick frequently. Recently not only the lymp node got bigger, I got a few test results from blood work.

I have not good levels of some stuff but I cant understand it and I dont wanna research, HIV results not here yet. Bad thing is, I am always anxious, feel like my life will really change. I have thoughts of how the area behind my ear will hurt very much and I would need operation. Recently it feels like the area is stiff, like a muscle I can't relax.

What to do? Tell friends? Try to get engaged and not pay attention to it? Try relaxation? I feel very lonely in this situation.",Anxiety,0.7911073825503355,0.7007575757575758,0.0,0.0,0.0,0.0,0.0103935246897123,0.1666666666666666,0.6352495945215354,0.4224948240165631,0.5917598343685299,0.010752688172043,0.0376344086021505,0.0913978494623656,0.0403225806451612,0.0,0.0,0.0,1
34669.0,"Mammogram/ultrasound this week has me freaking out I have these every year and whenever the time comes I always get super scared and imagine getting the worst results. I have fibrocystic breasts so a normal mammogram just doesn't cut it, and I have to get an ultrasound each year. It sends me into such a state of panic and worry, I can't focus on anything else.",Anxiety,0.296979865771812,0.2462121212121212,0.0,0.0,0.0,0.0,0.0117079889807162,0.2121212121212121,0.797528356187574,0.4354166666666667,0.7041666666666666,0.0,0.0606060606060606,0.0303030303030303,0.0,0.0,0.0,0.0,1
34670.0,"Tips to cure from erectile dysfunction ""Erectile dysfunction, also known as impotence, is a medical term that describes the inability to achieve and/or maintain a penis adequately erect for sexual intercourse.To cure erectile dysfunction or to cure impotence there are several actions you can take to improve your ability to get and keep erections, 
perform in bed, and make your erectile dysfunction either go away or become significantly less severe.""",Anxiety,0.3724832214765101,0.2613636363636363,0.0,0.0,0.0,0.0,0.0150531286894923,0.2714285714285714,0.794413407821229,0.5666666666666667,0.2466666666666666,0.0857142857142857,0.0,0.1142857142857142,0.0428571428571428,0.0,0.0,0.0,1
34676.0,"Have been getting sick fairly often This year I've been getting sick a lot. Back in October, I believe I had a flu. 102 fever for 5 days straight, respiratory symptoms, etc. but I never got swabbed. Then, in December I had a cold. I caught another cold again in January, and then Influenza A in February. Now just a week ago I caught another respiratory virus. It wasn't another flu because I got tested and the swab was negative, but it also seemed much worse than a cold (I had fevers up to 102). A week fever free but I'm still very congested. In between all of this I've had random sore throats as well. I'm worried something more is happening, whether it's some sort of auto immune problem or something else possibly worse. I'm getting a metabolic panel tomorrow, so hopefully that'll answer some of my concerns. I'm hoping it's just a vitamin deficiency, but of course my mind goes straight to something serious like cancer or something like that. This is also fairly recent of a problem. I've always had a lower immune system but I've never been this constantly sick.",Anxiety,0.8942953020134228,0.7310606060606061,0.0,0.0,0.0,0.0,0.0118499900599244,0.2010309278350515,0.6237977308068882,0.4032581453634085,0.6256892230576441,0.0,0.056701030927835,0.0515463917525773,0.0386597938144329,0.0,0.0,0.0,1
34678.0,"Heart rate 90+ while sleeping after flu shot I got the flu shot for the first time this morning, and when I went to bed at 9:30pm my heart rate suddenly hit about 90 (I have a Fitbit) and I could feel it pounding in my chest. It’s now 2am and my heart rate hasn’t dipped below 85 all night when it usually gets as low as 57 when I sleep. 

Anyone else had this happen with the flu shot before? Think I will go to the doc in the morning... 

ETA: realised I might have a fever, and took some aspirin.",Anxiety,0.4085570469798658,0.3825757575757575,0.0,0.0,0.0097560975609756,0.032258064516129,0.0095135850483444,0.2352941176470588,0.6875890020812794,0.5,0.3458333333333333,0.0,0.0490196078431372,0.0490196078431372,0.0294117647058823,0.0,0.0,0.0,1
34680.0,"Losing appetite Hi guys, not sure if this is the right category to post in but hoping I can get some tips here in regards to increasing my appetite. These past few months I've been experiencing a lot of stress from work and study and I have lost my appetite to eat. Everytime I eat I feel like throwing up. Any suggestion on how to combat this? Thanks",Anxiety,0.287751677852349,0.2537878787878788,0.0,0.0,0.0,0.0,0.0105939069842813,0.2205882352941176,0.8488333881038449,0.4785714285714286,0.3949206349206349,0.0294117647058823,0.0735294117647058,0.0735294117647058,0.0,0.0,0.0,0.0,1
34683.0,"Gave wife oral So i have always been hesitant to do any unprotected sex because i am terrified of stds. But yesterday night i licked my wifes vagina for maybe 5 minutes without a barrier. We have never gotten tested for stds although my wife has had gyno examinations and pap smears and nothing has come up. Also i havent noticed any warts or anythimg on her. 
I knowbit sounds silly, but what is the chance that i could get chlamydia / gonorrhea? Is it possible that she carried those diseases for 3 years since we met and i havent noticed?? Is it even reasonable to think that tou could catch those from the activity described?? Note that i do suffer heavily from health anxiety.
Thanks to whoever replies seriouslyand sry for typos im om my phone",Anxiety,0.6208053691275168,0.5151515151515151,0.0,0.0,0.0,0.0,0.0115948804568578,0.1970802919708029,0.74489254985116,0.47,0.635,0.0,0.0510948905109489,0.072992700729927,0.010948905109489,0.0,0.0,0.0,1
34684.0,"uncertainty and evaluating risk interesting editorial on health, risks, diagnoses, etc.

https://www.nytimes.com/2018/04/17/upshot/were-bad-at-evaluating-risk-how-doctors-can-help.html",Anxiety,0.0738255033557046,0.0416666666666666,0.2,0.0,0.0,0.0,0.0206037649219467,0.1666666666666666,1.0,0.75,0.5,0.0,0.1666666666666666,0.1666666666666666,0.0,0.0,0.0,0.0,1
34687.0,"Pain in left thigh/leg and muscle spasms, freaked out about DVT again I've been afraid of DVT since early March because I have had various weird spasms and pain in my left leg. It happened twice that I woke up with immense pain and cramping in that leg. This happened to me when I was a kid sometimes, but I don't remember if it was just in one leg then. 



I've had two doctors tell me that my pain and symptoms don't match those of DVT and that I need to stop Googling, so I'm laying off the Google now...


The pain was mostly gone the last two weeks but right now I have a lot of cramp and a burning sensation in that same leg again and it seriously makes me anxious.



I also have another issue. I got meds for my anxiety: gabapentin and lexapro, but I am afraid to take them because of the possible side effects. I have been taking gabapentin but it only helps for a few hours. Lexapro seems more dangerous and I don't know if I'll just worry myself by thinking about the symptoms. 


Anyway, thanks for letting me get this off my chest.",Anxiety,0.8598993288590604,0.7575757575757576,0.0,0.0,0.0,0.032258064516129,0.0104830530542877,0.2437810945273631,0.5806442647099697,0.4625595238095238,0.559702380952381,0.0099502487562189,0.0497512437810945,0.0497512437810945,0.0298507462686567,0.0,0.0,0.0,1
34690.0,"Terrified I have myocarditis and will suddenly die soon I've been suffering cold-like viral symptoms for the last 10 days, and I'm terrified the virus will attack my heart in a condition known as myocarditis. It began as a sore throat and a constant need to clear my throat, but has now progressed to a hacking, productive cough. I have also had some chest pain today, although admittedly it feels muscular.

Roughly 4 days into my symptoms (6 days ago now) I went to ER and they performed ECG and took blood. Cardiac troponins were not elevated and ECG was normal. However, I can't get my mind off the idea that because my viral symptoms have worsened, the virus is attacking my heart and I now have myocarditis.

Is it worth going to ER again for an ECG and cardiac troponins to put my mind at ease? I've been reading reports over at the myocarditis foundation website and what strikes me as particularly terrifying about this disease is its tendency to randomly cause sudden death without prior warning. 

I mean, as a health anxiety sufferer whose condition arises from a fear of death, this is the worst illness I ever could've learned about.",Anxiety,0.9521812080536912,0.7651515151515151,0.0,0.0,0.0,0.0,0.0121744765161693,0.2512315270935961,0.6506040674794287,0.4179166666666666,0.4080555555555555,0.0295566502463054,0.0591133004926108,0.083743842364532,0.0369458128078817,0.0,0.0,0.0,1
34695.0,"What’s our fear about? Have you ever thought what is really behind our health anxiety? What would be the worst case scenario every time a new symptom starts?
Have you ever asked yourself... what if I die?

I believe that my HA is just my way of escaping, in some way, I might be enjoying this exercise of being told “all is ok, be free”",Anxiety,0.2743288590604026,0.2424242424242424,0.0,0.0,0.0146341463414634,0.032258064516129,0.0105689764780673,0.2,0.7785990545767082,0.5113636363636364,0.6757575757575758,0.0,0.0461538461538461,0.0769230769230769,0.023076923076923,0.0,0.0,0.0,1
34699.0,Going to see a doctor for Blood test. Any tips to over come the fear of blood test?,Anxiety,0.0629194630872483,0.0643939393939393,0.0,0.0,0.0,0.0,0.0088383838383838,0.3333333333333333,0.8857852265673494,0.5,0.0,0.0,0.0555555555555555,0.0555555555555555,0.0,0.0,0.0,0.0,1
34700.0,Lexapro? Anyone else take lexapro? I was just prescribed it this afternoon and made the mistake of reading the possible side effects.,Anxiety,0.1048657718120805,0.0795454545454545,0.0,0.0,0.0,0.0,0.0137427998998246,0.3181818181818182,0.9065515490096496,0.5,1.0,0.0,0.0909090909090909,0.0,0.0,0.0,0.0,0.0,1
34701.0,Nodule in neck So I've had this bump under my skin near my jaw for about 6 months now. I went to the doc a few months ago and was told to come back if it doesn't go away. It didn't disappear so I returned and was scheduled for an ultrasound on my neck. The doc then sent me to get a CT scan of it. I'm worried that I've got cancer or something. I realize the odds are slim but it's still getting to me. I hope I'm over reacting.,Anxiety,0.3523489932885906,0.3409090909090909,0.0,0.0,0.0,0.0,0.0090023612750885,0.2747252747252747,0.7740806679354165,0.4833333333333333,0.1666666666666666,0.0,0.0439560439560439,0.0329670329670329,0.0,0.0,0.0,0.0,1
34705.0,"Panic attack head pain throat closing. Help 
Hi there 

I have a reoccurring panic attack. I get throat tightness like I can't breathe or swallow , my arms and legs will tingle, I get dizzy, my heart races, I think the end is here. Then after this part passes(5--25mins) I feel very tired and get sharp head pains. I'm terrified of having an anaphylactic reaction so I take Benadryl when I feel the throat tightness but I've been tested and have no allergies. 

Anyone else???

Panic disorder and HA SUCK.",Anxiety,0.4119127516778523,0.3371212121212121,0.0,0.0,0.0,0.032258064516129,0.011899295990205,0.1333333333333333,0.7487274984481688,0.33875,0.83,0.0222222222222222,0.0555555555555555,0.0333333333333333,0.0,0.0,0.0,0.0,1
34706.0,"Just had the worst panic attack Was at my moms for dinner. Had a plate in the kitchen when I all of a sudden didn’t feel too great, kinda faint. Tried to walk it off and got dizzy, tunnel vision, sweaty and heart rate was through the roof. Seriously felt like I was about to die so I told my mother and wife. 

They sat me down and calmed me but it felt like it took forever. I just about told them to call an ambulance because I was sure it was the end. Easily the worst and scariest panic attack I’ve ever had. 

Fuck, I thought I was doing better.",Anxiety,0.4513422818791946,0.4166666666666667,0.0,0.0,0.0097560975609756,0.0,0.0097380438289529,0.2702702702702703,0.6666163370073984,0.4474747474747474,0.7297979797979799,0.0,0.027027027027027,0.054054054054054,0.027027027027027,0.0,0.0,0.0,1
34708.0,"Anyone find going to the gym tough? So I try to get to the gym as often as possible as I know how good it can be for mental health and to get back to my previous standard of fitness. However, since getting HA I find it difficult as I keep focusing on my heart rate after sets or after a bit of cardio; I keep thinking ‘is that too high?’ ‘How long will it take to return to normal!’ ‘I only did 5 reps why is it beating so hard!?’

Really annoying that I can’t enjoy the gym as I keep thinking about how my heart is doing!

Wonder if anyone else is the same, and if so what they do to help!

Happy new year",Anxiety,0.4991610738255033,0.4772727272727273,0.0,0.0,0.0341463414634146,0.0,0.0091456801370903,0.2755905511811024,0.6438657458320503,0.5031590207631874,0.5506228956228957,0.0,0.0551181102362204,0.0866141732283464,0.0236220472440944,0.0,0.0,0.0,1
34709.0,Something stuck in throat Not sure what this is but I think it is mucus/cold stuck in throat and it comes up close in my throat but it never comes out my mouth any idea what this might be?,Anxiety,0.1510067114093959,0.1439393939393939,0.0,0.0,0.0,0.0,0.0094564526382708,0.282051282051282,0.6573556797020483,0.375,0.8888888888888888,0.0,0.0256410256410256,0.0769230769230769,0.0,0.0,0.0,0.0,1
34710.0,"Can’t function properly due to fear of MS A few years ago I was involved in a serious car accident and developed quite severe anxiety. Shortly after this I started experiencing numbness and tingling down my left side, went to the GP thinking it was MS and was basically laughed out of the surgery. Went to a walk in centre and was told it was anxiety. 

Over the years I’ve occasionally gotten numbness / tingling in my left side. Sometimes the left side seems weaker but it’s subjective not objective. 

Recently someone I knew from high school was diagnosed with terminal cancer. Since then I’ve experienced loads of tingles and numbness in my left arm, hand and foot. I’m terrified it’s MS and have spent a lot of time in bed over the past few days researching MS, crying, and doing neurological tests on myself over and over. I’m convinced I have it and my life is over. I just moved somewhere near and haven’t registered with a GP yet so it’s going to take a few weeks to get an appointment.",Anxiety,0.825503355704698,0.6856060606060607,0.0,0.0,0.0439024390243902,0.0,0.0115566251929888,0.2857142857142857,0.6215851187918227,0.5021843434343435,0.2588888888888889,0.0109890109890109,0.0989010989010989,0.0604395604395604,0.0412087912087912,0.0,0.0,0.0,1
34711.0,"I’m determined to win against my HA It is January 1st 2019 and I am currently in bed in tears because my Health Anxiety has been in overdrive for days. I currently think I have numerous illnesses and I’m in constant fear I’m going to die soon. 

But this shouldn’t be how I bring in the New Year. I should be looking forward, I should be looking to tackle the year head on and look to fulfil my potential. This time next year, as we approach 2020, I want to be living my life to the full and not feel crippled by how my mental health perceives my physical health. 

I am so scared of dying, that I don’t spend anytime living. And that is a travesty that I must fight against.",Anxiety,0.5562080536912751,0.4962121212121212,0.0,0.0,0.024390243902439,0.0,0.0102992737290257,0.2803030303030303,0.6573556797020483,0.5539256198347108,0.3982487209759938,0.0,0.0681818181818181,0.106060606060606,0.0227272727272727,0.0,0.0,0.0,1
34712.0,"mole anxiety Hi. i'm glad to have come across this group because nobody understands my anxiety. Since having children, my anxiety has become really bad. I fear I'm not going to be around for my children. I've had a fear scares too and I have some chronic health problems. I'm on holiday now and noticed a mole was raised and a pink. I don't know how long it's been that way. I can't see a doctor for a few more days either. I scratched it a few weeks ago and the top of it came off and now the scab is sort of a shiny pink underneath. The mole seems to have been there for a year or so, but not before that (I did look at previous photos of myself). It's grown in size and changed to pinkish tinged. I am so nervous. I keep imagining that i'll die from this because I read that some pink melanomas can be life threatening in 6 weeks or so. It's awful. I have a 3 year old and a 1 year old so it's even more devastating. My husband doesn't understand.",Anxiety,0.7902684563758389,0.7159090909090909,0.0,0.0,0.0,0.0,0.0100043497172683,0.2578947368421053,0.6321082034695678,0.4557291666666667,0.4520833333333333,0.0,0.0421052631578947,0.0526315789473684,0.0078947368421052,0.0,0.0,0.0,1
34713.0,"Now that the holidays are over... I can feel my emotional repression release and it’s not a good thing. I knew this would happen. The fucking mole on my thigh is scaring the living shit out of me.

Okay so like around October this mole I had my entire life suddenly raised a little and was red. Panic panic panic. About two weeks ago it seemed to have a little white head and I “popped” it. Just like a tiny little zit. It does seems smaller and less red but there’s still this tiny darker dot right next to it. WHY IS IT STILL THERE???? Ugh and I have to convince my parents somehow. I wish I was an adult where this would have been solved in a week in October. I’m 16, just to throw that out there.",Anxiety,0.5796979865771812,0.5227272727272727,0.0,0.0,0.024390243902439,0.064516129032258,0.0101100937431872,0.2589928057553957,0.6746111490695711,0.4751636904761905,0.4188690476190476,0.014388489208633,0.0503597122302158,0.0719424460431654,0.0107913669064748,0.0,0.0,0.0,1
34714.0,"How bad for you is Scottish farmed salmon? I was craving some salmon and bought some to eat tonight, and had quite a lot. I didn’t realize till after I was done eating that the salmon was actually farmed and not wild caught in Scotland. 

Now I’ve been reading articles that say you shouldn’t even if farmed Scottish salmon more then once year or that it’s filled with dioxins and PCB that will give me tons of health problems. Now I’m feeling kind of sick and can’t sleep. Am in danger if I ate pretty much the whole package? 12 slices... thanks",Anxiety,0.4496644295302013,0.3825757575757575,0.0,0.0,0.0292682926829268,0.032258064516129,0.0111678280127477,0.2352941176470588,0.7581334209661518,0.5402597402597402,0.5567099567099567,0.0,0.0784313725490196,0.0294117647058823,0.0147058823529411,0.0,0.0,0.0,1
34718.0,"Brutal bowel movements after eating and random, constant burning sensation in chest all day no matter what Hi all, just wondering if anyone else has dealt with this, my health anxiety is improving, no more panic attacks, googling has gone way down, but my stomach just wont seem to improve and this burning in my chest right between the collar bones seems to be completely random. I don't feel particularly anxious, I cant even recognize it right now, just kinda deflated to be honest but I know my thoughts remain on my health just way less intense than they were. I Don't really enjoy eating because I know whats in store for me and have gone from 187lbs to 164lbs. I had an endoscopy that they said was clear, I'll most likely need to have a colonoscopy (doctor said) and going to see a lung specialist soon. If that stuff comes up clear which it probably will any advice how you help ease your stomach? Worst part is my diet is way better than it was so like \*should shrug\* I'm thinking of taking CBD oil but iono at this point, just lost. I try not to think about the burning and the bowel pain but its so in my face its hard not to.",Anxiety,0.9496644295302014,0.8106060606060607,0.0,0.0,0.0,0.0,0.011043308347748,0.1953488372093023,0.6940106535013641,0.4745634920634921,0.5984325396825396,0.0093023255813953,0.055813953488372,0.1162790697674418,0.0348837209302325,0.0,0.0,0.0,1
34719.0,"Penis skin So I was receiving oral from a woman a few days ago and she was a little rough. I was left with raw, grazed irritated skin on the head of my penis.

At first I was really worried about it getting infected but it seems to be healing normally. Im just wondering if i should just leave it alone and let it heal, or should I put some cream on it to help it heal?",Anxiety,0.3020134228187919,0.2878787878787879,0.0,0.0,0.0,0.0,0.0092706879896962,0.3376623376623376,0.733004425741856,0.492608173076923,0.3306089743589743,0.0,0.1038961038961039,0.0389610389610389,0.0194805194805194,0.0,0.0,0.0,1
34720.0,Fear of asbestos exposure My boyfriend works in a factory and has worked there for the past year and a half. There is asbestos in the ceiling over a small area that is uncovered and I’m constantly worried that somehow I’ve been exposed to it. Is that even possible? We live together. I’m TERRIFIED of asbestos and I’m always so scared to take deep breaths because of it. Am I being ridiculous?,Anxiety,0.322986577181208,0.2689393939393939,0.0,0.0,0.0195121951219512,0.0,0.0116123354759718,0.3194444444444444,0.7144630664183736,0.4460227272727273,0.50625,0.0,0.1111111111111111,0.0416666666666666,0.0208333333333333,0.0,0.0,0.0,1
34722.0,"its back.... i was doing so well for so long with my hypochondria but all of a sudden its back. my mind is going crazy. been a while since i visited this thread.

what has me all paranoid is last night, i was at a party with about 15 people. I went to the bathroom and when i wiped and put the toilet paper in the toilet, i noticed a little bit of red on it like blood. i thought i was getting my period but i wasnt. i didnt see any blood after that. 

so now, I am worried that it was someone ELSES blood on the toilet paper and am concerned about being infected with HIV now. Ugh. my biggest fear. 

The reason I worry is because one person who was at the party is a gay male, and I am unsure of his status.. what if he was sabatoging the toilet paper with his blood?!

I HATE THIS ANXIETY! Literally no rational thoughts here.",Anxiety,0.6837248322147651,0.6287878787878788,0.0,0.0,0.0,0.032258064516129,0.0097594068062222,0.2694610778443114,0.6183721941591677,0.4479166666666667,0.2633333333333333,0.0,0.0718562874251497,0.0658682634730539,0.0089820359281437,0.0,0.0,0.0,1
34724.0,"I told myself that 2019 was going to be the year I beat this; two days in I’ve failed I discovered a small spot on my abdomen to the right of my belly button that is a little bit sore when I bend over or move a certain way. I’ve poked and prodded at it so much trying to feel around for any abnormalities such as a lump, that now it hurts more from all the poking. I’m not exactly sure what it is that I’m afraid I have this time since I’m trying so hard not to google anything and besides appendicitis, I am not sure what other malicious causes could explain this sort of abdominal pain. My mom says it’s probably a muscle strain. 
I do not feel anything abnormal when I press, however I carry some extra weight in my belly so I fear that I just cannot feel anything through the layer of fat. 
Not a great start to 2019 at all.",Anxiety,0.6862416107382551,0.625,0.0,0.0,0.0292682926829268,0.0,0.0099239934946397,0.2590361445783132,0.6470350676448812,0.4448611111111111,0.5301058201058201,0.0,0.0602409638554216,0.072289156626506,0.036144578313253,0.0,0.0,0.0,1
34725.0,"Convincing yourself you’re ok? How do some of y’all convince yourself that you’re not dying? Sometimes I will be doing anything normal like washing my hands or driving, and I just think to myself “I don’t feel right.” I constantly freak myself out to the point I just shut down and can’t continue on with my day. This all just started abruptly two months ago so I’m really new to all this and I feel like I’m spiraling. I try my best to believe my doctor, especially the one I have now because I’ve convinced myself that my first 3 doctors were lying and it’s not just my anxiety. I’m just so tired of feeling like this and I need some better coping mechanisms. Thanks for any replies and help.",Anxiety,0.575503355704698,0.4886363636363636,0.0,0.0,0.0585365853658536,0.0,0.0111782157236702,0.1923076923076923,0.6678985818650623,0.6014829416615131,0.5568439497010925,0.0,0.0846153846153846,0.1,0.0461538461538461,0.0,0.0,0.0,1
34731.0,"Dr. Ravishankar Polisetty | Top Ayurvedic Doctor in India ## [Dr. Ravishankar Polisetty | Top Ayurvedic Doctor in India](http://drravishankarpolisetty.com/)

**Dr. Ravishankar Polisetty** is one of the **Top Ayurvedic Doctor in India****.** A Cardiovascular Surgeon cum NaturopathDr. Ravishankar Polisetty developed many advanced methodologies through an integrative approach to manage diseases like IHD, arthritis, allergies, asthma, calculi in various organs and some forms of cancer.

For appointment 
Visit our website:- [http://drravishankarpolisetty.com/](http://drravishankarpolisetty.com/)",Anxiety,0.4177852348993288,0.2651515151515151,0.4,0.0,0.0,0.0,0.0173582819229426,0.1830985915492957,0.7683531355732158,0.609375,0.55,0.028169014084507,0.028169014084507,0.056338028169014,0.0,0.0,0.0,0.0,1
34734.0,"Lumps appearing overnight. So I don’t post much on reddit but recently I’ve starting to see more and more lumps appearing on my body. First was back in November on the lower left section of my abdomen. Two weeks ago two appeared near the last rip of my rips cage, one on each side. I went to the doctor yesterday and she said they’re most likely cyst and to not worry about them. Although t’s might just be me being paranoid but I swear more grew over night. It is common for cyst to appear quickly on the body or is it something else?",Anxiety,0.4421140939597315,0.3901515151515151,0.0,0.0,0.0195121951219512,0.0,0.0105159991523627,0.2596153846153846,0.7430167597765363,0.5922619047619048,0.3642857142857142,0.0192307692307692,0.0576923076923076,0.0865384615384615,0.0432692307692307,0.0,0.0,0.0,1
34735.0,Anxiety is getting worse I've been sick with a nasty virus since Dec 24th. Just now getting over it. Lymphnodes are still swollen. Health anxiety is causing me to think its lymphoma,Anxiety,0.1451342281879194,0.1174242424242424,0.0,0.0,0.0,0.0,0.012353650137741,0.1875,0.9036312849162011,0.1476190476190476,0.8190476190476191,0.0,0.09375,0.09375,0.0,0.0,0.0,0.0,1
34738.0,"I had an ECG about a month and a half ago. Am I still good or should I take another one? Hey guys, I’ve been dealing with extreme anxiety the past couple of days which none of it seems to get better. I’m dizzy and have chest muscle pain same with my right arm. Shortness of breath. I had an ECG done about a month and a half ago (I’ve had heart failure symptoms for about 2/3 months now), is it possible that I need another one done or would the ECG have picked it up?",Anxiety,0.3859060402684564,0.3598484848484848,0.0,0.0,0.0146341463414634,0.0,0.009591655188246,0.2604166666666667,0.7001862197392924,0.5230357142857143,0.4644047619047619,0.0,0.03125,0.0416666666666666,0.0,0.0,0.0,0.0,1
34743.0,"Is it possible to create symptoms of a sickness I’m fearing? For the last few weeks I’ve been obsessing over a possible brain tumor. I’m 17 and I feel that my vision has gotten worse lately, especially in the dark. (My eyesight was already bad without glasses) I also have a lot of ‘floaters’ in my sight and sometimes a green tint as if I looked and the sun and looked away quickly. I’ve been tired the last couple of days even though I got plenty of sleep and sometimes when I’m holding my phone it feels light for some reason, I guess I title that with light headedness. Although I have experienced migraines I know this is something entirely different. Symptoms I haven’t felt are Severe headaches, vomiting or seizures. I’ve been a hypochondriac since I was a kid and I hate it and I can’t help but fear these symptoms. I plan on seeing some sort of doctor in the future, but I wanted to get it off my chest now.",Anxiety,0.7625838926174496,0.6515151515151515,0.0,0.0,0.048780487804878,0.0,0.0110411789996655,0.2658959537572254,0.6434914586495301,0.4745614035087719,0.543421052631579,0.0115606936416184,0.0578034682080924,0.0578034682080924,0.0173410404624277,0.0,0.0,0.0,1
34744.0,"Pinky keeps shaking Shot in the dark... 
Anxiety seems to be at all time high, to the point where I have accepted something is neurologically wrong with me. 
I’ve had a lot of symptoms to which my neurologist did the emg study and and mri. 
He gave me the all clear. 
I have a lot of other symptoms, but the main one at the moment is that I can’t seem to beat is my left hand pinky. 
Can extended periods of anxiety cause muscle weakening. My dang pinky won’t stop shaking when I try to use it or extend it from my ring finger. Can’t tell if this is stress/anxiety related. It seem to shake like it is weak or something. It shake worse and less at different parts of the day.",Anxiety,0.5553691275167785,0.4962121212121212,0.0,0.0,0.0195121951219512,0.032258064516129,0.01027318640955,0.3257575757575757,0.6651430506179109,0.44625,0.4352777777777777,0.0151515151515151,0.0454545454545454,0.0909090909090909,0.0113636363636363,1.0,0.0,0.0,1
34746.0,"HIV or anxiety creating my symptoms? I had shaved the day before and had a small cut on my scrotum, anyways. She had bled a bit.

She says she was negative but you know health anxiety wouldnt allow that to be enough.

I am at day 45 and probably for the last 30-35 days I have had symptoms such as Fatigue, muscle aches(doctor thinks this is levaquin), have not had a fever, but the last two weeks I have had mild headaches regularly, also a sore throat(nothing new for me).

Any thoughts or help would be great, I know its not a death sentence if I am positive, and this community is great for all the help they provide others.",Anxiety,0.5176174496644296,0.4507575757575758,0.0,0.0,0.0,0.0,0.0107323232323232,0.2416666666666666,0.674487895716946,0.572790404040404,0.4175213675213675,0.0,0.0333333333333333,0.0833333333333333,0.0125,0.0,0.0,0.0,1
34748.0,Worried about my stomach Started last night. I was drying clothes and I felt my stomach balloon up with gas so bad that I couldn’t stand. It wasn’t painful just uncomfortable. I started to panic. I went upstairs to my bedroom and took antacids because it’s all I had. Then I had to use the bathroom. I was still in panic mode as I could barely take a deep breath. It eventually went away but here I am sitting at work and my stomach is swelling up again and I’m scared it’s going to kill me. I just took a gas pill about 10 mins ago but it’s not working and I’m drinking water. It’s so uncomfortable it feels like I’m pregnant probably looks like it too. Can you die from having gas in your stomach like this? My anxiety is making it worse,Anxiety,0.613255033557047,0.5416666666666666,0.0,0.0,0.0439024390243902,0.0,0.0104644934190388,0.1944444444444444,0.6502172563625077,0.3657407407407408,0.5814814814814814,0.0,0.0833333333333333,0.0694444444444444,0.03125,0.0,0.0,0.0,1
34749.0,"Temporarily Wrinkled Skin?? Hey guys,

I woke up this morning and noticed something had changed on my body. The more I looked at it, the more I was disturbed. The skin on the back of my hand had a different texture. It almost looked like a burn scar. Instead of smooth and straight, it was more wrinkly and bumpy. My thought was wow, can aging of the skin happen overnight? 

The weird thing is the texture has gone back to normal now and my other hand didn't do the same thing.",Anxiety,0.3917785234899328,0.3409090909090909,0.0,0.0,0.0,0.0,0.0107808857808857,0.3076923076923077,0.672416968506354,0.5663461538461538,0.4730769230769231,0.0,0.0989010989010989,0.0879120879120879,0.0329670329670329,0.0,0.0,0.0,1
34756.0,"Crazy bloating Hi everyone, 

I’ve pretty much had my health anxiety under control until recently again. 
I started a super low sugar, low carb diet and gave up alcohol, well the past few days my extreme bloating had not gone down. I started taking probiotics as well. I was diagnosed with a UTI today bc of the frequent urge to pee. My lower back hurts and I have a pinching pain in my lower left abdomen as well. My test came back negative but the doc said I had all symptoms of UTI and was prescribed macro bid. Anyway I also have a history of cysts and fibroids, I started googling and of course ovarian cancer came up. Now I’m freaking out and upset, anyone out there have crazy bloating with a benign reason?",Anxiety,0.589765100671141,0.5037878787878788,0.0,0.0,0.0097560975609756,0.0,0.0110655400682537,0.1940298507462686,0.6701409155340615,0.460375816993464,0.4032679738562091,0.0,0.0895522388059701,0.0970149253731343,0.0111940298507462,0.0,0.0,0.0,1
34761.0,"How can I tell if I’m actually having an allergy to a food or if I’m just panicking? I ate some pecans and they made my tongue and roof of my mouth hurt. This has happened before but I never though much of it. So I googled it and saw “allergy” everywhere and got panicky. Now my eardrum has been twitching and my through feels kind of tight and mucousy so I’m terrified of it closing. 

How can I tell if I’m just being anxious? It’s been about 35-40 minutes since I ate them.",Anxiety,0.3909395973154362,0.3522727272727273,0.0,0.0,0.0341463414634146,0.0,0.0101693921809975,0.1808510638297872,0.6719362890764293,0.5371428571428571,0.4971428571428571,0.0,0.0638297872340425,0.0851063829787234,0.0159574468085106,0.0,0.0,0.0,1
34764.0,"Pilonidal cyst not responding to anti biotics ugh. I've had this thing for a while but when it flares up its never THAT bad. This time it was pretty painful and didn't go away after 2 days like it usually does. I went to the dermatologist, he gave me anti biotics. Its been 2 days with the anti biotics (ciprofloxacin) and its still inflamed, arguably worse than ever. Ibuprofen helps but not enough. Sleeping is so god damn difficult. 

The dermatologist said that these things can go 'deep' which scared the shit out of me. I've let this thing just sort of stay there for years now and I am terrified that a surgery would basically take a huge chunk of the entire area out just to get rid of this thing. I actually had a surgery for it years ago but that was when it FIRST appeared, and that was bad enough. 

I hate this so fucking much. I can barely sit down, but standing hurts too for some reason, and so does laying down.",Anxiety,0.7684563758389261,0.662878787878788,0.0,0.0,0.0,0.0,0.0108666729276233,0.2556818181818182,0.643727780599289,0.4147222222222222,0.5509722222222222,0.0,0.0511363636363636,0.0625,0.0426136363636363,0.0,0.0,0.0,1
34765.0,"On the verge of falling back into this Hey guys. So let me just start off with a bit of background. I’ve had health anxiety my entire life. I’m a 21 year old male and about a year ago, it for really really bad. Every. Single. Day for about 3 months I fears ALS, Brain Tumors, Stomach Cancer and Esophageal Cancer. It was awful. Well I managed to get past that and I joined the army, finished my basic and job training schools and went home for the holidays.

Well, the past few days I’ve been having some stomach discomfort and I was even in the hospital a week ago because of the pain (they told me it was just acid and the antacid they gave me seemed to fix the problem.) Now I’m extremely nervous, I’m so close to googling “stomach cancer symptoms” and I haven’t yet. I know if I do everything will come unraveled but I’m having trouble fighting this. What do I do?",Anxiety,0.7206375838926175,0.6287878787878788,0.0,0.0,0.0439024390243902,0.0,0.0106666831626004,0.2395209580838323,0.6860803532599605,0.3962912087912087,0.3639194139194139,0.0,0.0718562874251497,0.0718562874251497,0.0269461077844311,0.0,0.0,0.0,1
34766.0,"Should I be concerned about stomach cancer? I’m a 24 year old male. 2 years ago I started having symptoms described below and it would come and go every couple months. So about 2 months ago I started having stomach issues with gas, being constantly full, zero appetite and little pains in my stomach. The pains faded after 2 weeks and the last 2 months it feels as if my stomach isn’t producing enough acid. I don’t know what is going on. I have zero pain during or after eating. The only symptom I have is the feeling of my food not being digested after eating and being full for hours and hours after eating. I have ZERO appetite. And also after eating my gut gets very gurgle and makes lots of noises.

I’ll even workout twice a day and fast till dinner and still have zero appetite. I usually consume 400-600 mg of caffeine wether it’s multiple cups of coffee, tea or pre workout so I don’t know if that is bad. My anxiety has been very high worrying about stomach cancer.

Anyone have any idea what this could be? Is it the caffeine? Does caffeine ruin your stomach? Is this cancer or chronic gastritis? Should be be concerned?",Anxiety,0.9412751677852348,0.7916666666666667,0.0,0.0,0.0292682926829268,0.0,0.0113144431326249,0.2,0.6133014099494546,0.5096607142857142,0.4275238095238095,0.0,0.0857142857142857,0.0666666666666666,0.0214285714285714,0.0,0.0,0.0,1
34768.0,"Blood Pressure This is for anyone with high blood pressure or blood pressure anxiety. In the past year, I've gained some weight and become a lot more sedentary. My bp about 2 months ago was around 130/82. The past few weeks I've been experiencing some pressure in my ears and throbbing eardrum. I visited my doctor and my BP reading was first 150/95 and before I left 145/89. She wants me to log my blood pressure and return it to her after about two weeks. What I'm curious about is, to be diagnosed with high blood pressure, does it have to stay elevated above 120/80 all the time or if it gets up to higher than 120/80 often it's considered high blood pressure? How exactly is high bp diagnosed? Is this something can kill me soon or is it a risk for the future? I'm a (27m) a little overweight.",Anxiety,0.662751677852349,0.5643939393939394,0.0,0.0,0.0,0.0,0.0111111111111111,0.2666666666666666,0.6299441340782123,0.526640625,0.3698958333333333,0.0,0.06,0.0466666666666666,0.01,0.0,0.0,0.0,1
34769.0,"Four days of pure hell Today I decided I was tired of feeling like I was in mental prison. I have been not doing a lot because I feared I was dying after going to the dentist and feeling on and off fatigue for the last 4 days. I think I made it worse by thinking non stop negative thoughts. I literally poisoned myself with my thoughts. My lovely boyfriend came over the other day happy to see me and I was trying my hardest to hide my state of panic and fear from him. I couldn’t even enjoy my time with him... 

I think I’m okay today. This morning I was like fuck this and just got ready. I’m hoping today I feel better. I might have had slight fatigue but my mind turned it into 100* worse then it was ....",Anxiety,0.587248322147651,0.5378787878787878,0.0,0.0,0.0146341463414634,0.064516129032258,0.0098417422797588,0.2307692307692307,0.6621479079579639,0.5257068452380952,0.4973958333333333,0.0,0.0979020979020979,0.1118881118881118,0.0209790209790209,0.0,0.0,0.0,1
34770.0,"Unclean tap water fear I was in the Philippines last January and I remember drinking tap water connected to a filter. Since Philippines is a third world country, of course it's not going to be 100% clean. Surprisingly I have not gotten sick from drinking the filtered tap water. I'm scared there might be an amoeba hiding inside of my body right now ready to attack me.",Anxiety,0.3028523489932886,0.25,0.0,0.0,0.0,0.0,0.0117850828502117,0.2537313432835821,0.7852080380221795,0.5598639455782313,0.451360544217687,0.0,0.1044776119402985,0.0746268656716417,0.0223880597014925,0.0,0.0,0.0,1
34771.0,"Wtf is going on in my head? Normally I'm good at handling this, but I really need reassurance tonight. I rolled over in bed and accidentally strained the right side of my neck a bit too much. I immediately felt discomfort and started to get a dull pain shooting up my neck and into my head, all on the right half. My face felt numb-ish and now feels... not swollen, but I guess 'puffy' is the best way to describe it? I have a dull headache on the right side of my head. Totally freaking out. Should I be worried, or am I losing it over a simple muscle strain?",Anxiety,0.4630872483221476,0.4128787878787879,0.0,0.0,0.0,0.032258064516129,0.0103305785123966,0.2454545454545454,0.6822752666328086,0.5656593406593406,0.4754578754578754,0.0,0.0909090909090909,0.109090909090909,0.0681818181818181,0.0,0.0,0.0,1
34773.0,"Does anyone else have pelvic floor pain after multiple ejaculations in a short period of time. Lately I masturbated two times in a short period of time (within about 1 hour I guess) after the first ejaculation I had no pain in my lower area. But after the second time I had a little bit of pain in my pelvic floor area for about 30-45 minutes. 

As far as I remember this happend to me when I usually was ""younger"" (I’m 21 now) as well when I masturbated a lot in a short period of time but since I had no HA back then I didn’t stress about it. 

I just wanted to know if this happens to any of you guys as well and if it is normal.",Anxiety,0.5201342281879194,0.4848484848484848,0.0,0.0,0.0097560975609756,0.0,0.0095591218741324,0.2403100775193798,0.5936078991814993,0.4908653846153846,0.3256410256410256,0.0155038759689922,0.0232558139534883,0.0387596899224806,0.0232558139534883,0.0,0.0,0.0,1
34774.0,"I hate this I was walking my dog and looked up at the stars and I felt a twinge in my neck.

I'm convinced I'm going to have a stroke now because I might have disturbed an artery or whatever. Like salon stroke.

This is insane. I hate this all consuming fear.",Anxiety,0.2088926174496644,0.1931818181818181,0.0,0.0,0.0,0.0,0.0098537825810553,0.2884615384615384,0.7627847013321875,0.0666666666666666,0.9333333333333332,0.0,0.1153846153846153,0.0576923076923076,0.0,0.0,0.0,0.0,1
34777.0,"Weird symptom I've been having that scares me. So for the past year I've been having this weird symptom on and off, and it freaks me out every time. It only happens when I get out of the shower. My toes will turn noticeably bright red while the rest of my foot remains regular skin color. When this happens they are also very hot when you touch them. There's no pain, numbness or tingling, Just extremely red. Normally it only happens when I get out of the shower, but I got off the couch tonight and it happened. I've done a lot of research on the possibilities and the most common answer is peripheral artery disease and that terrifies me. I suppose I'm just looking for some insight at the moment. I'm a 28 year old male, quite lean. My family has a very good medical history, but my father has hypertension. He's not overweight at all, it's more of a genetic condition than acquired. I've never been diagnosed with hypertension but I wouldn't doubt if I have it or develop it at some point.",Anxiety,0.8271812080536912,0.696969696969697,0.0,0.0,0.0,0.0,0.0112891817437271,0.2378378378378378,0.6443907594745584,0.5436764705882353,0.5121719457013574,0.0216216216216216,0.027027027027027,0.0918918918918919,0.0486486486486486,0.0,0.0,0.0,1
34781.0,"Why does my vision go black for a split second?? For a while now my vision has been doing this thing where I go blind for a millisecond a few times in a row, almost like I’m blinking without actually blinking. My blood pressure is fine, I don’t get dizzy, I don’t have anxiety when it happens, it just randomly happens. I can be doing anything and all of the sudden it’s like someone turned the lights in a room off and back on real quick. It’s strange. Is this something to worry about? Any help would be great. 👍🏼",Anxiety,0.4303691275167785,0.375,0.0,0.1,0.0341463414634146,0.0,0.0107438016528925,0.26,0.7430167597765363,0.5125,0.3708333333333333,0.04,0.07,0.1,0.03,0.0,0.0,0.0,1
34782.0,"Pulse/ Palpitations in Neck Hey guys,

I just wanted to ask around if any of you have this going on as well. 

For the first time in my life, and only two days ago, I realized that I can see the veins/artery in my neck visibly pulsate. 

I have had problems in the past with palpitations, but now that I have noticed this I can’t go in front of a mirror without freaking out about it. Is this something new, or has this always been there, and I just never noticed? 

There isn’t much information about this online; not that I want to search and freak out some more.

What do you guys think, is this normal male anatomy?",Anxiety,0.5058724832214765,0.4469696969696969,0.0,0.0,0.0097560975609756,0.0,0.0104781582054309,0.2689075630252101,0.7149429604243932,0.5616477272727273,0.4359848484848485,0.0168067226890756,0.0504201680672268,0.0672268907563025,0.0252100840336134,0.0,0.0,0.0,1
34784.0,"A dip in my neck, not sure what it came from I have had this weird crater/ sunken circle about the size of a quarter right where my jaw meets my neck for about a month. I'm 28, not super active, but not overweight. 5'3"", 126lbs... i guess i'm wondering what it is because it didnt just gradually get there and i've never been hugely overweight so I don't know how likely it is to have loose skin there at my age/ weight? I'm trying to be rational about it without insurance, but I don't know what I can do to see if it improves.",Anxiety,0.436241610738255,0.393939393939394,0.0,0.0,0.0,0.032258064516129,0.0101174078446805,0.219047619047619,0.7063048683160416,0.4724244505494505,0.7325625763125763,0.0,0.019047619047619,0.0761904761904762,0.0428571428571428,0.0,0.0,0.0,1
34786.0,"Advice on how to cope traveling soon I was doing fine and now this week has been the worst. I feel like I am not me I'm in a fog and on autopilot. Dizziness ears ringing head tension. Convinced myself I won't be here longer. 

I couldn't even get to the grocery store done the street without panicking. I leave in a week for a trip from work and don't know how I'm gonna do it alone. I spend my time mapping out the closest hospital I just cant live like this anymore. I feel like I'm letting my family down",Anxiety,0.4169463087248322,0.3787878787878788,0.0,0.0,0.0,0.0,0.0100203202138395,0.2277227722772277,0.7252060401570883,0.4246843434343434,0.5722222222222222,0.0,0.0594059405940594,0.0495049504950495,0.0148514851485148,0.0,0.0,0.0,1
34789.0,"Head pulsing from medicine side effects. My suffering started when Doctor prescribed me clonazepam and Gabapentin. I took for just 2 weeks.Ever since I am suffering from lots of side effects. Well many have subsided or disappeared.

As of now I am suffering from head pulsing, tinnitus and lower back pain. 

I feel my head pulse over pillow. If I try to solve tough questions, my brain starts crashing.it goes black. I cannot explain what is going inside my head . I went to 13 different doctors in past 2 month( I thought I had some rare illness). stopped going after I realised I suffer from medicine side effects. Everyone think it's all happening due to anxiety. 
This medication ruined my life.",Anxiety,0.5771812080536912,0.4583333333333333,0.0,0.0,0.0,0.0,0.0124418552138373,0.1393442622950819,0.7135268797508929,0.4918402777777778,0.4864583333333333,0.0163934426229508,0.1065573770491803,0.0573770491803278,0.0,0.0,0.0,0.0,1
34791.0,Exhaustion Can health anxiety cause fatigue? My anxiety has been so bad lately and for the past weeks I’ve been exhausted. I’m just tired throughout majority of the day. I went to the doctor for continued back pain today (one reason for anxiety) and my x rays came back all clear but now with this fatigue I’m concerned that it’s a sign for some other illness. I’m only 19 and I’m so tired of all of this.,Anxiety,0.3330536912751677,0.2878787878787879,0.0,0.0,0.0292682926829268,0.0,0.0109253693964437,0.2337662337662337,0.7463542044547632,0.3875,0.4886363636363637,0.0259740259740259,0.0519480519480519,0.1038961038961039,0.0389610389610389,0.0,0.0,0.0,1
34792.0,"Who else worries about other people too? Does anyone else worry about other people near them getting sick? I was visiting my parents over the holidays and I was worried about my mom. I don't think she goes to the doctor unless something is super wrong but I'm worried she has a brain tumor because she forgot some things I told her. She is also a bit over weight and i was reading that women who are overweight have a higher risk of cancer. I usually see her once a year since I live so far away and it feels like when I see her she is so much older... 

And this week I was worried I have colon cancer. I think it's because I ate a bunch of chick peas and so my stomach hurt. 

I can't stop my mind racing and thinking the worst.",Anxiety,0.6023489932885906,0.5492424242424243,0.0,0.0,0.0,0.032258064516129,0.0099154685082455,0.1917808219178082,0.6268462539220938,0.4321699134199134,0.5964285714285714,0.0,0.0616438356164383,0.047945205479452,0.0102739726027397,0.0,0.0,0.0,1
34796.0,"My worry of the week... I’ve been experiencing pain in my left shoulder for about a week. I do have an old injury on it and I sleep on that side mainly. On Friday the pain was so bad it had me in the ER twice. The last time with a shot of Demerol and a heavy duty muscle relaxer.

I’ve been drugged up most of the weekend, and for the most part the intense pain is gone but what’s left is a weak arm and numbness in my elbow and most of the fingers on my left hand. I see my doc tomorrow.

It’s likely a pinched nerve or tendinitis. The ER doc said my muscles were tight and the pain was intense spasms (I’m talking worse than childbirth-I’ve had two kids). 

Of course MY brain goes to worst case scenario like cancer and my body is riddled with tumours. The last couple days I’ve had what I think is heartburn and intermittent chest pain, which just fuels my cancer worry. 

Seriously, it’s ridiculous. I’m trying to practice the CBT I’ve learned and steer my thoughts in another direction but it’s exhausting. I’m exhausted.",Anxiety,0.8498322147651006,0.7348484848484849,0.0,0.0,0.0585365853658536,0.032258064516129,0.0108162039980221,0.2923076923076923,0.6046411688869789,0.4586309523809524,0.5020021645021644,0.0102564102564102,0.0358974358974358,0.0871794871794871,0.0076923076923076,0.0,0.0,0.0,1
34798.0,"Why do I keep creating problems in my head to get freaked out about? I've had this IRRATIONAL, above and beyond fear of skin cancer for like a year and a half now. I've had several moles, from the littlest freckle to big moles I've always had, that I obsess and get super paranoid about. I'm on mole #8 to freak out about. Part of this is because I still get a small mole/freckle (I'm 23) and I get super paranoid about getting a new one even though my derm tells me that this is normal. I just went to my derm about 3 weeks ago for my annual, there was a spot on my shoulder I was freaked about, ended being a black head, she checked all my other moles and said all was good. NOW, I'm onto two other spots that I am irrationally losing my mind about. I'm going to see my therapist a week from today so hopefully it will help. I just don't want to deal with this anymore. I'm terrified of everything.",Anxiety,0.7483221476510067,0.6704545454545455,0.0,0.0,0.0,0.0,0.0101990280744111,0.2415730337078651,0.6361810306948716,0.5315268065268065,0.3836829836829837,0.0,0.0561797752808988,0.0786516853932584,0.0168539325842696,0.0,0.0,0.0,1
34799.0,"Heart problems please help 😔 So iv been having on and off trouble breathing and a racing heart/palpitations for about a month now. I was supposed to have a blood test but I had a panic attack but I had an ECG done and have heard nothing back so I'm guessing it came back OK? 

I'm still getting random palpitations and a racing heart that seems to come and go and I'm so terrified I have something seriously wrong with me. They can come and go at any time of the day at random I'm so scared but apparently ECGs can pick up all sorts of problems?

Anyone experience symptoms like these for this long? I'm always tempted to rush the the hospital 😢",Anxiety,0.5436241610738255,0.4659090909090909,0.0,0.2,0.0097560975609756,0.0,0.0110137296720874,0.25,0.6684087222923049,0.4333333333333333,0.3722222222222222,0.0,0.0967741935483871,0.0483870967741935,0.0241935483870967,0.0,0.0,0.0,1
34801.0,"Weird rash Ugh. I've been really good about my health anxiety lately, but now I get random rashes. I showed my doctor pictures of them last month, and he said they were vascular rashes, and to just call and make an appointment if they happen again. I made an appointment for today, but I'm nervous. They're such weird rashes. I thought they were something with my cycle because the last two times I got them, it was while I was on my period. But I got it again today, and I'm not on my period, so idk what's going on. I went to the allergist a few months ago and don't have food or environmental allergies, so idk what else there is.",Anxiety,0.5243288590604027,0.4583333333333333,0.0,0.0,0.0,0.0,0.0106636408797362,0.1967213114754098,0.7051011997435662,0.4277777777777777,0.4925925925925926,0.0327868852459016,0.0245901639344262,0.0901639344262295,0.0122950819672131,0.0,0.0,0.0,1
34802.0,Panic over chest cold and phlegm being stuck Omg having massive anxiety over chest infection and phlegm. I'm so scared I'm going to choke on phlegm it gets stuck in my throat. I'm fighting coughing because I cant catch my breath. I can hear my chest rattling and I feel like I am hyperventilating I'm so scared.,Anxiety,0.2541946308724832,0.2121212121212121,0.0,0.0,0.0,0.0,0.0116173698709583,0.1228070175438596,0.7114574144859355,0.35,1.0,0.0350877192982456,0.1403508771929824,0.0701754385964912,0.0,0.0,0.0,0.0,1
34803.0,"Piece of advice, take it how you will. Been suffering bad HA for almost 2 years now, (couldn’t go get my haircut, go out to eat with friends) but recently it seems to be getting better, I’m not even sure if it’s actually getting better, but I’m living with it better. 


And that’s the 1 piece of advice i wanted to try and give you guys, instead of trying to end the anxiety/panic just let it happen (way easier said than done, takes awhile to learn how) but once i stopped getting angry at the anxiety and just allowed it to happen i swear it got better. I can go out with friends now and i know the anxiety and panic won’t kill me, it’s such a freeing feeling. Trust me i know what you’re going through and it DOES get better. Love y’all",Anxiety,0.6115771812080537,0.5416666666666666,0.0,0.0,0.0439024390243902,0.0,0.0104166666666666,0.2291666666666666,0.6644941030415891,0.5958333333333333,0.5421296296296295,0.0,0.0763888888888889,0.0555555555555555,0.0208333333333333,0.0,0.0,0.0,1
34804.0,"Can blood pressure dramatically spike do to anxiety? My blood pressure is always really high at my house, mildly high at the doctors. But I have been admitted to the hospital twice the last month for anxiety related things and my blood pressure is always fine after I’m there for about an hour on there monitors.",Anxiety,0.2550335570469799,0.2083333333333333,0.0,0.0,0.0048780487804878,0.0,0.0120154466745375,0.25,0.7246608140462889,0.5736666666666667,0.4093333333333334,0.0,0.0357142857142857,0.1428571428571428,0.0803571428571428,0.0,0.0,0.0,1
34805.0,"Worried about Fitbit resting rate So I have been doing really well and going to the gym most days of the week and doing cardio since the week before the New Year. That’s all great, except Fitbit is giving me resting heart rates that are really low compared to what I’m used to. Like, I had been 64-65 and now it’s telling me 59! It’s been steadily dropping since I started exercising, can exercise change your resting heart rate that much that fast? Any insight appreciated!",Anxiety,0.3909395973154362,0.3219696969696969,0.0,0.0,0.0195121951219512,0.0,0.0117880709846883,0.1744186046511628,0.7250876965051318,0.6362794612794613,0.4005050505050505,0.0,0.1511627906976744,0.0465116279069767,0.0523255813953488,0.0,0.0,0.0,1
34809.0,"Dealing with it I have been dealing with HA for the past 2-years. It is nice to realize I am not alone in my struggles. 

Currently have a rough bout with getting over the thought that I may have lung cancer. I am a non-smoker but I constantly am checking my phlegm to see if there is a little bit of blood. I do find very little bits some time but I am sure this is because of my obsessive checking. Been to doctor and had an x-ray but these always seem like bandaids as the feeling comes back after weeks. 

I have been to a therapist and tried doing CBT but I find that my HA can quickly snowball if I do not nip it in the bud early on. Kind of where I feel I am at right now. 

It’s hard on my family and wife. She can tell when I am obsessing and if I talk to her she gets frustrated. Can’t say I blame her I am pretty frustrated with myself. 

Don’t know what I am expecting from this post but it’s nice to be able to just put down some thoughts some where and get them off my chest. I do wonder if my experience echos those of others here, feel free to message me if you would like to chat.",Anxiety,0.9068791946308724,0.8522727272727273,0.0,0.0,0.0195121951219512,0.0,0.0093767522367683,0.2168141592920354,0.5860977900825629,0.5366803665910809,0.538737717309146,0.0,0.0442477876106194,0.0752212389380531,0.0331858407079646,0.0,0.0,0.0,1
34811.0,anybody elses muscles go numb for a split second? sometimes when i laugh or let out gas my muscles go numb for a split second then go back to normal. I just wanted to know if anybody else has this experience because with health anxiety this terrifies me. The numbness is usually near my armpits and shoulders but it still terrifies me.,Anxiety,0.2743288590604026,0.231060606060606,0.0,0.0,0.0,0.0,0.0114302852572647,0.2258064516129032,0.7678861056046135,0.459375,0.39375,0.0,0.0161290322580645,0.0967741935483871,0.0241935483870967,0.0,0.0,0.0,1
34813.0,"I used to always get migraines on my left side. Lately, it’s switched to my right side? I’m worried because I don’t think it’s normal to switch sides with a migraine. For years it was my left side, but lately the pain has been intense on my right side. Today, it’s been getting really bad for 10 seconds, and then it fades away. Could it be an aneurysm?",Anxiety,0.2894295302013422,0.2537878787878788,0.0,0.0,0.024390243902439,0.0,0.0106951871657754,0.25,0.7581334209661518,0.478968253968254,0.5097883597883598,0.0,0.0588235294117647,0.1029411764705882,0.0441176470588235,0.0,0.0,0.0,1
34816.0,"I dont know how to live with this It's funny. All of my anxiety centers around my health and possible death and the constant, aching want, to just live. But because I am do anxious all the time, I'm not living. Not really.

It's been a bad few weeks. I move from the bed to the couch, doing nothing but laying down. I feel hopeless and scared and so sure something is wrong with me that I'm making myself sick. I am so petrified of being sick and dying that its robbing me of my life.

I'm so scared of not being there for my kids, but I've been so exhausted and scared that I haven't even been angle to properly make them dinners.

I dont know how to live with this. I dont know how to live with the constant fear that something is wrong. That something is going to rob me of my life...but that's exactly what anxiety abd depression are doing for me now.

I feel so hopeless. And helpless. And so so tired.",Anxiety,0.7508389261744967,0.6666666666666667,0.0,0.0,0.0,0.032258064516129,0.0103558699475494,0.2429378531073446,0.5412050626518954,0.4298028991210809,0.5943362193362194,0.0112994350282485,0.1129943502824858,0.0508474576271186,0.0169491525423728,0.0,0.0,0.0,1
34818.0,"HA Person's Worst Nightmare, But I'm Coping A little about me: I'm vegan, fit, try to avoid processed foods, chemicals, only have monogamous relationships, never had a 1 night stand, etc. I have had health anxiety since I was 19 when I worked in an ER and saw all the terrible things that happen to people. 

So this past weekend I went to a college reunion with people I hadn't seen in 7 years. We went out one night and a friend asked if I smoked, I said no. He handed me his vape and said try this. I did, and hit it a few more times through out the night. 

Well at the end of the reunion weekend he revealed to a friend that he had been HIV+ for several years and currently has his virus controlled and undetectable. 

But needless to say it was a very stressful drive home. I had one of the worst HA freak outs I have had in years and didn't eat for 48 hours I was so nervous. I could hardly get out of bed!

Thankfully, I have been reassured that HIV is not passed via saliva -- even though I've what if'ed the hell out of the situation. Of course I will still test to confirm, but I learned so much about HIV in particular through this experience, which has helped mitigate my anxiety.",Anxiety,0.9882550335570468,0.875,0.0,0.0,0.0,0.0,0.0103869810962287,0.2241379310344827,0.6233866307069929,0.4051432291666667,0.5328125,0.0172413793103448,0.0517241379310344,0.043103448275862,0.0193965517241379,0.0,0.0,0.0,1
34819.0,"Shivering and woke up with numb arm. First before I went to bed my body made some sort of random farting noise while I was moving which worried me because I couldn't figure out what it was. then I wakeup to find my right arm numb and my heart rate briefly sped up. Now I'm twitching instead of shivering, usually the cold does not cause me to react that way. I want to think they are not connected but...",Anxiety,0.3322147651006711,0.2954545454545454,0.0,0.0,0.0,0.032258064516129,0.0104221152840255,0.1772151898734177,0.8178346651580511,0.3741071428571428,0.6190476190476191,0.0,0.1012658227848101,0.0886075949367088,0.0379746835443038,0.0,0.0,0.0,1
34821.0,"Im scared im dying, help So, 5-4 days ago i found a lump on my head, as a lot of people in this subreddit do, i searched up about it on Google, i checked every brain cancer that appeared and none were similar to mine.

then i found symptoms for just overall brain cancer, and right in that evening i started feeling off balance(more like dizzy, light headed, i still walk very well, just don't feel good), i wake up shaking as if im cold, and when i eat, my stomach dies.

honestly, most things i found about people with the same problem(lump), they are fine.

but, I don't know, i had a similar problem with a pain in my chest, I thought that i was having an heart attack, because, again, google and it was just an infection in my lung(the doctor also gave me antibiotics)

i don't know, i think it's just the ""what if"", i still think im going to die.
like, i wouldn't care as much if i was 50, 60, 70 years old, but im fucking 13, and my life was getting better, now i don't even want to go to school.",Anxiety,0.8313758389261745,0.7424242424242424,0.0,0.0,0.0,0.0,0.0102484233194893,0.2131979695431472,0.6451805008082125,0.5700793650793651,0.4507142857142857,0.0101522842639593,0.0609137055837563,0.0406091370558375,0.0,0.0,0.0,0.0,1
34822.0,"Hantavirus •Female
•29
•156 lbs
•caucasian 
•location is Indiana 
•problem has been present for a few minutes 
•currently taking Paxil 
•no real health issues 

My wife was getting video games out of our closet and sniffed them because she thought they smelled of urine (wanted to make sure the cats didn’t pee on them) she then realized there were mouse turds in the box that the games were in. We are afraid that she has possibly inhaled the hantavirus when she did this. What is the likelihood? Should we be concerned and seek medical help as soon as possible?",Anxiety,0.4605704697986577,0.3712121212121212,0.0,0.0,0.0439024390243902,0.0,0.0121775607312797,0.2525252525252525,0.8234862592404492,0.49375,0.523611111111111,0.0202020202020202,0.0808080808080808,0.0606060606060606,0.0303030303030303,0.0,0.0,0.0,1
34824.0,"Being persistent with doctors or accepting the 'health anxiety' label and just accepting it? Whats your opinion. So to start off i'm a binge drug user so i occasionally binge on most things meth cocaine heroin etc, so i recently developed health anxiety(apparently) along with lots of pricks and pains in my hands feet eyes pretty much anywhere really nothing chronic but enough to make me panic, so i'm wondering should i persist with doctors to fix this, or just deal with it. I'm so fed up with being afraid once i sat in the hospital emergency room parking lot snorting cocaine waiting for my heart to mess up so they could figure out the problem and fix it(I know that is dumb lol). Just getting desperate and annoyed. Also along with health anxiety my drug use now is almost 0 due to the fear, maybe a good thing? Sure doesn't feel so.",Anxiety,0.6988255033557047,0.5757575757575758,0.0,0.0,0.0,0.0,0.0117192423342155,0.2026143790849673,0.7111038083762369,0.53046875,0.5477430555555556,0.0,0.0784313725490196,0.0784313725490196,0.0294117647058823,0.0,0.0,0.0,1
34829.0,"Tinnitus thinking, panic attacks. Please help me. I recently came across a video about people ""curing"" their tinnitus temporarily. I had no idea what tinnitus was so I decided to google it. Turns out that I might actually have it myself. I hear a faint high frequency sound everytime I cover my ears with my hands and during complete silence. I always thought it was normal to hear this at times when nothing can be heard. I've had a panic attack since noticing it and noticing that it can't be cured. 

I'm still wondering if I have this and if my head is just making this up.. since I've never ever noticed this before. But I can't stop thinking about it and covering my ears to hear if its still there. I'm terrified and shaking.

I'm so afraid that I will never be able to not hear this sound now when completely silent. I'm sure that I've had this all my life if I do have this.. but I still wish that I never discovered this disease. Help me, what should I do??",Anxiety,0.802013422818792,0.6893939393939394,0.0,0.0,0.0,0.0,0.0109270800403438,0.2021857923497267,0.5730988796287816,0.54625,0.5211574074074075,0.0,0.0655737704918032,0.0546448087431694,0.0245901639344262,0.0,0.0,0.0,1
34831.0,"Can anxiety give the sensation of food particles sticking in the throat? Over the past week and a half I've been tortured with anxiety of having a tumor in my esophagus. I've had a feeling of a lump in the left side of my throat and it feels like little bits of food (chips, breadcrumbs) are sticking in my throat. Initially this fear came from me overthinking symptoms of something else, and now it feels like there's really something in there. I've seen an ENT and he wants to give me antacids for GERD for a week and see if it makes a difference, couldn't be convinced to give me an endoscopy since I'm young (20) and have obvious symptoms of anxiety, I believe. Could my anxiety just be making me hypersensitive to the swallowing process?",Anxiety,0.6157718120805369,0.5113636363636364,0.0,0.0,0.0,0.0,0.0115813887538486,0.3308823529411764,0.6220834702596122,0.4942129629629629,0.2351851851851852,0.0147058823529411,0.0808823529411764,0.0735294117647058,0.0220588235294117,0.0,0.0,0.0,1
34838.0,"Avoid r/explainlikeimfive Friends, don't read the post about ""how can a seemingly healthy person die of heart disease"" in r/explainlikeimfive. Luckily I stopped myself before I read it and came up with 500 new ways to suddenly drop dead. Advise you friends do the same thing.",Anxiety,0.223993288590604,0.1704545454545454,0.0,0.0,0.0,0.0,0.0134297520661157,0.1956521739130435,0.9329608938547488,0.5641414141414142,0.4688131313131313,0.0,0.0217391304347826,0.0869565217391304,0.0978260869565217,0.0,0.0,0.0,1
34839.0,I started the mini pill and I’m worried about seizures... This sounds so weird but that’s HA. I started the mini pill and I read on the pamphlet that it’s contraindicated for anyone who has a seizure disorder. I don’t have one but I’m worried it will provoke one. I need assistance rationalizing this. It sounds stupid but part of me says what if. I don’t even know if that can happen.,Anxiety,0.3162751677852349,0.2689393939393939,0.0,0.0,0.0292682926829268,0.032258064516129,0.0112297214569941,0.1944444444444444,0.728739913097455,0.275,0.6666666666666666,0.0,0.0972222222222222,0.0,0.0,0.0,0.0,0.0,1
34840.0,"Off balanced I’ve had the offbalanced feeling for a few months now. My family doc says it’s an inner ear thing, and just instructed me to put drops of oil in my ear every night.... anyone else have this?? 

Sometimes my eyes go blurry for a bit...

I can’t tell if it’s my anxiety or not, because I know those are symptoms :(",Anxiety,0.2634228187919463,0.2348484848484848,0.0,0.0,0.0195121951219512,0.064516129032258,0.0104234990598626,0.1904761904761904,0.8694688303626851,0.3416666666666667,0.4222222222222222,0.0,0.0634920634920634,0.1269841269841269,0.0238095238095238,0.0,0.0,0.0,1
34841.0,"I am so worried... 23yo male I lay in bed every night feeling these little pains. I think it’s my wisdom teeth being impacted but my neck is so stiff, it’s always been hard as a rock for some reason on my left side. But I feel in my jaw and in my temple these pains and ALL I CAN THINK is blood clot blood clot blood clot. That and I’m just tired all the time and I’ve quite a lot of brain fog lately, though I blame depression and incessant alcohol consumption.",Anxiety,0.3808724832214765,0.3484848484848485,0.0,0.0,0.0195121951219512,0.032258064516129,0.009912171569063,0.1935483870967742,0.712620892653331,0.4004676870748299,0.4202380952380952,0.021505376344086,0.053763440860215,0.075268817204301,0.0,0.0,0.0,0.0,1
34845.0,"Tuna? I’ve been trying to eat healthy so I purchased a four pack of tuna. I have already finished the container in the week, and now lil old me is freaking out about Mercury poisoning! Ugh. 

Is four servings of tuna in a week gonna make me sick?? Ugh this sucks",Anxiety,0.2114093959731543,0.1893939393939394,0.0,0.0,0.0048780487804878,0.0,0.0103913466212931,0.2549019607843137,0.8387556139774346,0.4513392857142857,0.4642857142857142,0.0,0.0784313725490196,0.0588235294117647,0.0,0.0,0.0,0.0,1
34847.0,"Something that is really, really helping me get over my HA Hi guys, I'm a longtime sufferer of panic attacks and my health anxiety had gotten out of control. A long time ago, a psychiatrist told me to read a book called Hope and Help for Your Nerves by Claire Weekes. I did not read it back then, but just recently picked it up. It's an old Australian book (first published in 1969) but it has been EXTREMELY helpful for me. I'm also on medication, and I can't recommend antidepressants for HA enough, but give this book a try. It's only 8 bucks on Amazon, so it's not a huge investment. I hope this post helps someone out there!",Anxiety,0.5209731543624161,0.4469696969696969,0.0,0.0,0.0,0.0,0.0109990277102576,0.226890756302521,0.7408572367494484,0.5056818181818182,0.4348484848484848,0.0,0.042016806722689,0.0672268907563025,0.0504201680672268,0.0,0.0,0.0,1
34848.0,"Humming feeling in right side of the chest Hey guys, I'm in full on panic mode right now and I feel like shit because of it. 


As of yesterday I noticed some weird humming that happens a couple of times a day, sort of like when you have the flu and hear that ""motorized"" breathing, except there's no snot and I don't feel sick. 


At first I thought it was really a snot deep down but then I noticed it happened when I wasn't breathing meaning it's not even connected to that. 


Has anyone had anything similar happen to them? Lately my eye is twitching like crazy, could it be connected to magnesium deficiency? Thanks",Anxiety,0.5067114093959731,0.4318181818181818,0.0,0.0,0.0,0.0,0.011124086716972,0.2521739130434782,0.740782122905028,0.4679138321995464,0.5429138321995465,0.0,0.1043478260869565,0.0434782608695652,0.0260869565217391,0.0,0.0,0.0,1
34851.0,"Glass baby food jar thrown at me hit back of my head should I be concerned? I was standing about 9 feet from my gf we were arguing and she threw a baby food jar at me hitting the top left back of my head. 

How do I know if its serious? No blood but a golf ball size lump and I feel fine but it hurts still.",Anxiety,0.2491610738255033,0.2537878787878788,0.0,0.0,0.0,0.0,0.0082644628099173,0.2058823529411764,0.7732500821557673,0.5486111111111112,0.2777777777777777,0.0,0.0441176470588235,0.0735294117647058,0.0,0.0,0.0,0.0,1
34852.0,Literally freaking out about basically nothing I’ve been going pretty good not worrying about any health related things and feeling great until today at work and I had a bit of indigestion when I got to work because I’ve changed my diet and drink the man shake every morning and this morning I drank it way to fast thus resulting in quite a bit of burning in my throat. About an hour later I got a shooting chest pain which I know would of been caused by the indigestion but whenever it happens I can’t shake the feeling it’s something else. Then throughout the day I get these nose twitches and got a fuzzy feeling between my eyes which I’m assuming is caused by the anxiety but thinking about it just gives me more anxiety. Big fun,Anxiety,0.6082214765100671,0.5151515151515151,0.0,0.0,0.024390243902439,0.0,0.0112178520439967,0.218978102189781,0.6773641071647025,0.6527777777777778,0.4611111111111111,0.0291970802919708,0.1386861313868613,0.1094890510948905,0.0218978102189781,0.0,0.0,0.0,1
34857.0,"Hair loss I am 17 years old and luckily I do not experience hair loss. However, I sporadically drink alcohol and smoke. I find myself at a party about every two months where I drink not more than seven 30ml vodka glasses and smoke six cigarettes. Not more than that though. My question is, given my age and the quantity, can it affect my hair more than it would affect a completely grown man's?",Anxiety,0.3238255033557047,0.2765151515151515,0.0,0.0,0.0,0.0,0.0111495793313975,0.1486486486486486,0.7082892948814736,0.5027777777777778,0.4888888888888889,0.027027027027027,0.0,0.1081081081081081,0.0608108108108108,0.0,0.0,0.0,1
34858.0,"Trouble Swallowing Sup y’all I’m 30 y/o and not sure what’s going on with me. I’ve had severe anxiety for the past 2 years, my body is constantly sending weird symptoms which throw me into complete panic. 

My latest worry is chest pain. Feels like food is getting stuck in my chest, like it’s not going all the way into my stomach and it’ll cause my chest to hurt for hours until I have to eat again. I don’t have any choking but I can literally feel the food traveling down my chest. Anyone else ever experience this?",Anxiety,0.4270134228187919,0.3674242424242424,0.0,0.0,0.0341463414634146,0.0,0.010970090515545,0.1530612244897959,0.7797286512370311,0.4527777777777778,0.5326388888888889,0.0,0.0714285714285714,0.1326530612244898,0.0306122448979591,0.0,0.0,0.0,1
34860.0,"Lump in back? On one side of my back (lower, left side) I’ve noticed if I take my fingers and dig them in and slide them upward I can feel this little like... hump, I guess? Like it’s no a solid knot and it doesn’t stick out from my skin at all, I would have never found it. It freaks me out because I don’t have one on the other side.

I’ve had two other people feel for me and they swear they don’t feel anything. I have a stretch mark literally right above it, but this feels like it’s under the skin. I have to really search for it to find it.

I’m 18 and make if that helps, I really just posted because if look up anything about a back hump it gives you things like a sarcoma or bone cancer or something 😩I been feeling my back so constantly that it’s making it sore which just freaks me out more. I would go to the doctor but I literally just went for something else not even a week ago and she already thinks I’m a bit overboard on the HA stuff 😂 plus apparently nobody else can feel anything 🤷‍♂️

I just wondered if anybody else has this?",Anxiety,0.8859060402684563,0.7992424242424243,0.0,0.3,0.0780487804878048,0.032258064516129,0.0100674411351941,0.1933962264150943,0.5927058079477179,0.516123949579832,0.2187675070028011,0.0,0.0424528301886792,0.070754716981132,0.0424528301886792,0.0,0.0,0.0,1
34863.0,"I’m not sure if I’m anxious or allergic to alcohol Pretty much title says it all. I recently started drinking [17M] and I was fine in the beginning. I could drinking beer and liquor and not get sick. Within the past 4 months, every single time I’ve drank I’ve gotten sick. I’m 100% sure I’m not drinking too much because I had maybe one shot and still threw up. When I throw up I start shaking uncontrollably and my face and hands go numb/pins and needles. I’m able to go to parties and I’m fine as long as I don’t drink. But if I have even one drink I will throw everything up. If anyone has any idea please let me know bc it’s really frustrating.

Tl;dr: every time I drink I throw up and it’s not because I’m drinking too much",Anxiety,0.6040268456375839,0.5340909090909091,0.0,0.0,0.0585365853658536,0.0,0.0104469793970434,0.1408450704225352,0.6090959162798016,0.4995098039215686,0.5724323062558357,0.0,0.0492957746478873,0.056338028169014,0.0316901408450704,0.0,0.0,0.0,1
34865.0,"Terrified of 'Venous Leak' Hello,

I'm turning 21 in April and I've struggled with health anxiety for past 3 and a half years. Recently I've been getting better and even managed to get myself into a relationahip which was great.

The thing is, two weeks ago I noticed that I seem to struggle with getting/keeping erections. So I obviously started Googling, which was not helpful(as always) as it said its mostly thing old guys get and so on. What it did notice was a terrifying thing called Venous Leak, which means your veins can't trap blood for erection, there is no fix for that and you're doomed. So I started stressing over this so badly, I wanted to know everything about it, thing is, out of all my health scares, I never seen a condition so poorly reported, there is very little information about it and no statistics and contradicting facts, which is fueling my anxiety even more. 

So I'm sitting here worrying that surely I must have it and seeing it seems to be very unknown I definitely have it. Has anyone heard or knows more about this?",Anxiety,0.87248322147651,0.7121212121212122,0.0,0.0,0.0,0.0,0.0118810762750156,0.2275132275132275,0.6736720759067127,0.5149877450980392,0.5413071895424837,0.0211640211640211,0.1216931216931216,0.0634920634920634,0.0476190476190476,0.0,0.0,0.0,1
34866.0,"I have a doctors appointment tomorrow that I’ve rescheduled once already out of fear. I am petrified of getting bad news. Haven’t been myself all weekend out of fear. I have a (ladies stuff) doctors appointment tomorrow morning &amp; am terrified. I’ve rescheduled it once already out of fear but decided to bite the bullet &amp; actually go. It’s been two years &amp; I just need an annual exam/check up. 

So what am I so afraid of? Because you hear these stories of women (or anyone) going for a checkup &amp; bam! cancer. Or having to have more tests taken &amp; play the two week before results waiting game. I don’t think my anxious mind could handle that. 

I feel deep down that it might turn out fine but my “what if” thoughts keep finding ways to justify my fear and extreme anxiety over this. Which in turn, makes me fear the absolute worst case scenario. 

I just needed to vent.",Anxiety,0.735738255033557,0.6060606060606061,0.0,0.0,0.0341463414634146,0.0,0.0117186831613709,0.1490683229813664,0.693535514764565,0.4056712962962963,0.637962962962963,0.0248447204968944,0.0745341614906832,0.062111801242236,0.0093167701863354,0.0,0.0,0.0,1
34872.0,"Lymph node just...gone? 21M, I’ve been worried about lymphoma for over a year now. I had a lump in my armpit that I didn’t know if it was a lymph node/cyst/muscle/nothing at all for over a year. It never grew, changed, anything. I check it from time to time and get anxious once in a while, but have gotten it relatively under control (the anxiety). 

Anyways, I go to the gym today like any other normal day, come home to shower and it’s....not there? I cracked my shoulder at the gym but nothing else out of the ordinary (I did work shoulders) and it’s just not sticking out like it did, and I’m thoroughly confused and quite honestly anxious for no reason at all. I have been dealing with a shoulder injury for as long as I can remember as well. 

Where did it go? Was it not a lymph node then? It’s still the slightest bit asymmetrical from my right armpit, but not like usual. Was it likely not even a lymph node then? 

I’ve been told that if it remained unchanged for so long (14 months from noticing it) that it’s either unlikely a lymph node or just a shotty one. It’s rare that lymphoma would leave the same node unchanged for such a long time I was told.",Anxiety,0.9656040268456376,0.8333333333333334,0.0,0.0,0.0439024390243902,0.064516129032258,0.0108432120464206,0.2760180995475113,0.5720822063247302,0.4576680672268907,0.5432773109243697,0.0,0.0497737556561085,0.0678733031674208,0.0339366515837104,0.0,0.0,0.0,1
34876.0,"Post Partum Health Anxiety? Did anyone's health anxiety stem from having a baby? I was about one year PP when this all began, but never attributed it to childbirth. I recently found an article that says it can be caused by that. I've found lots of other posts on baby forums talking about it, but no medical research. I'm going to see a counselor for the first time next week so I'm trying to do my homework if I feel as though postpartum depression and anxiety might be a factor here. 

Also, hi! This is my first post. I'm a recent victim of HA, as it began for me around 3 months ago. I've been completely debilitated since then. Very hard to take care of 2 kids when I'm at my worst. Really looking for support and faith that there's a cure for feeling this way.",Anxiety,0.6342281879194631,0.5492424242424243,0.0,0.0,0.0,0.0,0.0108117287444809,0.2602739726027397,0.753577714854213,0.4675347222222222,0.3246527777777778,0.0136986301369863,0.0616438356164383,0.0821917808219178,0.0308219178082191,0.0,0.0,0.0,1
34878.0,"""Becoming an expert in drowning won't make you an expert in swimming."" From this day on I vow to myself to:
1. Stop googling symptoms 
2. Stop checking symptoms
3. Stop going to the doctor for every abnormality I think I find - wait 2 weeks 
4. Stop going to the ER - if it's not really urgent
5. Stop searching for affirmations
______________________________________________
I am posting this so I can get back to this every time I feel like slipping, so I remind myself of the promises I made and I intend to keep! 
Let's take back control of our lives! Who's with me?!",Anxiety,0.4697986577181208,0.393939393939394,0.0,0.0,0.0,0.0,0.0114292273383182,0.219047619047619,0.6867251928704442,0.5225,0.23,0.0,0.0761904761904762,0.0476190476190476,0.0142857142857142,0.0,0.0,0.0,1
34884.0,"To medicate or not to medicate? Hello friends. This is my first post here. I’ve been admiring the confidence that you all have in sharing your concerns and stories. Thank you for your honesty. I have enjoyed learning from each interesting thing that you all have to say. 

I have been dealing with severe health anxiety for a little over 1 year now. The destruction it has done is devastating. 

I am entering into a new chapter in my life with many new important roles. Going back to school for my bachelors is one of them. I will need to be face-to-face with many of my specific fears and phobias. 

I’ve been considering starting medication for anxiety, such as Buspar. This scares me. My health anxiety is thinking of all of the possible side effects. 

I am tempted to do this because I want relief. Counseling has only helped mildly. 
CBT has only helped mildly. 
I want to be normal again. 

Thoughts?",Anxiety,0.7449664429530202,0.6098484848484849,0.0,0.0,0.0097560975609756,0.0,0.0118355269870421,0.2592592592592592,0.6319746189392371,0.5637973484848485,0.5658712121212122,0.0246913580246913,0.1049382716049382,0.074074074074074,0.0185185185185185,0.0,0.0,0.0,1
34885.0,"Cut myself on a rusty key clip and now I think I have tetanus The cut is very minor, it broke the skin enough to expose blood. And now my neck feels stiff and painful. 

But I know it probably isn’t tetanus, but it still sucks because I cannot stop thinking about it. I mostly feel stupid because I only cut myself on the key clip by playing around with it idly while not paying attention.",Anxiety,0.3179530201342282,0.2840909090909091,0.0,0.0,0.0048780487804878,0.0,0.0103487023343482,0.2236842105263158,0.7159658923845927,0.4210357142857143,0.696,0.0,0.0394736842105263,0.131578947368421,0.0789473684210526,0.0,0.0,0.0,1
34886.0,breathing in melted plastic = lung problems? I have a 3D pen and was soldering a sculpture. the filaments are PLA and burning it smelled awful. I worked on it for maybe 15 minutes. I'm worried that toxins could be released and I'm so anxious from it that it's making me nauseous. Is it possible that it could have affected me?,Anxiety,0.2667785234899329,0.2272727272727273,0.0,0.0,0.0,0.0,0.0112281533667524,0.360655737704918,0.7809323198095064,0.2916666666666666,1.0,0.0,0.1639344262295081,0.0,0.0,0.0,0.0,0.0,1
34890.0,"Worried to death about Lymphoma So a couple of weeks ago I started to get small short pains in my groin (lympth node area). It will last for a few seconds and then go away. On and off for a week and now I am getting them under arm pits as well. Every few minutes I get a couple seconds of strange feelings in the areas. 

I am scared I have lymphoma. I got a standard blood work done 6 months ago and it was clear although I am sure they dont test lymphatic system. I have no other symptoms but this is FREAKING ME OUT.",Anxiety,0.4270134228187919,0.3977272727272727,0.0,0.0,0.0,0.0,0.0095963927439056,0.2358490566037736,0.7381680193949615,0.498125,0.2763888888888888,0.0,0.0471698113207547,0.0283018867924528,0.0,0.0,0.0,0.0,1
34892.0,"Lump near groin, between pubic area and inner thigh I'm kinda scared. I have a pea sized lump in that place you see when you open your legs, where your legs move, very close to the pubic region and the inner thigh. It's a hardish lump, like cartilage. If i move the skin it moves with it, do it's not stuck on the bone or tendon. I have a small red bump right next to it too which is kinda irritated, but the ""big"" one is the one that freaks me out the most. When I fully open my legs you can see a bit of protrusion. I found it yesterday night, it feels like it came out of nowhere.",Anxiety,0.4823825503355705,0.4507575757575758,0.0,0.0,0.0,0.0,0.0095270890725436,0.25,0.674487895716946,0.5348214285714286,0.2974206349206349,0.0166666666666666,0.0166666666666666,0.0333333333333333,0.0125,0.0,0.0,0.0,1
34895.0,"Have you experienced death? I’m just curious. I am a 30yo female and I have had anxiety, and health-specific anxiety, since I was about 14. I attribute it to the fact that I have lost so many people in the last 30 years. I won’t go into details as to not trigger any anxiety or panic. In a nut shell, most of the death has been untimely and traumatic. I think it just manifested into anxiety for me. Anyone else have similar experiences? 

Oh and side note, some of the deaths have been due to overdoses which has made taking medicine very anxiety provoking as well. Fun stuff.",Anxiety,0.4756711409395973,0.4053030303030303,0.0,0.0,0.0097560975609756,0.0,0.0111340679522497,0.2314814814814814,0.7144630664183736,0.60375,0.4408333333333333,0.0,0.037037037037037,0.0648148148148148,0.0138888888888888,0.0,0.0,0.0,1
34896.0,I will not google I have to stop GOOGLING! Some days are much easier and some harder (today). I just come here when I feel the need to look something up on google (you know that once symptom just to see) but I can't it makes everything worse. NO MORE GOOGLING,Anxiety,0.2105704697986577,0.1893939393939394,0.0,0.0,0.0,0.0,0.010323826500297,0.1764705882352941,0.8186000657246139,0.43125,0.325,0.0,0.0784313725490196,0.0,0.0,0.0,0.0,0.0,1
34901.0,"Kinda worried So about 2 weeks ago I had norovirus, and a lot of diarrhea. Since then I have not had a solid poop at all. I have ibs and I think it may just be that along with my anxiety about it. What do I do?",Anxiety,0.1694630872483221,0.1742424242424242,0.0,0.0,0.0,0.0,0.0082278295527811,0.2127659574468085,0.8031617734458575,0.5,0.1,0.0,0.0212765957446808,0.0638297872340425,0.0,0.0,0.0,0.0,1
34903.0,"Worried about salivary gland cancer So i’m 24 year old male. I’ve had a swollen salivary gland (2,5cmx2cm?) right below my left ear ) for a couple of years. I’ve visited couple doctors in these past years, i have had an ultrasound done ,a couple times and a MRI. Doctors keep saying everything is normal.

 I’m not sure if it has grown, but the size has stayed the same for at least 6 months i think? 

So my question is, what else could this be then this cancer? Should i be worried?",Anxiety,0.3959731543624161,0.3446969696969697,0.0,0.0,0.0195121951219512,0.0,0.0107722481734339,0.1956521739130435,0.7877094972067039,0.4853174603174603,0.3499559082892416,0.0217391304347826,0.0543478260869565,0.0434782608695652,0.0,0.0,0.0,0.0,1
34905.0,"Can I severely damage my eye while putting on contacts? I really want to get fitted for contacts soon. I have an eye appointment next week and my mom is letting me use her disposable ones for practice. I’m terrified of what it could do to my eye, though. 

Could it fold up in my eyelid trying to put it in? Could it get lost in my eye? Could it scratch it? I’m scared but it’s mostly because I’ve never put them in before.",Anxiety,0.3464765100671141,0.3143939393939394,0.0,0.0,0.0195121951219512,0.0,0.0100682146136691,0.2142857142857142,0.7307794626230381,0.6166666666666667,0.2333333333333333,0.0238095238095238,0.0714285714285714,0.0952380952380952,0.0535714285714285,0.0,0.0,0.0,1
34906.0,"Patchy, darkened area on side of the foot Getting paranoid about illnesses such as diabetes with this one. Essentially I have a dry patch of peeling skin on the side of my right foot. It doesn't hurt unless I scratch it. No bleeding and no itching. 

Other foot has no such things. It is winter here. I was thinking of getting skin lotion to treat it. Still...is it potentially serious?",Anxiety,0.3154362416107382,0.2613636363636363,0.0,0.0,0.0,0.032258064516129,0.0117079889807162,0.2714285714285714,0.7503591380686352,0.4829081632653061,0.4967687074829931,0.0285714285714285,0.0857142857142857,0.0571428571428571,0.0428571428571428,0.0,0.0,0.0,1
34907.0,"Meningites fear Hi everyone,

I have a tooth abscess for years and I recently went to a dentist, have started on antibiotic called spiramycin. I am worried the infection spread in to my brain. My neck feels kinda stiff when I bend it to my chest. I don't have a severe headache. I feel like I have fever which I checked it seems fine. Should I go to a doc or er?",Anxiety,0.2961409395973154,0.2689393939393939,0.0,0.0,0.0,0.0,0.0100818794000612,0.2222222222222222,0.7144630664183736,0.5337301587301587,0.4166666666666667,0.0277777777777777,0.0555555555555555,0.0555555555555555,0.0208333333333333,1.0,0.0,0.0,1
34911.0,"Insulin Price Gouging I'll never understand how and why God blesses me to have money to buy this insulin, and I'll never understand why and how these manufacturers think it's ok to charge so much for life saving medications. Imagine being told you must pay this amount or possibly die. How is this legal and moral, and why isnt there more outrage? Why isnt anyone trying to help fix this? 
#insulin #Diabetes #pricegouging #insulin4all",Anxiety,0.3573825503355705,0.2765151515151515,0.0,0.0,0.0,0.0,0.0130109448291266,0.2027027027027027,0.7499622527555488,0.6166666666666667,0.4416666666666666,0.0,0.0675675675675675,0.1216216216216216,0.0202702702702702,0.0,0.0,0.0,1
34912.0,Not feeling myself Lately I haven’t been feeling myself. I just feel weird or off. Idk if this could be DR/DP. Whatever it is it really scares me and makes me think I’m going crazy or that I’m going to die or my brain isn’t working right. Has anyone experienced this?,Anxiety,0.2172818791946308,0.1893939393939394,0.0,0.0,0.0195121951219512,0.0,0.0108639874682655,0.2156862745098039,0.8387556139774346,0.4904761904761904,0.6892857142857144,0.0,0.1176470588235294,0.0784313725490196,0.0588235294117647,0.0,0.0,0.0,1
34913.0,"That one time i thought i was dying This one is a funny story, one time in the morning I went to the toilet while I was half asleep. So I did my business and I always checked my pee so when I looked into the toilet the liquid was blue and I was like ""okay, h*ly shit, I've never seen anything like this before, I am dying"" so I called my mom and I was like ""mother, my pee is blue, we need to go to the hospital."" Anyways, turns out it was just one of those toilet blue water thingies that they installed while I was asleep. At least now I can laugh about it.
(My apologies if my English isn't that good)",Anxiety,0.5,0.4696969696969697,0.0,0.0,0.0,0.0,0.0094352617079889,0.24,0.6052737430167597,0.5351190476190476,0.2761904761904762,0.0,0.064,0.072,0.012,0.0,0.0,0.0,1
34916.0,"Got a cold and fever, worried that I got sepsis I've been having a cold for three days, and had a fever coming and going for the last 2 days. 

I cough alot, had headache before, running nose and is freezing/sweating alot. 

I'm alright at the moment, but I'm worried that I got sepsis.",Anxiety,0.2298657718120805,0.2007575757575757,0.0,0.0,0.0,0.0,0.010815222936435,0.2777777777777778,0.6954272708462653,0.3,0.688888888888889,0.0,0.1296296296296296,0.0,0.0,0.0,0.0,0.0,1
34918.0,"CLEAR STUFF ON EYE This has happened to me a few times in the last couple of months but it went away. So I notice when I wake up my right eye feels like something is in it. It’s very annoying, it feels like a eyelash is stuck in it. I look and there’s a clear string like gunk on the white part of my eye. I looked it up and I seems very similar to a cyst? 

Has anyone ever experience this?
I have no health insurance so I’m hoping it resolves on it’s own.",Anxiety,0.375,0.3598484848484848,0.0,0.0,0.0195121951219512,0.0,0.009125344352617,0.2604166666666667,0.6573556797020483,0.4936507936507937,0.4432275132275132,0.0,0.0520833333333333,0.0416666666666666,0.0,0.0,0.0,0.0,1
34920.0,"At what age did your HA start? I have always been a bit uneasy about medical problems, but didn’t start feeling physical symptoms until about a week and a half ago. With no triggers or life circumstances to speak of, my brain started telling me I need to take deeper breaths than I am capable of taking. The next day I hyperventilated so hard that my hands went numb and curled up tight. I am 24 and until recently I figured I had managed to evade young adult mental illness. Most people I know had it start at a much younger age. Any other late bloomers here?",Anxiety,0.4630872483221476,0.4015151515151515,0.0,0.0,0.0048780487804878,0.0,0.0108229705723333,0.1682242990654205,0.7982561478619538,0.4730654761904762,0.3226190476190476,0.0,0.0747663551401869,0.0841121495327102,0.014018691588785,0.0,0.0,0.0,1
34924.0,"Can a lot of strenuous intense exercise after each other in a day cause heart damage? It was more than a week ago where my heartrate was high all day. For some reason I believe I damaged my heart without feeling any significant pain. This kind of thinking is fucking scary. It sends you right down the rabbit hole of anxiety. My heart was tested extensively almost a complete year ago and it turned out well.

But then I rationalize that something bad happened and my perception of my beating heart becomes clearer and clearer and I feel it more and more.

I don't know what to fucking do now. I am too lazy to go to a doctor again, to test myself for the so manyth (&lt;-- not a word) time. But I have to.. Or not? Or do I.. I might die if I won't.. I'm fucking scared. Normal people won't go to the doctor when they feel nothing.. Or do they? What if my body is suffering in silence? Oh my fucking God. I cannot die.",Anxiety,0.761744966442953,0.6742424242424243,0.0,0.0,0.0,0.0,0.0104094525755267,0.2290502793296089,0.6554414656221716,0.4957936507936508,0.6560317460317462,0.0111731843575419,0.0726256983240223,0.0782122905027933,0.0083798882681564,0.0,0.0,0.0,1
34926.0,"Coffee and alcohol...heart attack? Had a few coffees today, (one black coffee and one large flat white with an extra shot) - but I’m supposed to be going out for drinks (alcoholic) tonight. 

I feel a bit wired from the coffee, like my heart is going too fast...not sure if this is because I’m panicking slightly - if I have a few drinks tonight, will the mix of alcohol (which slows down the heart) and coffee (which speeds it up) be likely to induce a heart attack?",Anxiety,0.3833892617449664,0.3257575757575757,0.0,0.0,0.0097560975609756,0.064516129032258,0.0112132294734175,0.264367816091954,0.7400629294291401,0.4812665343915344,0.3442791005291005,0.0,0.057471264367816,0.0344827586206896,0.0344827586206896,0.0,0.0,0.0,1
34929.0,"I don’t wanna be like this anymore I’ve been dealing with health anxiety ever since my mom was diagnosed with cancer. Every time I have some symptom, I google for hours until i’ve convinced myself I have days left to live and have to go to the doctor right away. I saw my doctor yesterday and I could tell he thought I was insane and told me to stop googling stuff. It’s honestly so embarrassing and I feel like I have no control over myself anymore. He referred me to a psychologist within the first like 5 minutes of us talking. I’m just embarrassed and everyone around me is so annoyed with me constantly thinking I have some issue. I wish I could just get over this. 

/rant",Anxiety,0.5604026845637584,0.4810606060606061,0.0,0.0,0.024390243902439,0.0,0.0109816201790633,0.1796875,0.6627094972067039,0.4920048701298701,0.550297619047619,0.0,0.0703125,0.0546875,0.0234375,0.0,0.0,0.0,1
34930.0,"Bad lately I keep waking up at odd hours gasping for breath fearing that I’m having a stroke or heart attack. I think that I’m about to collapse at any moment. I embarrassed myself at work the other day during a panic attack. My manager said I needed to take a Xanax. 
I really need to get it together in 2019. I know I need to see a professional but I’m nervous about taking medication (ironic). I don’t know what to do.",Anxiety,0.3456375838926174,0.3068181818181818,0.0,0.0,0.0195121951219512,0.0,0.0104481623328629,0.2317073170731707,0.7116773402370895,0.443452380952381,0.4416666666666667,0.024390243902439,0.1219512195121951,0.073170731707317,0.0365853658536585,0.0,0.0,0.0,1
34931.0,"Healthy Anxiety + Anxiety about doctors/dentists/medical stuff in general I'm constantly worried about random ""symptoms"" I'm feeling or seeing in myself. I'm constantly thinking ""I should go see a doctor and hopefully catch something before it gets too bad...""

...but then I also have lots of anxiety about hospitals, clinics, doctors, medicine, medical procedures, etc.

So then it becomes a battle between the anxieties, and I only make it to the doctor when my fear that I'm dying of something I haven't been diagnosed with yet surpasses my fear of doctors, medicines, and medical procedures. 

Does anyone have tips for navigating this messy tangle of anxiety?",Anxiety,0.5478187919463087,0.3977272727272727,0.0,0.0,0.0,0.064516129032258,0.0142743905608399,0.2075471698113207,0.7284705386318119,0.4575,0.4233333333333333,0.0,0.0849056603773584,0.1415094339622641,0.0566037735849056,0.0,0.0,0.0,1
34935.0,"Fast Heartbeat for 2 hours I hope somebody can help. I had a jog earlier today, then took a hot shower. Ever since the shower, my heartrate has been around 80-90 bpm (even 100? not sure) for 2 hours. I have no other symptoms. 

I know 80-90 is still considered a normal heart rate, but it isn't for me. Mine is usually around 50-60. Of course, I'm really worried about some kind of heart trouble.",Anxiety,0.3238255033557047,0.2803030303030303,0.0,0.0,0.0,0.0,0.0109044995408631,0.16,0.8218249534450651,0.538125,0.5413888888888889,0.0,0.0266666666666666,0.0666666666666666,0.04,0.0,0.0,0.0,1
34938.0,"Body extremely heavy, and so much more :( My body has been SO heavy for over a week. My dr said it’s anxiety most likely but I’m afraid something is wrong because I kept having rib pains, stomach issues, random pains in my head, joint pains, just really weird and random shit. I also have been dealing with tmj like symptoms (head pressure,stiff neck issues, minor back issues, ear ringing) I’m just afraid something is wrong no matter how many times people say it’s anxiety. I also have allergies and sometimes they make my stomach upset, throat itchy, hives ect and now I’m afraid anytime I get a small hive or itchy spot my throat is going to close up (I get hives a lot and have for years... and my throat has never closed up,..) I got anxiety medication but I’m like hesitant to take it as needed. I also keep gagging randomly especially after food. My chest aches some but it doesn’t feel like an anxiety ache it is almost like a muscle ache? Idk just weird shit. 
I’m just freaking myself out so much and everyone is sick of me!!!
I’m afraid of having MS or spinal issues, nerve issues, cancer, brain aneurisms. Ugh help.
I’m starting Zoloft tonight btw.",Anxiety,0.9664429530201342,0.8030303030303031,0.0,0.0,0.048780487804878,0.064516129032258,0.0115382376906064,0.1455399061032863,0.633225797990925,0.3796296296296296,0.6428571428571429,0.0093896713615023,0.0469483568075117,0.107981220657277,0.0352112676056338,0.0,0.0,0.0,1
34940.0,"Is anyone else in constant fear of getting hurt/injured? It feels like most of the time I constantly think about getting hurt or how doing a simple task could lead to me getting injured (like crossing a street, walking to the store, etc) or I'm afraid of getting some kind of ailment that would require a painful procedure. It makes me feel so alone like I can't live a truly normal life being in constant fear! Can anyone relate?",Anxiety,0.3540268456375839,0.2954545454545454,0.0,0.0,0.0,0.0,0.0115554276946682,0.2531645569620253,0.7527756170002122,0.5043181818181818,0.5707142857142856,0.0253164556962025,0.1139240506329113,0.0379746835443038,0.0379746835443038,0.0,0.0,0.0,1
34942.0,"Blood taste in mouth, have spit to see blood a few times. Hi guys, I've had a problem recently that's happened about 4 times the past year, where I'll taste blood in my mouth and ill spit and there'll be a small amount of blood in my spit. I know rationally it could probably be my gums bleeding but I'm concerned that I have throat cancer, as I've been constantly clearing my throat due to bad post-nasal drip for years now and on top of that I have pretty bad reflux issues. Just need someone to talk to me down cause I'm having some serious anxiety right now.",Anxiety,0.4647651006711409,0.4053030303030303,0.0,0.0,0.0,0.0,0.0107195694316906,0.2222222222222222,0.7334988619904821,0.4222080498866213,0.5023526077097505,0.0,0.0555555555555555,0.1018518518518518,0.0555555555555555,0.0,0.0,0.0,1
34945.0,Perineum feels hard after a bowel movement. Should I be worried? I’m a 24 y/o female with digestive issues. My doctor think it’s just diet/IBS causing my constipation and upset stomach. I recently had a BM that made a inner hemorrhoid (I assume) pop out. My doctor told me not to worry and gave the same advice. It’s gone back since then but I noticed after some BMs my perineum (gooch area) feels harder. I can still squish it and it doesn’t feel like there’s something underneath but it’s harder.,Anxiety,0.4110738255033557,0.3371212121212121,0.0,0.0,0.0292682926829268,0.0,0.0118610345883073,0.1555555555555555,0.771570453134699,0.4692708333333333,0.15625,0.0222222222222222,0.0333333333333333,0.0666666666666666,0.0166666666666666,0.0,0.0,0.0,1
34946.0,"Sudden painful lump in buccal mucosa area sort of behind wisdom tooth, should I be freaking out? On Friday after finishing a week long dose of antibiotics I began to feel discomfort when moving my jaw. I felt around yesterday and noticed a raised area or lump at the very back of my upper mouth, deep on the side of my wisdom tooth, in the buccal mucosa area as they call it. It's on the lining of the cheek in a weird sort of muscular pocket that moves when you move your jaw, hence the pain.

Would cancer grow this quickly? I'm quite sure this lump wasn't there before. Salt water rinses do burn a little as though it's an ulcer or something, but I don't typically get mouth ulcers so I'm unsure.",Anxiety,0.5788590604026845,0.5,0.0,0.0,0.0,0.0,0.0108665258186789,0.2556390977443609,0.7140336875708825,0.4512152777777777,0.524074074074074,0.0,0.0451127819548872,0.075187969924812,0.0112781954887218,0.0,0.0,0.0,1
34948.0,"Anyone else having a tough weekend? Just having a rough weekend. Anxiety is at an all time high, but a nice chat with a fellow Redditor calmed me a bit last night, so would anyone else like to share how they’re getting on this weekend?",Anxiety,0.1904362416107382,0.1666666666666666,0.0,0.0,0.0048780487804878,0.0,0.0108279767370676,0.2666666666666666,0.8172563625077591,0.5271111111111111,0.5680000000000001,0.0,0.0888888888888888,0.0222222222222222,0.0,0.0,0.0,0.0,1
34950.0,"Eyelids twitching for many months? Just wondering how many people here have had their eyelids twitching for many months (or longer)? If you finally got it to go away, what did you do?

I see a lot of posts where people are stressing about eyelids twitches they’ve had for days or weeks (or sometimes hours). But mine have twitched to varying degrees since last May or so. I have tried several bouts of destressing, improving my sleep, meditating, exercising, eating bananas, drinking tonic water, taking multivitamins, ... but can’t seem to get them to stop twitching.

I also notice if I blink hard, sneeze, look certain directions, etc that they’ll start twitching. If I partially close my eyes then the muscles around my eyes quiver like they’re straining to hold the position. Which leads me down the path of thinking it’s more than stress / anxiety and something more in my muscles or nervous system. Especially since it has lasted this long, through many periods of low stress.

Any advice from people who have beaten this? I can’t even remember what it was like to go a whole day without twitching!",Anxiety,0.9177852348993288,0.7196969696969697,0.0,0.0,0.0292682926829268,0.032258064516129,0.0126545079543651,0.1623036649214659,0.7255257538974524,0.5843253968253969,0.4628618113912232,0.0,0.0785340314136125,0.0837696335078534,0.0235602094240837,0.0,0.0,0.0,1
34951.0,PSA: dont look at askreddit right now. Y'all know the drill. Huge thread of symptoms that will no doubt trigger your HA. Take care of yourself and try not to go over there.,Anxiety,0.1375838926174496,0.1212121212121212,0.0,0.0,0.0,0.0,0.0108210201185407,0.2121212121212121,0.9688505163365498,0.6714285714285715,0.7178571428571429,0.0,0.0,0.0303030303030303,0.0,0.0,0.0,0.0,1
34952.0,"Tunnel vision when going cross-eyed? My friend found this 'thing' you can do with your eyes, so I tried it and now I'm abit freaked (more than abit), wondering if anyone can explain it. So this doesn't seem to work inside, only in bright sunlight as far as I've noticed. If you stand outside, in the sunlight(bright) and get in a spot where your side vision is showing the blue sky or something you can clearly see and isn't crowded/moving - then begin by putting your finger infront of your face in-line with your nose, slowly move it in until it's touching the tip of your nose (so you're now crossed-eyed), you'll notice the 'sides' of your vision in each eye have a tunnel-vision kind of effect and go black, once you stop being cross-eyed, it dissapears. why? Going crossed-eyed straight away also does this. can someone please explain this or atleast go out of your way to try and do it just so I'm not so alarmed. you know how HA can be :(",Anxiety,0.7869127516778524,0.6590909090909091,0.0,0.0,0.0,0.0,0.0114029909484454,0.2228571428571428,0.6945570630486831,0.5570512820512821,0.5743589743589744,0.0457142857142857,0.0685714285714285,0.0514285714285714,0.0257142857142857,0.0,0.0,0.0,1
34965.0,"Worried about colon cancer... again. Hey all long story short I’ve been worried I have colon cancer for like 5 years now with months of not worrying alternating with weeks of major anxiety. I’m 24/ M / 190 Pounds and have struggled with blood on the toilet paper every few months. About a year ago I went to urgent care to try and remedy my worry, had a digital rectal exam that the doctor said was “totally normal” which relieved me for all of about a month. For the last few months I’ve felt like I finally beat my worry and today I went and had like 2 little drops of blood on the wipe I used even after a relatively soft and easy to pass stool. So now I’m here, trying to decided if I should pay up and have a colonoscopy or if I’m just letting my anxiety get to me again. Anybody else have this fear or any advice for someone who does?",Anxiety,0.697986577181208,0.625,0.0,0.0,0.0341463414634146,0.032258064516129,0.0102144113644661,0.2289156626506024,0.6594198021134818,0.5028846153846154,0.3692307692307692,0.0,0.0602409638554216,0.1265060240963855,0.0271084337349397,0.0,0.0,0.0,1
34968.0,"Hit my head about 2 months ago, have vertigo and memory issues Hi guys. I hit the side of my head very hard on the corner of a table in late November. I didn’t lose consciousness and there was no blood. I also didn’t have vomiting or nausea. That said, lately I’ve been having vertigo (feeling like the floor is moving out from under me) and i feel extremely out of it, like I’m living in a movie, along with shortness of breath. Everything is made WAY WORSE by caffeine. Also sometimes i will have a headache or dull pain in the area that i hit my head but it’s about once a week so not often. I have been to two doctors who have examined me and said I’m fine but I’ve had no CT scan or MRI. I am so scared i have a hematoma or something!! But it’s also been two months and in that time i have had a LOT of alcohol, been on a vacation, and been on rollercoasters and I’ve been ok minus the vertigo and brain fog. How worried should i be?? Please help me!",Anxiety,0.7944630872483222,0.7234848484848485,0.0,0.0,0.0439024390243902,0.0,0.0099144857667584,0.2395833333333333,0.5824022346368715,0.4572337962962963,0.5671296296296295,0.0,0.046875,0.046875,0.015625,0.0,0.0,0.0,1
34969.0,"Can someone talk me through this?! Coping mechanisms Hi everyone. 

I would like to start by saying I am already on medicine and I have 3 big changes in my life; every time a change comes up, I fall back down this rabbit hole of “having a brain tumor.” 

I can’t stop obsessing over it and being a military wife, I can’t let this happen each PCS/ move. I make myself feel the symptoms: tingly feet, headaches, dizziness, foggy vision, etc. and I can’t stop focusing on every little pain, or ailment. I don’t know what to do. My medicine works great except for these times of change. I run, I watch what I eat. How else can I deal with this? 

Please, any and all suggestions welcome!!!!",Anxiety,0.5637583892617449,0.4810606060606061,0.0,0.0,0.0292682926829268,0.032258064516129,0.0110892303719008,0.171875,0.7671089385474861,0.5969246031746032,0.376984126984127,0.0,0.046875,0.0859375,0.01171875,0.0,0.0,0.0,1
34971.0,"No relief... It's pretty frustrating but knowing my anxiety is causing me a lot of these worrying physical sensations, it doesn't make them go away. I'm well aware that I'm struggling with health anxiety and when things flare up I tell myself over and over that it's a mental problem but I still don't get much relief.

I take painkillers almost every day for various aches and pains, I try sipping water when my throat feels tight. I know I don't get enough exercise (it can exacerbate feeling shaky and lightheaded) and I probably don't eat right either. I get low moods and feel unmotivated a lot of the time.

Any tips on how to self help? What small things work for other people?",Anxiety,0.5654362416107382,0.4659090909090909,0.0,0.0,0.0,0.032258064516129,0.0117357593530614,0.1693548387096774,0.7513065417192287,0.4856717687074829,0.4349489795918367,0.0,0.064516129032258,0.1048387096774193,0.0120967741935483,0.0,0.0,0.0,1
34975.0,"Shortness of Breath Hi,

I'm a 28 year old relatively healthy male who experienced my first ever panic attack on January 3rd (after waking up sometime in the beginning of December having a mini-attack and shortness of breath followed for weeks). I was sitting at home watching Friends and my left arm started tingling and immediately my heart started pounding and I started sweating - I eventually calmed down and went to the emergency room (i've never done that before) to get checked out - the doctor checked my blood pressure, oxygen, etc and said everything looked fine. 

I felt really weird after that. I had an appointment with my family doctor to get blood work, an ECG, and a lung/chest x-ray done and yesterday I was told that everything looked fine on the scans.

Today I got shortness of breath again. Has anybody experienced something like this before? Is it normal for shortness of breath to linger for a few months when you're feeling stressed?

I don't want to become a hypochondriac and I trust my doctor but it just feels off to me.",Anxiety,0.8699664429530202,0.696969696969697,0.0,0.0,0.0,0.0,0.012238478147569,0.254054054054054,0.6555035482409783,0.5920634920634921,0.4265873015873015,0.0108108108108108,0.1243243243243243,0.1027027027027027,0.0405405405405405,0.0,0.0,0.0,1
34976.0,"DVT Anxiety Hello.I'm male,177cm 76kgs,first it was aneurysm that I was afraid of,now it's DVT.I don't know why but I've heard a story about young guy getting killed by it all of a sudden. I have not been inactive,I always try to walk a lot,with my headphones I can walk the whole city without getting tired,but one day pain started in my lower left leg,mostly muscle,it also got little tingly,but I mostly worry about it at night,when I have time to OVERTHINK. I went running and just got home,I have this tightness in my muscle again,I've had this feeling for like 2 weeks and kind of pain sensation over and under my knee.I know it's just my mind,but pain of calf is really discomfort for me and I immediately think about it exploding and killing me.I just wanted to tell you about my fear,thanks for listening!",Anxiety,0.6761744966442953,0.5492424242424243,0.0,0.0,0.0,0.0,0.011991018529001,0.2191780821917808,0.6972526211066045,0.533125,0.43,0.0136986301369863,0.0616438356164383,0.1301369863013698,0.0410958904109589,0.0,0.0,0.0,1
34978.0,"Tightness in my chest for like a week now? Been feeling like I can't get a good enough breath lately, and tight through my chest. It's really starting to scare me! I have acid reflux often and I'm hoping that maybe that's just it, even when I'm not feeling other symptoms?",Anxiety,0.2214765100671141,0.1893939393939394,0.0,0.0,0.0,0.0,0.0112015880732458,0.1568627450980392,0.8589111622302553,0.5080357142857143,0.4101190476190476,0.0,0.0784313725490196,0.0588235294117647,0.0294117647058823,0.0,0.0,0.0,1
34979.0,"Problems with stomach and I feel like I'm about to fall apart... Recently, I began having problems with my stomach and I'm paranoid/panicking that they are something worse. 


I'm 20, Asian, overweight (195 at 5'11), and I'm worried that the symptoms I have are something really bad- abdominal pain, gas issues, constipation, diarrhea, and yellow, runny stool that I don't know where it came from. 


Has anyone have symptoms like this? Do they know where they came from and why? Is it a sign of something bad? Because I'm on the verge of panicking right now and need to know.",Anxiety,0.4714765100671141,0.375,0.0,0.0,0.0,0.032258064516129,0.012431129476584,0.26,0.6710614525139665,0.3918367346938776,0.3884353741496598,0.0,0.08,0.07,0.015,0.0,0.0,0.0,1
34983.0,"CT Scan Worries 20 Y/O trans guy getting a abdominal and pelvoc CT scan for chronic pelvic pain, blood in urine, and possible stones that never passed. I have been suffering for months and I have been delaying this procedure for weeks. My doctor fianlly listened and referred me to a urologist. I have already done an X-RAY and gotten referrals to urogynecology with no conclusive answers except using Tylenol for pain. 

Before this happened to me MDs have offered SSRIs and asked me if this was an exacerbation of my anxiety. 

Wish me luck y'all! I've been googlong ways to reduce radiation and calling all the CT scan centers near me... 

Apparently I can use lead shields for my legs, chest, arms, and thyroid which means a lot to me. 

I am trying not to worry about the long term issues about radiation but it can be exhausting. 

Y'all are strong and thoughful people and I wish the best in your health journeys.",Anxiety,0.7567114093959731,0.6174242424242424,0.0,0.0,0.0,0.032258064516129,0.0118969629778942,0.25,0.6928736885134213,0.580952380952381,0.5261904761904762,0.0365853658536585,0.0670731707317073,0.0670731707317073,0.0182926829268292,0.0,0.0,0.0,1
34984.0,"16 and worried about my weight I'm a 16 year old male and I've always been really underweight and I have a terrible diet, rarely eat fruit or veg. When I was 12 I was 4.5 stone, and now that I'm 16 I average at around 7 stone. Since I've always been underweight, I've never really worried about it but recently I've started to worry, it makes sense because of my terrible diet, and that I never exercise, but with all this anxiety about my health I've started to worry, is this something I should be worried about? Or is it as simple as eating healthier and getting more exercise, thanks.",Anxiety,0.4865771812080537,0.4166666666666667,0.0,0.0,0.0,0.0,0.0110409996773633,0.2612612612612612,0.6017917358699482,0.4604166666666667,0.4422619047619047,0.0,0.072072072072072,0.072072072072072,0.054054054054054,0.0,0.0,0.0,1
34988.0,"Canker Sore: Is this cancer concerns. So every now and then when I drink, I chew tobacco. Over 2 years, I have done it 6 times and probably a total of one can of dip across all of that. 

Anyway, I chewed 10 days ago or so. And a few days after, I had was eating chicken and cut my lip on a bone. It's been 8 days, and the cut turned into a canker sore. It seems to be healing, and the pain from it is less every day. But my mind is convinced it is cancer from my very light tobacco use. Rationally, I know it isn't but still anxiety is there. 

Ugh....",Anxiety,0.4538590604026846,0.4318181818181818,0.0,0.0,0.0,0.032258064516129,0.0092376332494909,0.2869565217391304,0.7050279329608938,0.4553333333333333,0.5553333333333332,0.0,0.0347826086956521,0.0782608695652174,0.0130434782608695,0.0,0.0,0.0,1
34993.0,Light brown line on nails I’m 17 years old I had these lines on my left index and middle finger for about two years. I’m feel healthy enough. But I’m freaking out reading about melanoma.,Anxiety,0.1493288590604027,0.1287878787878787,0.0,0.0,0.0146341463414634,0.0,0.0111668634395907,0.1142857142857142,0.8825219473264165,0.5833333333333334,0.3166666666666666,0.0,0.0571428571428571,0.0571428571428571,0.0,0.0,0.0,0.0,1
34996.0,"I found a bump on my arm and I’m panicking. I have a doctors appt in a couple weeks. But last week I found a small hard bump on the side of my arm, close to my elbow you can’t see it just feel it. I googled it like a dumbass so now I think I have cancer. I’m so upset I have been doing so well lately with my health anxiety.",Anxiety,0.2651006711409396,0.2689393939393939,0.0,0.0,0.0146341463414634,0.0,0.0083122895622895,0.2083333333333333,0.685909373060211,0.3947916666666666,0.4020833333333333,0.0,0.0277777777777777,0.0694444444444444,0.0208333333333333,0.0,0.0,0.0,1
35001.0,"Fear of MS, or is it just my anxiety? I know the likelihood of MS is so low but I don’t know. I have very stiff and tense muscles in my arms, upper back and shoulders and legs where I get frequent muscle spasms if they got overused Andy right leg has a dull burning/stinging sensation in one area of I don’t move it. I can feel the sensation of little shocks and tingles around those areas including the top of my head at certain points. Anxiety and stress seem to worsen the symptoms greatly as I don’t really get the tingles when I’m completely relaxed. I don’t see a neurologist until a week and a half and I really just want it to be a combination of stress/anxiety and the right muscles but that slim possiblity that it is frightens me. I don’t want to live with this pain and sensations forever",Anxiety,0.6644295302013423,0.5757575757575758,0.0,0.0,0.0292682926829268,0.0,0.0107964673472694,0.2941176470588235,0.6372001314492277,0.5434538840788841,0.394973544973545,0.0392156862745098,0.0196078431372549,0.0849673202614379,0.0392156862745098,0.0,0.0,0.0,1
35007.0,"Can't stop worrying about oral cancer I am a 20 year old and I have pretty bad HA I've had it under control for a little while now until recently when I felt a few little lumps on my gums at first I thought maybe it's a canker sore or something but my anxiety got the best of me when I saw an ad about oral cancer and it kicked my into the deep end. Now I don't know how long they were there so it was just recently I discovered it but I thought for sure that I had oral cancer. I called my dentist asked for him to check it out just to be safe he said ok. I went in today got a couple of x ray's than he looked in my mouth with the mirror thing he said ""Your x ray's came back good and I don't see anything wrong it looks like it might be just bit of extra bone but you have nothing to worry about."" for some reason my anxiety won't let me accept that. I have been trying everything to accept hat my dentist said but for my anxiety tells me ""Maybe he missed it?"" Now have been trying everything I can to get my HA back under control but I know it's going to be incredibly difficult. So I would like to know if you have any advice that can help me I would like to hear it.",Anxiety,0.976510067114094,0.931818181818182,0.0,0.0,0.0,0.0,0.0091218590022417,0.194331983805668,0.5505394341030918,0.5351190476190476,0.4470899470899471,0.0,0.0647773279352226,0.0931174089068826,0.0182186234817813,0.0,0.0,0.0,1
35009.0,"Whilst falling asleep - jolted awake with panic. Any tips to overcome? Hi all,

I’m currently battling with myself, I’ve convinced myself I have something wrong with my heart due to some pains in my chest, despite seeing the doctor twice and them confirming it’s nothing to worry about. 

Whilst I’m up and about in the day I can deal with it and distract myself. However, I’ve found that almost every night as I’m falling asleep, just as I drift off; I have a feeling my heart has stopped/I’m having a heart attack and it holds me wide awake. 

I’m at wits end, and so done with being exhausted every day due to it taking hours each night to actually get to sleep.

My doctors haven’t been very useful with advice, so has anyone else had a similar experience and have any tips on how to get over this?",Anxiety,0.6610738255033557,0.5606060606060607,0.0,0.0,0.0439024390243902,0.0,0.0111879934180117,0.2281879194630872,0.668853811255671,0.4522222222222222,0.4055555555555556,0.0,0.0939597315436241,0.1006711409395973,0.0201342281879194,0.0,0.0,0.0,1
35012.0,"Chest pains and limb numbness - Cardiac ischemia possible for F24? I'm female, 24 years old and I've been chronically experiencing most of the symptoms describing cardiac ischemia. For a few years, but more often lately. I have no issue of being overweight (rather almost underweight), and generally I don't seem like the type who'd have heart problems. I rarely smoke, don't drink. But I do go through a lot of emotional stress, am very depressed, and I don't move enough, spending a lot of time at home in bed. When I'm depressed, I often wake up full of anxiety, feeling like I'm almost having a heart attack.

I know that I should probably do an ECG asap to know for sure, but I will only be able to do it in a couple of months. But I was wondering if it's my heart or something else, because I feel like its unlikely for a woman of my age and complexion to have heart problems?",Anxiety,0.7323825503355704,0.6212121212121212,0.0,0.0,0.0,0.0,0.0111758076634109,0.2181818181818181,0.6573556797020483,0.55,0.4989766081871345,0.0121212121212121,0.0484848484848484,0.0606060606060606,0.0545454545454545,0.0,0.0,0.0,1
35015.0,"Pulsatile tinnitus So over the last week or so I've noticed that for about 10-15 seconds each day, I've heard a pulsing sound in my ear that sounds like a fan whirring. At first I thought it was an external sound, but then I pinned it down to coming from inside my head when I was in the bathroom one time. I googled it and it came up with pulsatile tinnitus, and it said the cause could be tumours, aneurysms, high blood pressure, hearing loss etc. 

I hear it in my right ear, and as I said it's normally for around 10 seconds a day at random times. I've been unable to trigger it or find a way to induce it; there seems to be no pattern to it. Which is odd because people who mention this talk of it being constant. 

I exercise regularly and do cardio, and I'm cutting down on my caffeine consumption to see if that helps. I've heard this can be a symptom of anxiety or can just be heightened awareness of my own body, which makes sense but don't exactly know what that means. You'd think I'd have noticed this before. 

Anyone experienced this before?",Anxiety,0.8741610738255033,0.7575757575757576,0.0,0.0,0.0,0.0,0.0107742965612707,0.2985074626865671,0.6778120570332694,0.5320509607351712,0.4375657091446565,0.0199004975124378,0.0547263681592039,0.0597014925373134,0.0223880597014925,0.0,0.0,0.0,1
35018.0,"I’m going to get cancer. I just know it. I’ll keep this short...

Found out my grandma has cancer through my mother. She told grandma not to freak out because she had the same thing last year and had it removed. Wait, what?! She didn’t tell me she had cancer. She just mentioned surgery. Now two women have had the exact same cancer...which means I’m probably going to get it too. Actually I’m like 100% sure I will because one of my greatest fears (aside from pregnancy) is to die by cancers hand. Oh and plot twist...not having children actually increases my risk. Awesome.",Anxiety,0.4748322147651007,0.3901515151515151,0.0,0.0,0.024390243902439,0.0967741935483871,0.0118073214664123,0.1442307692307692,0.7232488182208852,0.6375,0.3955555555555555,0.0,0.048076923076923,0.0769230769230769,0.0432692307692307,0.0,0.0,0.0,1
35021.0,"Heath Anxiety has a higher IQ than Einstein. FACT Think about this! Health anxiety has the power to create symptoms out of thing air....if you are thinking about them. That’s crazy. 

Me: omg I think I might have a stroke 
Health anxiety: hold my beer....lets make his face numb and arm numb. That should make him panic. 
Me: omg I’m right it’s happening",Anxiety,0.2869127516778523,0.2348484848484848,0.0,0.0,0.0146341463414634,0.064516129032258,0.0119539551357733,0.1269841269841269,0.8368360379533564,0.3798214285714286,0.7871428571428571,0.0,0.0476190476190476,0.0476190476190476,0.0,0.0,0.0,0.0,1
35024.0,"My life in a nutshell Here is my cycle... 

Get anxious 
Clench teeth 
Get pains in face 
Moves to head 
Dying of brain tumour
Freak out 
Rinse and repeat 

Honestly!!!!",Anxiety,0.1275167785234899,0.1098484848484848,0.0,0.0,0.0,0.064516129032258,0.011248852157943,0.2333333333333333,0.8972067039106145,0.6875,0.95,0.0,0.0333333333333333,0.0666666666666666,0.0,0.0,0.0,0.0,1
35025.0,Tonsils bleeding I have tonsil stones and I was trying to get one out when my tonsils started bleeding out of no where from a completely different spot. Do you think it could be from me irritating them or what?,Anxiety,0.1694630872483221,0.1477272727272727,0.0,0.0,0.0,0.0,0.0109331955922865,0.25,0.8715083798882681,0.4,0.7,0.0,0.125,0.05,0.0375,0.0,0.0,0.0,1
35026.0,"Venting A little info- new to the community. I’m 18f, weight is 165 at 5’4. Back in September I got diagnosed with a stomach infection called cdiff. It’s been a whirlwind since then. If you read up on it it’s super hard to get rid of mainly because elderly people primarily get it and it’s a spore firming bacteria. It can kill you. It caused me tremendous anxiety. But of course with my luck, I contracted it. I was on antibiotics for two months, now I’m waiting to retest my stool again. I have to wait a month at least in case I get a false positive stool test. Everything has been normal bathroom-wise for a month. So I thought I had gotten rid of it, and was excited to go back to the doctor. Until yesterday, my lose stools came back. Again. And now I’m through the roof just upset. If I test positive for it again, (I’ve tested positive twice now.) then I go in for a fecal matter transplant. Also for the past few months I’ve been experiencing this sternum pain, literally in my chest bone. Only with certain arm movements. Anywho, moral of this is that I just want to be okay. It’s affecting me, my relationship, and everything around me.",Anxiety,0.9555369127516778,0.8106060606060607,0.0,0.0,0.048780487804878,0.0,0.0111554231533089,0.2604651162790697,0.6509809016499936,0.5361224825898738,0.4653914925654055,0.0093023255813953,0.0604651162790697,0.0604651162790697,0.0348837209302325,0.0,0.0,0.0,1
35028.0,"Been farting I have been farting way more than usual. Recently I have changed my diet a little bit (in a good way) and going to the gym more strictly, but my farts are getting really disgusting and it has been affecting my social life. Please help me, I don’t understand.",Anxiety,0.2206375838926174,0.1893939393939394,0.0,0.0,0.0048780487804878,0.0,0.0111340679522497,0.1568627450980392,0.7782889692189725,0.5184895833333333,0.4583333333333333,0.0,0.1372549019607843,0.1372549019607843,0.0588235294117647,0.0,0.0,0.0,1
35030.0,"Lower left back pains, muscular or organs? Hello!

&amp;#x200B;

For the past week ive been dealing with pain in my lower left back and lower left side. I dont know what do think of it, my health anxiety says organs and i say muscles. 

&amp;#x200B;

I tried to do some stretches on my left side and i felt that it did hurt and something stretched. Then i tried the same stretches on my right side and i didnt feel anything (so i guess tha side is fine). The stretches just gives SOME relief for a few minutes (3-4) but i cant convince myself that its my muscles doing it. I think its my kidney, so stomach, some else organ in my body thats making the pain. Do u guys know anything about this cuz its really freaking me out?",Anxiety,0.5964765100671141,0.5227272727272727,0.0,0.0,0.0,0.0,0.0106055651346691,0.1798561151079136,0.6598207467545516,0.5154761904761904,0.1315934065934066,0.0,0.0647482014388489,0.079136690647482,0.0107913669064748,0.0,0.0,0.0,1
35032.0,"Very worried about my sister My sister (26) has been suffering from pretty chronic neck pain for over 3 years now. She had an MRI 3 years ago, which was normal. We tried alternate therapies including massages. They gave her a bit of relief but the pain would return every now and then. She then moved to a cold country away from us. The past summer there was quite pain free for her, but in the last 3-4 months her neck has been severely aching again, and after a recent long flight it has spread to her upper back as well. She has an appointment with a doctor about 10 days from now. I’m extremely close to her and she lives more than 8000 miles away from me. I feel helpless and anxious, and i’m imagining all sorts of worst case scenarios :( 

If her MRI was clean 3 years ago, it can’t be cancer or something now, even though the pain is worse, right?",Anxiety,0.7088926174496645,0.6212121212121212,0.0,0.0,0.0146341463414634,0.0,0.0105914517071541,0.2242424242424242,0.6947350600981885,0.4681845238095238,0.5526190476190476,0.0121212121212121,0.0484848484848484,0.0666666666666666,0.0181818181818181,0.0,0.0,0.0,1
35038.0,"Worried about lymph node but it also may just be a ingrown hair cyst I think its been there for awhile but I could be wrong, I just know I've fixated on it this past week. Its located right above my right testicle, and it feels hard and doesn't move. its probably between 1-2cm and I can't tell if its a cyst as the hair there does look a little red by the root. Ive now convinced myself I have cancer or HIV and feel awful. I did set up my physical for next week, but some aide to my anxiety in the the mean time would help. I've had fatigue lately but im always kinda fatigued due to my autoimmune disease.",Anxiety,0.5033557046979866,0.4583333333333333,0.0,0.0,0.0,0.0,0.0099580002709659,0.2131147540983606,0.7219525597582196,0.4144557823129252,0.4406037414965986,0.0,0.0491803278688524,0.081967213114754,0.0245901639344262,0.0,0.0,0.0,1
35040.0,"Just found this sub and so thankful I’m not alone with my delusions. I’ve had health anxiety my entire life. I’ve had every type of cancer you can imagine, diabetes, all the syndromes, etc. 
I have PCOS (legitimate) and recently went to a specialist for it, they took my testosterone levels via blood test and they were supppeerr high, he said the only time it’s this high is when there’s a potential tumor on the ovary or adrenal gland. 
So naturally I’ve been an anxious mess the last 4 days, living on Xanax. I’m getting scans and tests done within the next two weeks, to not only rule that out but to see how my fertility is. 
He said that most cases the tumors are benign but us hypochondriacs don’t hear the positive statistics, we hear the negative and nothing else. Just had to share. I’m trying to think positive thoughts via my therapist but we all know how that goes!",Anxiety,0.7273489932885906,0.6060606060606061,0.0,0.0,0.0439024390243902,0.0,0.0115047995482778,0.217391304347826,0.7126895450917797,0.5220738636363637,0.5367234848484849,0.0,0.0248447204968944,0.1055900621118012,0.0372670807453416,0.0,0.0,0.0,1
35041.0,"Fitbit heart monitor is terrible for my health anxiety. I had a panic attack in Oct. It lasted for 12 hours. I ended up in the emergency room. Had blood work, ECG, and chest xray. Everything came back good. In fact I wasn't even worried I could have a heart condition until I was checked for it. 

After that I was convinced something was wrong with my brain. I thought I had a brain tumor, stroke, etc. After a while I calmed down on that, still going to see a neurologist though, because I suffer from a swaying dizziness when I'm anxious.

Now I'm obsessed about my heart. I got a fitbit for my birthday and I religiously check my heart rate all day long. Checking it makes it spike. If I'm resting I can usually get it down to the 60s, but if I keep checking it it spikes up in the 90s. When walking around it ranges from (had palpitations typing this) 110-140 depending on how anxious I am. If I don't look at it it goes down, if I do man oh man does it rise. During a panic attack it was 150. I sat down and calmed myself down and it dropped to 100. Blahhhhh.",Anxiety,0.8842281879194631,0.787878787878788,0.0,0.0,0.0,0.0,0.0102827975272516,0.2392344497607655,0.6163695169869825,0.4040740740740741,0.522962962962963,0.0095693779904306,0.0956937799043062,0.0478468899521531,0.0143540669856459,0.0,0.0,0.0,1
35046.0,"If you need someone to vent to. Hello all,

I hope the rules of this subreddit allow this.

I'm a 31 year old male with ADHD, anxiety and health anxiety.

My work place is closed for the winter months so I have a ton of free time. 

I will state that I am not a doctor, I can't give you medical advice but I do have time. I can promise you I will read whatever you send me, it will stay between us and I will just try and respond the best as I can. I will be an ear, I will only be able to give my personal experiences and not a diagnosis. I don't have any answers to how you are feeling, but if you need to talk to someone I'm here.

Send me a wall of text, no need for TL;DR.",Anxiety,0.5562080536912751,0.5416666666666666,0.0,0.0,0.0,0.0,0.0088383838383838,0.2222222222222222,0.6288019863438857,0.6055555555555555,0.3805555555555555,0.0,0.0277777777777777,0.0625,0.0104166666666666,0.0,0.0,0.0,1
35057.0,"Fear of allergic reactions Over the past few months I have developed a fear of allergic reactions. It has become so bad that I will start to feel allergy symptoms after taking almost anything. Right now I am panicking after taking gaviscon of all things! As soon as i took it, i started feeling itchy and panicky. I hate this.",Anxiety,0.2667785234899329,0.2234848484848485,0.0,0.0,0.0,0.0,0.0115358126721763,0.1833333333333333,0.794413407821229,0.3755952380952381,0.4587301587301586,0.0,0.1,0.0333333333333333,0.0,0.0,0.0,0.0,1
35061.0,"I cut shallots yesterday afternoon, and one of my eyes STILL burns. Now what? This is going to sound dumb, but I'm really not sure what to do.

I have flushed my eye with water multiple times, and blotted it with a cool, damp paper towel.
The area under my top eyelid still burns, and it's been 18 hours since I cut the shallot. I did not touch my eye directly at any point.

Am I in danger over this? Do I need to get to an eye doctor today? Or is there something else I can try? I have allergy relief eye drops, but I'm afraid it will make my eye burn more.",Anxiety,0.4605704697986577,0.428030303030303,0.0,0.0,0.0,0.0,0.0096237494562853,0.1929824561403508,0.7294913260805644,0.5347222222222222,0.5265432098765432,0.0,0.043859649122807,0.087719298245614,0.0263157894736842,0.0,0.0,0.0,1
35063.0,"12hr plane journey tomorrow, any advice? Hi guys, 

First post here, I'll be stuck on a plane for at least 12hrs tomorrow and i'm nervous just thinking about it.

Occasionally when my anxiety peaks my whole body will experience numbness and pins and needles spreading across my entire body which freaks me the fk out as i feel like i have no control over my body -head to toe, and am going to spasm. 

The worse thing is sometimes it happens ""randomly"" when i don't necessarily think i'm anxious. One moment i'm completely fine, the next i'm trying to fight myself. 

it's been a couple of years since i've been on such a long flight and i'm not particularly looking forward to it. Any advice to would be appreciated",Anxiety,0.5880872483221476,0.4848484848484848,0.0,0.0,0.0,0.0,0.0117213359813782,0.2015503875968992,0.7609458230479408,0.4827777777777778,0.4544444444444444,0.0155038759689922,0.0542635658914728,0.1162790697674418,0.0465116279069767,0.0,0.0,0.0,1
35064.0,"Sinuses? I’m 14. I don’t have the usual sinus symptoms. I have puffy eyes, tingling electric headache, stuffy nose, pressure in pack of head, irritated eyes, swollen lyphnodes, a feeling of air bubbles under top eyelid, ears feeling blocked causing nausea. *very* bad dizziness. Feeling like I’m moving when I’m not. Feeling faint and tired all the time, gums and teeth hurting.

 Nothing helps! Its been almost 2 years and it’s like this all the time! I’ve tried antibiotics and all kinds of medicine but nothing helps. I’m scared the my symptoms aren’t normal especially my dizzy feeling. The thing that’s causing the most worry is the itchy pinching brain feeling. Is this anxiety / normal sinus stuff? I’ll be going to the doctors tomorrow and I’m terrified. I’ll update afterwards.",Anxiety,0.6510067114093959,0.4924242424242424,0.0,0.0,0.0585365853658536,0.0,0.0134034656067966,0.183206106870229,0.7253614226619471,0.4452777777777778,0.6796296296296297,0.0,0.1374045801526717,0.0916030534351145,0.0114503816793893,0.0,0.0,0.0,1
35065.0,"Health anxiety is the worst Health anxiety can be so incredibly difficult. I've struggled with health-related anxiety, alongside other anxiety struggles, my entire life. It seems as though when one 'health worry' disappears (could take days, weeks, months) a new one appears. It's absolutely exhausting and takes over my mind for the entire day. Has anyone found improvement from therapy, and if so did you seek a certain type of therapy? I'm going back on my medication (antidepressants) after coming off of them a few years ago. This past month has been almost unbearable, and things have been bad since the summer after suffering a skin cancer scare. Any tips for coping? Today has been really rough.",Anxiety,0.5830536912751678,0.4393939393939394,0.0,0.0,0.0,0.0,0.013488615761343,0.188034188034188,0.8067134603447452,0.387524975024975,0.5052031302031302,0.0341880341880341,0.0512820512820512,0.094017094017094,0.0384615384615384,0.0,0.0,0.0,1
35075.0,"Am i a hypochondriac? I am a 24 year old female, and would like to preface this by saying that I do actually have a few chronic illnesses that have been diagnosed, one of which is an autoimmune deficiency. As well as severe anxiety with frequent panic attacks. 

 That being said, for years now I have been hyper focused on various symptoms my body has displayed that usually end with them disappearing and me forgetting they ever happened. But with every pain or nausea episode I have, I end up spending hours googling symptoms and what they mean. For years now I have put in anywhere from 2-8 hours a day on various medical websites. 

This week alone I have convinced myself that I have:
-ibs
-Crohn's
-breast cancer
-kidney failure
-pregnacy
-kidney stones
-patellafemoral syndrome
-worms
-diabetic ketoacidosis
-an impending heart attack

I am tired of being scared all the time. I am aware this isn't normal and I haven't even considered that I was a hypochondriac until today. Could that be the cause of these irrational worries?",Anxiety,0.8573825503355704,0.6742424242424243,0.0,0.0,0.0,0.0,0.012602536282069,0.2346368715083799,0.7013826035392153,0.4686011904761905,0.3360119047619047,0.0,0.0782122905027933,0.0949720670391061,0.0167597765363128,0.0,0.0,0.0,1
35076.0,"Does anyone have anxiety from STDs? Hi all, I get severe health anxiety when it comes to std’s specifically herpes/hiv. Does anyone else feel this way? If so, please share your story below I’d really like to hear what everyone else has to say.",Anxiety,0.1971476510067114,0.1628787878787879,0.0,0.0,0.0097560975609756,0.0,0.0118645128975707,0.1363636363636363,0.8598273235144743,0.6,0.2,0.0,0.0,0.1136363636363636,0.0681818181818181,0.0,0.0,0.0,1
35078.0,"A possible blood clot? I know that I suffer from Health anxiety and it’s been such a relief knowing this group is here and there are others out there just like me. I have a long story which I don’t feel I have the patience to share, but right now I’ve had this pain in my upper leg and in my inner thigh, it’s not crazy bad but it’s enough to feel almost like a bruise or someone kicked me there except that’s never happened. It sort of comes and goes and lasts for a few days and it hurts a significant amount when I walk, my biggest fear is that it’s a DVT or a blood clot, can anyone advise?",Anxiety,0.4916107382550335,0.4545454545454546,0.0,0.0,0.0341463414634146,0.0,0.0097016369555813,0.2727272727272727,0.6941687058497622,0.500487012987013,0.513095238095238,0.0,0.0165289256198347,0.0495867768595041,0.0,0.0,0.0,0.0,1
35079.0,"Is this a normal anxiety response? I’ve been battling with health anxiety for about a year now, and it’s been a rough journey. I’ve been stressed a little and I have a new symptom that I’m not sure is serious or anxiety???

For the past 2 days I’ve been having this vibrating/ buzzing feeling in my left chest. Recently I felt it in my left shoulder too. It happens about every 20 seconds and has been constant. I’m freaking out about it, and don’t know if I should see a doctor??? Has anyone experienced this?",Anxiety,0.4203020134228188,0.3560606060606061,0.0,0.0,0.0341463414634146,0.064516129032258,0.0112548934319269,0.2526315789473684,0.6970302852102322,0.4985637626262626,0.4411195286195286,0.0,0.0736842105263157,0.0736842105263157,0.0157894736842105,0.0,0.0,0.0,1
35084.0,"Palms of hand acting strange! Photos: https://imgur.com/a/m9nXmwG

While I was in my mirror pinning clothing to be sewn my palm on my left hand started acting funny and I looked at it and it seems to look like it’s swollen a bit. My right hand was doing that for a while + had a very random hyperextending thumb (which I’ve never had but now it bends back far whenever I hold it up). I also noticed the veins in my hands / body in general are extremely noticeable but I wasn’t worried too much about that part as I am a pale person and none of them are varicose veins. I do have (shown in last photo) this pinched/swollen looking vein or tendon (no idea WHAT that is) a little below my index fingers that had shown up over the summer and that was what started health anxiety in my life to begin with. If anyone knows if it looks like something is actually off, I would appreciate any advice. Ofc going to a doctor is always the best bet but I am about to travel for a weekend out of country~I believed for a while that I may have carpal tunnel by the way my palms and some fingers have been acting. Thanks all!",Anxiety,0.9077181208053692,0.8106060606060607,0.2,0.0,0.0146341463414634,0.0,0.0102424883080274,0.2697674418604651,0.6461998181109524,0.523703007518797,0.3359147869674185,0.0,0.0697674418604651,0.0930232558139534,0.013953488372093,0.0,0.0,0.0,1
35087.0,"After Grandma Died i don’t know what’s happening but my grandma died a couple days ago &amp; physical things have been hurting me. such as:

knee pain that lasted two days then went away
lower right back pain 
back pain
sore abdomen
jaw pain
tightness in chest that makes it hard to breathe 


also i’m constipated so maybe it has to do something with that but i don’t think so. she died of cancer as well as other things that tied into it &amp; im so fucking scared that i have all of what she had &amp; that i’m going to die this year &amp; trust me, i’ve been very anxious about my health but not as much as this. im scared all the time &amp; i see the doctor in a week but still. plus i’m 15 &amp; i’m so stressed &amp; anxious &amp; everything hurts even more",Anxiety,0.6300335570469798,0.5606060606060607,0.0,0.0,0.0390243902439024,0.0,0.0103328896037864,0.174496644295302,0.6412582955269768,0.4747519841269841,0.4662698412698412,0.0,0.1006711409395973,0.0335570469798657,0.0,0.0,0.0,0.0,1
35091.0,"Middle back pain when breathing deeply. I've convinced myself I have a pulmonary embolism. Screw you, health anxiety. I'm trying not to spiral out but it's really hard.",Anxiety,0.1342281879194631,0.1022727272727272,0.0,0.0,0.0,0.0,0.0135527351436442,0.0714285714285714,1.0,0.4635416666666667,0.2354166666666666,0.0,0.1071428571428571,0.1071428571428571,0.0535714285714285,0.0,0.0,0.0,1
35093.0,Brain zaps/chills I started taking vitamin B12 a few weeks ago and I started getting brain zaps. I know they can be caused when coming off antidepressants but I’ve never been on them in my life. It feels like chills or like fuzziness in my head like static and I hate it. I don’t think I’ve ever felt them before and I can’t say B12 was the reason why but it all started a few days after taking B12 daily. It’s the worst feeling though and I wish it would go away. Even after stopping B12 they still happen now :(,Anxiety,0.4236577181208054,0.3787878787878788,0.0,0.0,0.024390243902439,0.0,0.0102930747620216,0.1683168316831683,0.6946733779523203,0.3249999999999999,0.5714285714285714,0.0,0.099009900990099,0.0594059405940594,0.0,0.0,0.0,0.0,1
35095.0,"Scared of health problems while flying I'm a 30 yo fm, always have had health anxiety since I was a child. Specific fears of flying and having a heart attack or not being able to breath because of Increased pressure and less oxygen 😫I cause myself anxiety and I start to yawn and panic to get a satisfying breath. Scared I'll suffocate or have a heart attack. Flight is tomorrow and scared",Anxiety,0.3263422818791946,0.2727272727272727,0.0,0.1,0.0048780487804878,0.0,0.0115428884108834,0.273972602739726,0.6902119843881533,0.6041666666666666,0.4541666666666666,0.0,0.1232876712328767,0.0273972602739726,0.0,0.0,0.0,0.0,1
35099.0,"Weird heart palpitations Hey guys 22 YO male her in pretty good shape. Wanted to post here because lately I’ve been having strange heart palpitations and it’s been giving me anxiety along with shortness of breath. Not sure if the shortness of breath coincides with the anxiety or the heart palpitations) but regardless, it has been making me really nervous. Any suggestions on what it may be or if there’s something wrong with me? Thanks guys....",Anxiety,0.3674496644295302,0.2840909090909091,0.0,0.0,0.0146341463414634,0.032258064516129,0.0130219660722053,0.2236842105263158,0.7835930608644517,0.4875,0.5638888888888889,0.0,0.0657894736842105,0.1052631578947368,0.0394736842105263,0.0,0.0,0.0,1
35101.0,"My HIV Health Anxiety Nightmare I participated in a ‘low risk’ activity. It is estimated the chances of acquiring HIV are about 1 in 2,500. Nevertheless, it has happened. 

4.5 weeks later I got the flu. Cue health anxiety meltdown. 

I tested at 5.5 weeks. Negative. 3 other tests later. Negative. I have just ordered my final test at 12 weeks. I know it’s probably unnecessary but I just need to do it to be able to move on. 

Funnily enough, this is happened before. 3 weeks after a risk where my doctor said that HIV transmission “just doesn’t happen this way”, I absolutely freaked. Cue two negative tests and 1.5 years of worry and not fully believing I was HIV negative. 

I know better than anyone the toll this condition can have on you. From the physical symptoms to the stress, the incessant symptom googling, the constant feeling of your lymph nodes or checking your tongue in the mirror or freaking at a bump on your head that’s probably been there since you were born. It fucking sucks. 

£200 of testing later... let’s hope this chapter of my life has ended. And I can start living again. Because I’ve been living in my head for a while now.",Anxiety,0.9546979865771812,0.787878787878788,0.0,0.0,0.048780487804878,0.032258064516129,0.0116667984762808,0.2488038277511961,0.6606345727192537,0.4770833333333333,0.4153439153439154,0.0191387559808612,0.0717703349282296,0.0765550239234449,0.0358851674641148,0.0,0.0,0.0,1
35105.0,"Breast pain / nipple pain Okay, so I am freaking out. I’ve been having come and go nipple discomfort for a few months now... I first noticed it back in October and got an ultrasound that came back all clear. Basically, my right nipple has been feeling weird. The best way I can describe it, is either burning or if I had applied some vapor rub. It comes and goes I haven’t felt it in 2 months but it came back... has anyone felt this before? Im worried about ibc or paget’s .",Anxiety,0.3917785234899328,0.3484848484848485,0.0,0.0,0.0146341463414634,0.064516129032258,0.0103935246897123,0.1935483870967742,0.7789391481948699,0.5717857142857143,0.3152380952380952,0.0,0.075268817204301,0.021505376344086,0.0,0.0,0.0,0.0,1
35110.0,"Anyone else feel like bugs are crawling on them when they’re stressed out? My last week has been very stressful, I remember many months ago i was experiencing a similar level of stress and back then I used to feel like little bugs were crawling on my skin, it gets worse when I think about it or if I’m going to sleep. It came back because of the stress I’m going through now, at least I think. Is this a normal repose to stress and does this happen to anyone else?",Anxiety,0.3833892617449664,0.3409090909090909,0.0,0.0,0.0146341463414634,0.0,0.0104024763115672,0.2637362637362637,0.7063048683160416,0.498125,0.3416666666666667,0.0,0.0769230769230769,0.0549450549450549,0.0,0.0,0.0,0.0,1
35115.0,"Worrying about CBC Results I just took a CBC today and was wondering with the results since the figures are a bit off from the reference values. To be honest, I did so thanks to my paranoia and it did make me more paranoid. Haha. -_-

Hemoglobin - 118 (range: 133-180)

Hematocrit - 0.36 (range: 40-0.54)

WBC - 13.4 x 10.9 g/L (range: 5-10)

Neutrophil - 0.84 (range: 0.4-.6)

Lymphocytes - 0.14 (range: 0.2-0.4)

Platelets - It only says HIGH Count


Thank you in advance.",Anxiety,0.3842281879194631,0.3181818181818182,0.0,0.0,0.0,0.0,0.0116877329444174,0.2,0.7702267499178442,0.6383333333333333,0.5733333333333334,0.0,0.0235294117647058,0.0352941176470588,0.0176470588235294,0.0,0.0,0.0,1
35119.0,I WANT THIS FEELING TO END!!! I just want this feeling to end I feel the older I got the more worried I got about dying I've been anxious since I was 13 I'm now 32 over the years it was roller coaster some days I wasn't anxious at all mom kept me busy with sports cheer in 2009 3 family members died my cousin being 16 scared me so much I didn't even want go out in 2011 two more family members died my cousin being a young mom leaving her babies behind made me think if got took her being a mom why wouldn't he take me being young so my anxiety went from a 2 to a 10 and I haven't been able to control it seeing cardiologist different drs because I want to be reassured Im not dying =( I don't want be this way anymore I just want be okay I want live,Anxiety,0.6233221476510067,0.5946969696969697,0.0,0.0,0.0,0.032258064516129,0.0091580360567702,0.1772151898734177,0.6161516158687504,0.5384343434343434,0.5705555555555556,0.0,0.0949367088607595,0.0632911392405063,0.0189873417721519,0.0,0.0,0.0,1
35121.0,"Heart ""jumping"" in chest and suspected PVC. Any advice? Hey guys,

For the last few days I've been having a hard time with a weird sensation in my chest. 

Four or five times a day, I'll have a feeling like my heart ""jumped"", or skipped and beat and compensated with one bigger beat to pump out more blood through my arteries. It feels horrible. For a few seconds, I feel like I have no pulse and even though I know it's normal and it's usually harmless it's just a horrible, scary, devastating feeling. 
Does anybody have any advice on how to deal with those things?",Anxiety,0.4656040268456375,0.393939393939394,0.0,0.0,0.0,0.0,0.0112652499016135,0.238095238095238,0.7258845437616387,0.3349358974358974,0.592948717948718,0.019047619047619,0.0571428571428571,0.0952380952380952,0.0142857142857142,0.0,0.0,0.0,1
35122.0,"Abdominal aorta anxiety I can strongly feel my abdominal aorta pulsating. Laying down and standing up. I did a mistake and googled it a few weeks ago and anxiety hit me hard. Even tho it said that aneurysm happens mostly to men over 65, I can't get this out of my mind.

I am skinny female in my 20's so I think this should be normal but my brain won't believe it.. I went to the doctor who didn't even examine me but just said ""I guess it's normal"". That didn't really help. 

I think I only need to hear that others do feel their pulse in their stomach too and it's normal..",Anxiety,0.473993288590604,0.4242424242424242,0.0,0.0,0.0,0.0,0.0102604890416636,0.1858407079646017,0.6998071884115291,0.5425505050505051,0.4982323232323233,0.0,0.0353982300884955,0.1238938053097345,0.0530973451327433,0.0,0.0,0.0,1
35129.0,"Overracting, help me calm down Some relaxtion techniques would be useful.",Anxiety,0.0545302013422818,0.0378787878787878,0.0,0.0,0.0,0.0,0.0159341347357876,0.0909090909090909,1.0,0.5740740740740741,0.3462962962962963,0.1818181818181818,0.0,0.0,0.0,0.0,0.0,0.0,1
35141.0,Eye floaters... Anyone else deal with these? Can this be a symptom of anxiety?,Anxiety,0.0587248322147651,0.0492424242424242,0.0,0.0,0.0,0.032258064516129,0.0121999212908303,0.3571428571428571,1.0,0.5,0.0,0.0,0.0,0.0714285714285714,0.0,0.0,0.0,0.0,1
35143.0,Bowel or colon cancer? I am scared to death I have bowel or colon cancer I am 23 with a form of lynch syndrome I've been constipated for 3 weeks sometimes it will come out as hard pellets and sometimes it will be completely mushy I have noticed little black specks in the stool as well no real bright red blood no abdominal pain unless I eat then i get a bloated feeling sometimes I have to strain everytime I poop whether its soft or hard poop and I'm scared to death I have a colonoscopy scheduled in a couple weeks even though the gi didnt think I needed it but they say that alot because of my age,Anxiety,0.49748322147651,0.4469696969696969,0.0,0.0,0.0,0.0,0.0101887862583049,0.226890756302521,0.6717524998826346,0.4393229166666667,0.4125,0.0,0.0756302521008403,0.0672268907563025,0.0126050420168067,0.0,0.0,0.0,1
35145.0,"Boyfriend got water up nose when kayaking in river. I’m worried about brain eating amoeba, of course. So this is what happened:
(It’s summer here at the moment, we’re from Aus)
BF was kayaking, came across a fast-flowing current and flipped his kayak. He was pulled quickly to the surface by his life jacket. 
Got some water up his nose. 
He told me about it. 
I’m silently panicking and dreaming out thinking that he’s going to die. 
Here is a bit more extra information about the situation:
- water was fast flowing
- water was unpleasantly cold
- we have looked at the water from said river under the microscope before for unrelated reasons and could barely find any bacteria let alone amoeba 
- he has had water go up his nose as a child in a still, warmer dam (so badly that it went all the way into his throat) and it didn’t affect him. 
And I know that it’s extremely rare for an infection to occur, but that’s not going to stop me from worrying for the next 15 days. 
I need help. What should I do?",Anxiety,0.8313758389261745,0.7121212121212122,0.0,0.0,0.0390243902439024,0.0,0.0109883102307344,0.2433862433862433,0.6954272708462653,0.4722222222222222,0.4888888888888889,0.0211640211640211,0.0846560846560846,0.0476190476190476,0.0476190476190476,0.0,0.0,0.0,1
35150.0,"Feeling of something stuck in throat Hi all. i’m very new to reddit and i’ve been having the worst day. I’ve been having BPD flair ups all day and around night time i was eating dinner, stir fry with vegetables (soft ones). i had a feeling that a soft veggie peel got stuck in my throat. no matter what i did it wouldn’t come out. 

Long story short (trigger warning for some..



i made myself throw up to get it out. I saw some come out but then my throat still felt like there was a lump in it. I called a nurse and she said as long as i am breathing and can swallow (which i always could) i’m fine but its just feeling like there something stuck and that i’ll choke in my and die. Anyone else had this feeling? could this be all in my head? I hate healthy anxiety. i’ve been having panic attacks all night. just feels like there’s a lump in my throat now.",Anxiety,0.709731543624161,0.6401515151515151,0.0,0.0,0.0390243902439024,0.0,0.0100875060768108,0.2,0.6492934604009202,0.4696969696969696,0.5290909090909091,0.0,0.0705882352941176,0.0588235294117647,0.0,0.0,0.0,0.0,1
35153.0,Muscle twitches Please help I’m going crazy. Ever since the beginning of December I’ve been having muscle spasms and they’ve gotten worse... I try to tell myself that it’s just anxiety but I’m really afraid that it’s not :( I only notice them when I’m at rest (sitting or laying down) and I don’t think I have muscle weakness ... just really tired and haven’t really been working out. But the muscle twitches ARE ALL OVER MY BODY literally in places I didn’t think I could have them... I’m just really scared it’s als. I have a lot going on so I haven’t gone to the doctor I’m going tomorrow though.. hopefully I will get some answers,Anxiety,0.5251677852348994,0.4393939393939394,0.0,0.0,0.0682926829268292,0.0967741935483871,0.011457818276,0.1452991452991453,0.6749271833070716,0.3608024691358025,0.6432098765432099,0.0,0.0854700854700854,0.094017094017094,0.0897435897435897,0.0,0.0,0.0,1
35155.0,"Excited to find this community, I have a phobia of having a heart attack and dying. I am a 31 year old woman, and I have a fear of dying from a heart attack/stroke. Every time I have a back pain, arm pain, jaw pain, nausea or uncomfortable chest feelings I get worried it’s signs of a heart attack. I’ve talked to my GP about and she just told me I’m too young to worry about that, my bloodwork came back normal in October 2018. I haven’t had any deaths in my immediate family who have heart attacks but one of my grandfathers had a stroke and an uncle had some heart issue when he ended up getting a pace maker. I’ve eaten horrible since I was a kid and am trying to change my habits now (cutting out red meat, working out) but I feel like what if I’m too late? I mean I was that kid whose parents got them McDonald’s all the time. I’m not overweight, but I am at the high end of my normal BMI for my height. I just wish I could take a straight forward test to tell me if my arteries are getting close to getting clogged. I smoke marijuana too, and yes there are some times where it makes me more paranoid so I’m going to try to switch to an herbal vape. It feels good just to get this all out.",Anxiety,0.9958053691275168,0.9090909090909092,0.0,0.0,0.0439024390243902,0.0,0.0098576294822994,0.2116182572614107,0.6203899024084935,0.4918382352941176,0.5222058823529412,0.0,0.0580912863070539,0.0663900414937759,0.0062240663900414,0.0,0.0,0.0,1
35158.0,Should I take Prozac? Constant anxiety always. Like feel like I’m dying on a daily. Just don’t know if taking anxiety meds is worth it! Any success stories?,Anxiety,0.1241610738255033,0.1022727272727272,0.0,0.0,0.0097560975609756,0.0,0.0120769382133018,0.1071428571428571,0.9265762170790104,0.584375,0.1083333333333333,0.0,0.0714285714285714,0.1071428571428571,0.0,0.0,0.0,0.0,1
35160.0,"I’m probably crazy I used to have horrible HA, and for whatever reason it stopped, I think I was so busy that I didn’t have time to think about it.

However I just went to get a routine std checkup and I kinda mentioned in passing that I’ve been itchy (everywhere not just crotch reason.) Keep in mind I’ve had dry skin my whole life and my parents said I used to always itch when I was a kid. So in passing the nurse decided to mention the potential for SCABIES, and like a switch my mind started racing. I knew very little about scabies and now I swear I have them. The areas of my body that tend to itch are my sides and crotch region, also my arms and shoulders. 

However through my frantic googling and recent discovery of this subreddit I now think it’s diabetes. I’m going to a derm on Tuesday to check for scabies even tho I now changed my mind on what it is.

Keep In mind I didn’t think anything of it until this nurse said something! (She didn’t even check me out either to see.)",Anxiety,0.8213087248322147,0.7272727272727273,0.0,0.0,0.0390243902439024,0.0,0.0103965942990907,0.2435233160621761,0.5632616435580514,0.3993489583333333,0.6375,0.0103626943005181,0.0569948186528497,0.0932642487046632,0.0077720207253886,0.0,0.0,0.0,1
35169.0,"Anxiety symptom ? Whenever I breathe in, I have this urge to cough.",Anxiety,0.049496644295302,0.0454545454545454,0.0,0.0,0.0,0.0,0.0107808857808857,0.1538461538461538,0.920928233777396,0.5,0.0,0.0,0.0,0.0769230769230769,0.0,0.0,0.0,0.0,1
35171.0,"Increasing exercise triggers HA? I’ve had anxiety for many years. I haven’t been on meds in a few years because I felt like I could manage it better. Up until now! 

Whenever I’m working out more regularly, my health anxiety flares up a thousand times. 

Please tell me I’m not alone! I thought exercise was supposed to help alleviate anxiety symptoms!",Anxiety,0.285234899328859,0.2272727272727273,0.0,0.0,0.0195121951219512,0.0,0.0124700808381881,0.1311475409836065,0.8483377598681198,0.6425000000000001,0.3353846153846154,0.0,0.0491803278688524,0.081967213114754,0.0,0.0,0.0,0.0,1
35172.0,"My leg gave out when I was a 1st grader. I'm not sure if I post in the right subreddit

&amp;#x200B;

I suddenly recall being paralyzed when I was a 1st grader.

Well, i remember that one morning I woke up, climbed down the bed, and flop, I was on the floor. I was thinking that ""well maybe i'm just sleepy"". And I couldn't stand up no matter how hard I tried. So I cried out really loud. I forget the detail but i was just a kid and not very heavy to begin with so my parents have to carry me to school. And yep I sat at my own seat all day and couldn't attend the school weekly meeting in the school yard. 
My parents had to make me take the blood test. I remember crying and trying to crawl out of the hospital desperately like some injured soldier. 
But no sequelae. It all ended after a week. I just wonder what the hell could happened to me that time.",Anxiety,0.7080536912751678,0.6477272727272727,0.0,0.0,0.0,0.0,0.0098460823883656,0.2325581395348837,0.6115369624529037,0.478270757020757,0.6539774114774113,0.0,0.0697674418604651,0.0755813953488372,0.0348837209302325,0.0,0.0,0.0,1
35173.0,"Will my GP take my symptoms less seriously if they find out about my health anxiety? I’ve been really nervous to tell my doctor how I’ve been feeling because I think they will forever write off my symptoms to just being anxiety, which would make my anxiety worse...",Anxiety,0.2156040268456376,0.178030303030303,0.0,0.0,0.0097560975609756,0.032258064516129,0.0118514692378328,0.0416666666666666,0.7644320297951583,0.4125,0.3833333333333333,0.0,0.0416666666666666,0.2291666666666666,0.0625,0.0,0.0,0.0,1
35174.0,"is anyone else chronically ill and has health anxiety? I have ehlers danlos syndrome, POTS and many other issues but also have health anxiety and sometimes the two get mixed up
Like I’m like is this this disorder or am I dying",Anxiety,0.1828859060402684,0.1553030303030303,0.0,0.0,0.0048780487804878,0.0,0.0113800341073068,0.2142857142857142,0.8042032455440277,0.484375,0.53125,0.0,0.0476190476190476,0.0714285714285714,0.0357142857142857,0.0,0.0,0.0,1
35175.0,Has anyone tried L Theanine? Just wondering if anyone here with health anxiety has tried L Theanine and if so did it seem to help at all? Looking to try and get off my anti depressants and try something more natural. If you have any other recommendations that’d be great too!,Anxiety,0.223993288590604,0.1893939393939394,0.0,0.0,0.0048780487804878,0.0,0.011404148436234,0.1764705882352941,0.7984445174717932,0.684375,0.50625,0.0,0.0980392156862745,0.0980392156862745,0.0,0.0,0.0,0.0,1
35176.0,Worried about my chest &amp; breathing Does anyone ever experience what feels like someone is pushing a clenched fist on the center of their chest? And when you breathe in it kinda wheezes? My doctor said it’s normal and it’s the vocal chords but idk that seems odd to me. I have such a pressure in my chest sometimes along with some dull or sharp pains. I try my hardest not to freak out when this happens but it’s so hard,Anxiety,0.3481543624161073,0.303030303030303,0.0,0.0,0.0146341463414634,0.0,0.0107939666020474,0.2222222222222222,0.8223325746603214,0.4410714285714285,0.4702380952380952,0.0,0.0493827160493827,0.0864197530864197,0.0,0.0,0.0,0.0,1
35177.0,"Throat ear stuff going on I’m having the worst day.. I’ve been having random symptoms that have triggered me in a huge way.

I had a bad bout of colds for almost two months and when I finally recovered I felt like I had a grain of rice in the back of my throat. Now I’m prone to tonsil stones and noticed a bit come out but the feeling was still there. It almost feels as though one is lodged deep and I can’t get to it or see it. Additionally I’ve had some dull ear pain off and on. I went to urgent care and the doctor got out a tiny bit of something in the back of my throat but it didn’t resolve it completely. She said my throat looked healthy but I still worry she missed something. Today I made the stupid mistake of checking my throat for the billionth time and noticed a white patch In the back of my throat and went down a google spiral. I feel so anxious it’s hard to function. I have a little baby and he deserves better than what I’m giving him right now. I feel like a failure and yet I can’t break out of this vicious cycle. Has anyone else experienced these symptoms? I did make an ent appt and I’m scared shitless.",Anxiety,0.9412751677852348,0.8522727272727273,0.0,0.0,0.048780487804878,0.0,0.0100014627367805,0.252212389380531,0.6133880456815147,0.4394303902116402,0.5388723544973545,0.0,0.0707964601769911,0.0530973451327433,0.0132743362831858,0.0,0.0,0.0,1
35180.0,"Posting to maybe calm my worries... So obviously I like most likely all of us here, suffer with abit of health anxiety. I'm just wondering if i'm being a hypochondriac when I think I'm dying because I have small bumps underneath my skin on my forearm that seem to run along my vein, are they normal? does everyone else have them? maybe you yourselves could check, and if you do, I guess I'm fine... or we're all doomed... (jk but seriously)",Anxiety,0.3624161073825503,0.303030303030303,0.0,0.0,0.0,0.0967741935483871,0.0115166819712274,0.1358024691358024,0.7969515138975102,0.5489583333333333,0.6208333333333333,0.0,0.0493827160493827,0.0864197530864197,0.037037037037037,0.0,0.0,0.0,1
35188.0,Trying to breathe I don’t know if anyone has seen my spazzy self posting about my anxious thoughts but I went to the lady doctor today to check out the itchiness. And she said everything looked normal. But why am I still worried. I need help.,Anxiety,0.1963087248322147,0.1704545454545454,0.0,0.0,0.0048780487804878,0.0,0.0109593963348904,0.1304347826086956,0.8212290502793296,0.475,0.825,0.0,0.108695652173913,0.1304347826086956,0.0,0.0,0.0,0.0,1
35189.0,"Anyone know much about alcohol? Ok so similar to a lot of people with anxiety I use alcohol at times to cope with anxiety. Bad I know, but medication didn't work for me. So I've been drinking a fair amount most nights but decided it's definitely time to cut down. 

I have been worried about cutting down in case of fatal withdrawal symptoms, however I haven't had a drink since Friday night and I think I feel fine? Is it possible that I could just have been enjoying alcohol rather than be addicted? I would still like to drink once a week if I could.",Anxiety,0.4555369127516778,0.393939393939394,0.0,0.0,0.0,0.0,0.0108717040535222,0.1904761904761904,0.7650438946528332,0.5287698412698413,0.5603174603174602,0.019047619047619,0.0476190476190476,0.0476190476190476,0.0142857142857142,0.0,0.0,0.0,1
35190.0,"Just feel so overwhelmed over ultrasound. Pleas talk to me. Long story short is that i went to the DRs to get routine bloodwork done after stressing for a month, i also had her check my thyroid and hormones because after having irregular periods and feeling anxious i figured that hormones had to be it. My blood work came back fine except my testosterone was high. I started having a work up done on my ovaries and kidneys to check for tumors. My friend is a nurse at the office i was at and had the ultrasound tech check my kidneys extra well even tho it wasn’t a dedicated test for them because she knew i was afraid of a adrenal tumor. The tech couldn’t find anything and said if there was something there she would of seen it...but that wasn’t good enough of a answer for me. 

I have to go back for a kidney bladder ultrasound and I’m spiraling out of control because i feel like THATS when they’re going to find something. I can’t take it. I feel like my life is unbelievably overwhelming now and I’m too scared to go back to have the ultrasound. Please...anybody. An ultrasound tech or nurse or anyone with a similar experience. Please help me. I don’t want to live like this.",Anxiety,0.9848993288590604,0.8333333333333334,0.0,0.0,0.0390243902439024,0.064516129032258,0.0112015880732458,0.2624434389140271,0.5720822063247302,0.5337676767676768,0.4493333333333333,0.0,0.0633484162895927,0.0497737556561085,0.006787330316742,0.0,0.0,0.0,1
35192.0,"Hearing loss At what point do I talk to my doctor about not being able to hear well. I've noticed more and more struggling to hear. Last time I asked she said I just had fluid in my ear and said it would be fine. It's been 6 months since then and I've switched doctors because of her being dismissive on other things. (Rolling eyes, laughing at me etc.) 
I had the flu between then and now. And after the flu it seems like it had gotten a lot worse. And being in public with hearing issues is making my anxiety skyrocket. 

What really scares me even more is my mom had a tumor removed from her ear area that was causing hearing loss. 

What do I do? Can anyone comfort me? Is this a reason to go to the walk in or do i need to make a regular appointment? 

I would of talked to the doctor the 8th but I've had such horrible times with doctors I ended up cancelling because I was having such bad anxiety attacks. (I ordered pizza instead to calm myself, it didn't help) 

I'm not on any anxiety medication. Or anything but birth control.",Anxiety,0.8557046979865772,0.7575757575757576,0.0,0.0,0.0,0.0,0.0103973931992927,0.2437810945273631,0.6215570193724117,0.520343137254902,0.4427601809954751,0.0,0.1094527363184079,0.044776119402985,0.0074626865671641,0.0,0.0,0.0,1
35193.0,"High blood pressure spike Does anyone else have high blood pressure? I can never tell if my high blood pressure causes my anxiety attacks or the other way around. I guess it’s not possible to know. 

I just ate fast food for the first time in a while, which seemingly cause my blood pressure to spike. My heart rate was up as if I was on a brisk walk for an hour, despite just sitting and doing deep breathing exercises. It was probably just all of the excess sodium but I just couldn’t calm myself back down for anything. 

I know that digestion in general will cause a higher heart rate but when my head starts to feel hot and tight like a balloon I just have a hard time shaking the idea that something bad is about to happen.

Doing fine now, just thought I’d share in case anyone has a similar thing. “This too shall pass”",Anxiety,0.6828859060402684,0.5946969696969697,0.0,0.0,0.024390243902439,0.0,0.0107054433866861,0.2151898734177215,0.6747047592108054,0.5196282372598162,0.5058563074352548,0.0126582278481012,0.0379746835443038,0.0632911392405063,0.0189873417721519,0.0,0.0,0.0,1
35195.0,"Daily headaches... Anyone else deal with these. Can't stand it, I feel like my fucking head it going to pop. A lot of pressure behind my left eye and top of head. Multiple tests and blood work and everything comes back normal...",Anxiety,0.1845637583892617,0.1553030303030303,0.0,0.0,0.0,0.064516129032258,0.0115440115440115,0.2142857142857142,0.902101622772014,0.478125,0.33125,0.0,0.0714285714285714,0.0952380952380952,0.0357142857142857,0.0,0.0,0.0,1
35197.0,"Mid back pain anxiety About 3 months ago I woke up with a slight pain half way up my back in my spine and just off to the right of my spine. Felt like low grade stabbing pain.
Of course I immediately thought of the c word. Since then I have noticed the pain move around and change slightly. Now it is like an ache in my thoracic spine. I also get painful tight neck pain. And I still have ongoing low back pain with sciatica since about 18 months.
My physiotherapist says he doesn't think it is anything serious and to just train harder in the gym.
I have basically resigned myself to the fact that I am dying.
But on good days I think it is a vicious circle of stress and anxiety manifestation in my back.
Anyone else get these symptoms?",Anxiety,0.6124161073825504,0.5416666666666666,0.0,0.0,0.0,0.0,0.0104405800428527,0.2361111111111111,0.6288019863438857,0.4326058201058201,0.3271164021164021,0.0138888888888888,0.0347222222222222,0.0763888888888889,0.0208333333333333,0.0,0.0,0.0,1
35199.0,"Weird vision Hey guys. I’ve had health anxiety for a while, but yesterday I’ve had a new experience which freaked me out. As I was getting ready for sleep, my vision suddenly changed. I was seeing colors and felt as though i opened my eyes underwater. There were areas in my vision that were blurry, and had lines on them. I tried to close my eyes but nothing changed. I fell asleep eventually and woke up an hour later with a headache. Went back to sleep and in the morning everything was fine. However, I’m on the edge because i’m scared it will happen again. Did it ever happen to you? Is it cause of concern? Thank you. I’m really freaked out right now",Anxiety,0.5436241610738255,0.4659090909090909,0.0,0.0,0.024390243902439,0.0,0.0110137296720874,0.2661290322580645,0.7015678500630744,0.541041366041366,0.41002886002886,0.0483870967741935,0.0806451612903225,0.0887096774193548,0.0362903225806451,0.0,0.0,0.0,1
35200.0,Afraid of Tetanus On my way to the bathroom I stepped on an earring standing straight up. It went about 2/3 of the way into my foot. Now i'm freaking out about tetanus. I'm nervous that I won't be able to get any sleep.,Anxiety,0.1770134228187919,0.1628787878787879,0.0,0.0,0.0,0.0,0.0099862258953168,0.2727272727272727,0.7897409852717114,0.5166666666666667,0.6416666666666667,0.0,0.0909090909090909,0.1136363636363636,0.0,0.0,0.0,0.0,1
35201.0,"can someone tell me its really difficult to get diabetes? Hey,

I have been very anxious about possibly having diabetes for a while now. I am a bit overweight and dont exercise often. My eyesight has been declining over the past years and my family has no history of diabetes. so there is nothing to be alarmed about. However i keep thinking i have it, every little sign makes me freak out. A few days ago I found some mold in my toilet and immediately assumed it was because of the glucose in my urine or something. 

Can someone please give me some positive assuration or facts about the odds of getting diabetes due to being overweight? I think if I get told that you dont just develop diabetes for no reason, my anxiety would decline a lot.",Anxiety,0.6149328859060402,0.5189393939393939,0.0,0.0,0.0,0.0,0.0112837864814149,0.1956521739130435,0.7169459962756052,0.4225799663299663,0.5300505050505051,0.0144927536231884,0.0579710144927536,0.0942028985507246,0.0434782608695652,0.0,0.0,0.0,1
35202.0,"Mucus in Stool and Anxiety Do you guys have white mucus in your stool? I'm very anxious and very often worry about my health. As the rest of you here, I ""survived"" numerous illnesses, diseases and I always worried about them without real reason. 
In the last 2+ years I have some white mucus with every stool. Sometimes barely noticeable, sometimes more. Of course I'm freaking out and think about IBD, cancer and the worst possible outcome. However I don't have any other symptoms. No abdominal pain, no blood. I even don't fit into IBS, those guys have much more troubles than me. If this is IBD or cancer I'm pretty sure I wouldn't feel well and would have more symptoms. I'm also one of those guys who afraid to be diagnosed thus I didn't visited a doctor yet. 
I had periods when I managed to convict myself that I'm fine and during that periods I have very small amounts of mucus. But a few days ago it become more noticeable, then I started to examine my poops and freaked out. Of course now I have more and more of it. 
I'm curious if this could be my anxiety only? Do you guys ever noticed mucus in your stool?",Anxiety,0.9295302013422818,0.787878787878788,0.0,0.0,0.0,0.0,0.0111725124230561,0.1818181818181818,0.6114511774611745,0.5450320512820512,0.5365598290598291,0.0,0.0430622009569378,0.0717703349282296,0.0071770334928229,0.0,0.0,0.0,1
35206.0,Worried about glaucoma I have been worried about this on and off for about 8 months now. I have always had bad vision and it keeps getting worse. I’ve had eye exams every year and nothing about glaucoma was ever mentioned except for once when I was maybe 14 and they said they wanted to keep an eye on it but by the next appointment my eye was normal. The vision I my right eye has been getting worse and has just recently turned a bit red. I am 19 years old and studying to be a nurse but I cannot do that if I’m blind. Any thoughts about this?,Anxiety,0.4505033557046979,0.4128787878787879,0.0,0.0,0.0097560975609756,0.0,0.0098610067618332,0.2363636363636363,0.6635855764347385,0.4267857142857143,0.4169047619047619,0.0545454545454545,0.0818181818181818,0.0727272727272727,0.0136363636363636,0.0,0.0,0.0,1
35208.0,"Insomnia driving me crazy I always had sleep issues but it has been getting worse since December. I was on trazodone 100mg for a year, all of the sudden it stopped working. Tried increasing my dose, didn't help. I was put on ambien, made me do weird stuff. Next, I tried Lunesta but it didn't work. Melatonin doesn't work, zzzquil/benadryl doesn't work. 

It takes me forever to fall asleep and I wake up 2 hours later, around the same time. Takes me a bit to fall back to sleep, just to wake up again. Last night I woke up around the same time but couldn't fall back to sleep. I'm worried something serious is causing my worsening insomnia, I read cancer causes insomnia and so can other diseases.

Now I'm scared I have some type of cancer or other serious disease. Makes me think this is why nothing seems to help me and why my trazodone stopped working. This is only going to make my insomnia worse..",Anxiety,0.7491610738255033,0.6287878787878788,0.0,0.0,0.0,0.0,0.0113677603470744,0.1916167664670658,0.63068276854113,0.417156862745098,0.4117647058823529,0.0,0.0838323353293413,0.0479041916167664,0.0089820359281437,0.0,0.0,0.0,1
35215.0,"I choked on a grape and now I'm worried that it got into my lungs, does this sound possible? As stupid as this sounds, my anxiety is telling me that since I was eating a grape and laughed and coughed a bit, I inhaled the juice and my lungs are going to react. Should I worry? 

The long version is: I laughed while eating a grape and it caused me to cough, it was more coughing than I'm used to and it burned a bit, so I was worried that I didn't cough it out well enough. I'm feeling a little tired now (6hrs later) and short of breath and my mucus is that sickly yellow. I felt immediate pain an hour after it happened but I don't feel it anymore, but most of these might be health anxiety. I haven't coughed since it happened, which should tell me that nothing is wrong but I'm worried nonetheless. I spend most of my time worrying about this sort of thing and I realise it's bordering impossible to have it happen but I can't stop worrying.",Anxiety,0.7835570469798657,0.6931818181818182,0.0,0.0,0.0,0.0,0.0104166666666666,0.2934782608695652,0.5810055865921787,0.5204656862745098,0.5058823529411766,0.0108695652173913,0.1304347826086956,0.0380434782608695,0.0081521739130434,0.0,0.0,0.0,1
35216.0,"Sternum Popping and Pain I'm a 31/M. For the past 2-3 weeks my sternum has been audibly popping. Like my wife heard it the other night when we were eating dinner. At first there was no discomfort, but over the past few days pressure builds in the center of my chest causing discomfort. Then my sternum pops and the pain goes away, only to return minutes later.

I went to the Dr yesterday and got an x-ray and and ECG which she said looked slightly abnormal compared to an ECG I had in 2014. She is sending me to a cardiologist. I don't know my x-ray results yet. My appointment with the cardiologist is Feb 25th. Seems so far away, and I keep thinking, what if I have a heart attack between now and then? I know it's not going to happen, but the fear keeps trying to creep in. The pain isn't terrible or dibilitating, but its enough to cause me anxiety. Im trying not to let it get the best of me but it's hard. Thanks for reading!",Anxiety,0.7743288590604027,0.6780303030303031,0.0,0.0,0.0,0.0,0.010598408325681,0.25,0.6687771570453135,0.4738888888888888,0.4077777777777777,0.0111111111111111,0.05,0.0722222222222222,0.025,0.0,0.0,0.0,1
35217.0,"Hypochondria getting pretty bad So lately I’ll be watching something and then feel like I don’t understand it fully, or I’ll read something and it just won’t make sense to me. Is this because I’ve become too aware and I’m thinking too much when reading or watching a video? Can this really all be in my head. I’ve always been convinced I have some neurological issue and now I’m starting to think someone poisoned me to dumb me down on purpose.",Anxiety,0.3657718120805369,0.303030303030303,0.0,0.0,0.0390243902439024,0.0,0.0116867326463286,0.2345679012345679,0.7842609835161045,0.4649691358024691,0.4228395061728395,0.0,0.1234567901234567,0.0617283950617283,0.037037037037037,0.0,0.0,0.0,1
35218.0,"Worried about rabies [wound](https://i.imgur.com/J2rVQrn.jpg)

https://i.imgur.com/J2rVQrn.jpg

41/F

5’9

192 lbs

Caucasian

Lower leg

There was a skinny feral cat in my yard this evening. I have not seen him before. It was clear he was neutered a while ago. I happened to have just bought canned cat food and was bringing it inside when I saw him licking/biting a paper plate I had left out earlier that day to feed another feral cat. I opened a can of cat food and dumped it out. The offending cat was ravenous and ate a whole can in less than one minute. I fed him another can and he scarfed about half of it. Then he was happy and let me pet him. Afterward, he started cleaning himself. I began walking through my yard and he started to follow me. Then out of no where, he scratched and bit my leg through my work pants. It wasn’t super hard but when I came inside, I see it slightly broke my skin. I washed it with soap and water but now I’m worried about rabies exposure. I’ve attached a picture of the scratch/bite. Any input would be greatly appreciated as I don’t know I’m being anxious over nothing or if there is a real health threat here.",Anxiety,0.9161073825503356,0.8030303030303031,0.4,0.0,0.0292682926829268,0.0,0.0105682303185504,0.2112676056338028,0.6380517743331497,0.530448717948718,0.407051282051282,0.0,0.107981220657277,0.0657276995305164,0.0140845070422535,0.0,0.0,0.0,1
35221.0,"Heart attack scare - here’s what it actually was... I have GAD and I’m especially plagued by health anxiety. 

2 weeks ago I was spinning out, chest pains, shortness of breath, pains in arms you get the gist. I’m sure you all understand the downward spiral of HA.

The weekend prior to that I went to an event and had purchased a new bra, turns out it was a wee bit ill fitting and I was uncomfortable in it but didn’t think much of it.

Turns out ill fitting bras can mimic heart attack pains and my shoulders and arms hurt because the straps were too tight. 

I felt like a moron. Anyway, an entire week of worrying crying you name it. My bra ended up being too tight. Wow.",Anxiety,0.5545302013422819,0.4886363636363636,0.0,0.0,0.0195121951219512,0.032258064516129,0.0105159991523627,0.2384615384615384,0.699527288354104,0.4729182582123759,0.6141095832272303,0.0,0.0692307692307692,0.0461538461538461,0.023076923076923,0.0,0.0,0.0,1
35223.0,"One time I thought I had lupus But instead I was diagnosed with tender breasts due to being a woman.

At the urgent clinic no less, accompanied by my aunt who drove me there, at late af o'clock.

At the time I had a sobbing meltdown in the parking lot. Not only did I still not know how I was dying, but I felt humiliated by having a sweet old nurse tell me, at 22 years old, that the achy lumps were tits not lymph nodes.

Now though, it's kind of hilarious. And laughing at the ridiculous shit my brain comes up with is so cathartic.",Anxiety,0.4395973154362416,0.3977272727272727,0.0,0.0,0.0,0.0,0.0100836841831696,0.2452830188679245,0.7575629809212607,0.5352272727272728,0.6174242424242424,0.0,0.0754716981132075,0.0566037735849056,0.0141509433962264,0.0,0.0,0.0,1
35225.0,"Scared I have lymphoma I have extreme anxiety and this has been almost crippling. 
I have 5 abnormal lymph nodes in my neck that are all over 1 cm in size. I’m getting a biopsy today for them and I’ve never been more scared in my life. 
I don’t have really any other symptoms other than it’s sore in the area, headaches, stuffy nose, and sometimes it’s harder to swallow since my neck is so sore. 
I’ve had the swollen lymph nodes for a month now with them gradually getting bigger. They can move around to the touch. 
I had blood work done 3 weeks ago and it came back normal. But I’m still afraid I have cancer. 
I don’t know how to stop assuming the worse. I can’t stop looking things up with the only results being lymphoma.",Anxiety,0.5998322147651006,0.5227272727272727,0.0,0.0,0.0439024390243902,0.0,0.0107046594129654,0.1942446043165467,0.6894015513845906,0.4739583333333333,0.5083333333333333,0.0,0.0503597122302158,0.0935251798561151,0.0323741007194244,0.0,0.0,0.0,1
35227.0,"Spine Anxiety Went in for a check up yesterday and a curvature in my spine was found, the doctor told me to get an X-Ray and I've been freaking out since and I can't sleep and skipped dinner because I'm too busy worrying and stressing. I think something might be seriously wrong and it's all downhill from here.",Anxiety,0.2541946308724832,0.2159090909090909,0.0,0.0,0.0,0.0,0.0112923909945853,0.293103448275862,0.8404931612406088,0.4,0.6,0.0,0.0689655172413793,0.1034482758620689,0.0258620689655172,0.0,0.0,0.0,1
35229.0,Whenever I’m stressed the area by my anus hurts I’m afraid to go to the doctor. It only happens when I’m super stressed.,Anxiety,0.0939597315436241,0.0833333333333333,0.0,0.0,0.0146341463414634,0.0,0.0108845370703078,0.2608695652173913,0.8212290502793296,0.4555555555555555,0.8555555555555555,0.0,0.0434782608695652,0.1304347826086956,0.0652173913043478,0.0,0.0,0.0,1
35230.0,"Upper Neck/ Spine Pain Anxiety So I've been diagnosed with GAD and I'm a senior in college so I've had unbelievably high stress and anxiety levels lately because of my impending graduation and uncertain future. Within the past few weeks I've developed this disturbing new symptom where whenever I start to feel anxious or stressed I get this weird pressure feeling in my neck, almost as if it is in my spine and someone is squeezing it. From there, my panic takes over and my heart begins to race, my stomach hurts and I feel nauseous, I get a tension headache, and I feel all wound up and ready to flee. My upper neck and shoulder muscles have been incredibly tight lately, so rationally I'm sure this spinal feeling is just a result of muscle tension and anxiety, as well as the crappy dorm mattress and my poor posture. However, I've convinced myself I have a brain tumor or am going to develop epilepsy or something. Dr. Google certainly didn't help because I Googled symptoms of a brain tumor and guess what, I have most of them! I just don't know what to do to calm myself down, I feel like I'm spiraling out of control.",Anxiety,0.9379194630872484,0.7765151515151515,0.0,0.0,0.0,0.0,0.0116076921019551,0.233009708737864,0.6257525627813636,0.480988627774342,0.4835460042602899,0.029126213592233,0.058252427184466,0.0922330097087378,0.0364077669902912,0.0,0.0,0.0,1
35232.0,"Bumps along my collarbone. Hello everyone! Recently I noticed that when I run my fingers along my collarbone it is slightly lumpy. Very small lumps, but they’re definitely there. Do you think I should be concerned or is this the case for other people?",Anxiety,0.2038590604026845,0.1628787878787879,0.0,0.0,0.0048780487804878,0.0,0.0124906085649887,0.2045454545454545,0.8598273235144743,0.4383333333333333,0.3623333333333333,0.0,0.0454545454545454,0.1590909090909091,0.1022727272727272,0.0,0.0,0.0,1
35234.0,"Racing heart rate after trip to ER for allergic reaction scare I went to the ER last night around 11pm for trouble breathing after eating something new. I do have food allergies but this item did not say it contained any of them. They treated me with an anti-nausea medicine, a bendryl and a steroid and sent me home. I ate some dinner and went to bed. I woke up about an hour ago to get ready to go somewhere and my heart was racing in the 140s, just from standing up. Sitting is 120s. I took some deep breaths and got it in the high 90s but if I stand up it shoots up again. It feels racing in my chest as well. Is this anxiety? Is this something from the steroids they gave me? I am freaking out right now. Should I go back to the ER?

Female/26
Taking: Zyrtec x2
Ocella
Metoprolol
Singular",Anxiety,0.6577181208053692,0.5871212121212122,0.0,0.0,0.0,0.0,0.01027318640955,0.2628205128205128,0.6837129351095831,0.5363798701298701,0.3371158008658008,0.0128205128205128,0.0769230769230769,0.0448717948717948,0.0,0.0,0.0,0.0,1
35243.0,Is it normal to have heart palpatations whe lying down? My heart is fine according to an ECG i had about 6 months ago but recently my heart has started palpatating when I lie down it's fine when I do anything else is this a normal thing to have with anxiety?,Anxiety,0.209731543624161,0.1893939393939394,0.0,0.0,0.0,0.0,0.010256306379301,0.2156862745098039,0.7379778727133312,0.5587301587301587,0.4468253968253968,0.0,0.1176470588235294,0.0980392156862745,0.0294117647058823,0.0,0.0,0.0,1
35244.0,"Found a new app that helps me I found a new app that is helping me keep track of my health fears and then go back later and see if they were real or imagined. I can see my track record of “predicting” so I can tell myself “this fear has been wrong the last 6 times so it’s probably wrong now.” I can also list evidence for or against my fear so I can see proof that my fear is probably unfounded. It’s called Worry Watch. I don’t have any part of making or selling the app, it’s just one that I have liked using. I hope it helps someone else.",Anxiety,0.447986577181208,0.4204545454545454,0.0,0.0,0.0390243902439024,0.0,0.0094635478158205,0.1875,0.6237031125299282,0.5040404040404041,0.4306397306397306,0.0,0.0446428571428571,0.0892857142857142,0.0267857142857142,0.0,0.0,0.0,1
35245.0,"I am going to share with you something that has always cheered me up and calmed me down whenever I get really anxious over my health So this sub only seems to really have posts from users describing their symptoms and trying to get diagnosed on Reddit, now if that helps you with your anxiety that's cool, however it can be counter intuitive as the whole googling and obsessing over symptoms is the actual problem we all came here to rid ourselves in the first place. So I honestly do believe we should move more away from ""I have x,y,z symptoms am I going to die?"" to ""How can I find peace of mind and stop googling"" 


One thing I do to get peace of mind is watch this episode of [Hey Arnold](https://www.wco.tv/hey-arnold-season-2-episode-5-monkey-business-2) which is my all time favourite show (it's only the first episode in the video provided called 'monkey business' btw), I won't ruin it for you all, but it's really funny and will hit home for all of us, it highlights how silly we can be sometimes when we think we have a really bad illness and start obsessing over symptoms. Hopefully it can help you all in your journey in controlling your hypochondria like it has done for me.",Anxiety,0.9404362416107382,0.8068181818181819,0.2,0.0,0.0,0.0,0.0109517005226435,0.2336448598130841,0.6205294209784368,0.5295138888888888,0.5779513888888889,0.0,0.0700934579439252,0.0841121495327102,0.0630841121495327,0.0,0.0,0.0,1
35248.0,"Been Feeling Feverish ++ Hello! For a while now, I've been feeling feverish, but whenever I go get my temperature checked, it always comes out as normal. Also, I've been having these cramps in my legs, arms and feet. They're not exactly in extreme pain, I guess, but I feel that there is something terribly wrong. Is there something wrong? Is it just my anxiety acting up again?

++ I'm also worried about having a brain tumor, but then again, the only proof I have is having some sort of brain fog + I've been stumbling with my words and have trouble retrieving them. It might be my anxiety... Can't stop thinking about this.",Anxiety,0.5176174496644296,0.428030303030303,0.0,0.0,0.0,0.032258064516129,0.0116777826107969,0.175438596491228,0.72047437028325,0.4326388888888889,0.6055555555555556,0.0,0.1052631578947368,0.0789473684210526,0.0394736842105263,0.0,0.0,0.0,1
35249.0,"Swollen lymph node in neck and groin for months Hello!

So I’ve always had lymph nodes that I can feel easily. The two underneath my jaw swelled up when I was about 12 and remain enlarged now I’m 21. About a year ago I had felt a squishy node in my neck (it’s smaller than a grape) and also one of the same size in my groin region. They are moveable. O do not recall any reasons for them swelling up.

I went to the DR in September who didn’t seem concerned about them, but told me to go back if they didn’t disappear in a few weeks. Of course they’re still here,and I chose not to go back to the DR as I had no other symptoms and thought the stress of having scans etc would do more harm than good.

I’ve felt absolutely fine since the , the nodes haven’t increased in size. But I read a story about how lymph nodes should always go down, and now I’m scared I have lymphoma.This is giving me massive anxiety and symptoms :( 

I plan to ask the Dr tomorrow, but I think I just want some reassurance until then as I’m driving myself crazy!",Anxiety,0.8598993288590604,0.7727272727272727,0.0,0.0,0.048780487804878,0.0,0.0101374050930591,0.2,0.6339555797792615,0.5091765873015873,0.4801587301587302,0.0,0.0439024390243902,0.048780487804878,0.0073170731707317,0.0,0.0,0.0,1
35250.0,"How to Live in the Moment and Stop Worrying by Changing Your Relationship With Anxiety Hi! 


I recently found a book which really helped me change my relationship with my worries, being a chronic worrier for as long as I can think. I summarized it in an article that I published on my blog today, hoping that others can find value from the experiences I made. 


You can find the article here: [https://consistentme.com/stop-worrying](https://consistentme.com/stop-worrying) 


I would be very happy to receive feedback as well, so that I can learn better how to share valuable information with others. 


Have a great Sunday! :)",Anxiety,0.4530201342281879,0.3825757575757575,0.2,0.0,0.0,0.0,0.0113028682547399,0.2745098039215686,0.7178223244605104,0.6428030303030303,0.6222222222222222,0.0392156862745098,0.0686274509803921,0.088235294117647,0.0294117647058823,0.0,0.0,0.0,1
35253.0,"Anyone ever have to wear a holter monitor? Thank god this thing isn't checking blood pressure or I would screwed... 

I've been having an increased awareness of my heart beat lately. Not necessarily palpitations, just like, I'm constantly aware of the blood closing through my body. Occasionally I feel a flutter in my throat. I asked my doctor about it and he asked if I wanted a 48-hour holter monitor just to be sure. Of course I said yes.

The nurse who put the monitor on me said a lot of very terrifying things about how rare it is for her to see a monitor come back with normal results. She was a real Debbie Downer and it did not help my anxiety about this whole thing. 

So I figured I would ask y'all - have you ever had a holter monitor that came back with good results?",Anxiety,0.6442953020134228,0.5568181818181819,0.0,0.0,0.0,0.032258064516129,0.0108471074380165,0.2364864864864864,0.6943983089234487,0.5541666666666667,0.5094907407407407,0.0,0.0675675675675675,0.081081081081081,0.0304054054054054,0.0,0.0,0.0,1
35254.0,"Rabies Anxiety I touched an umbrella that had bats roosting on it 5 weeks ago today. Was doing it to take pictures for proper ID, they were Evening Bats. The second I left the neighbors house I was in full on panic mode, still am, despite being reassured by a bat expert (DNR), a doctor, and the top two rabies scientists (Health Dept) in the state. It's a scary disease, can't wait until the 8 weeks are gone since that seems to be in the window of hen stuff can start. I will say, I hate that I see so many others worrying about this in here, yet, in a way, it comforts me to know I am not the only one.",Anxiety,0.5008389261744967,0.4583333333333333,0.0,0.0,0.0,0.0,0.0098733233979135,0.3114754098360656,0.7556552797875263,0.5027777777777778,0.5055555555555555,0.0,0.0573770491803278,0.0491803278688524,0.0122950819672131,0.0,0.0,0.0,1
35257.0,"Brain aneurisms Oh boy, a long time ago I saw a reddit comment on a totally unrelated sub and they explained how you can just have a brain aneurism at any time for not reason and die. I looked it up and apparently doctors don’t really know why they happen or how to stop them. I didn’t think much of it at the time but whenever I’m in a high stress situation, having an anxiety attack, or when I’m trying to fall asleep the thought comes into my head and it scares me so much. I feel like I’m trapped in my brain and it’s like a bomb can go off any second and I would just die. I read that eating red meat actually increases the chance of it happening (probably by a minuscule amount but anyways) so now I avoid red meat as much as possible. Big fucking yikes from me.",Anxiety,0.6375838926174496,0.5757575757575758,0.0,0.0,0.0292682926829268,0.0,0.0100762527233115,0.2483660130718954,0.6842297440391426,0.4986666666666666,0.3093333333333333,0.0130718954248366,0.0718954248366013,0.0915032679738562,0.0490196078431372,0.0,0.0,0.0,1
35258.0,"Ladies! Talk to me about your how your cycle affects your HA. I’m curious how many other women experience a spike in their anxiety around that time of the month. I’m a 39y/o mom of 5. I had a tubal about a year and a half ago. About a week before my period I get increasingly anxious, have regular panic attacks, and over analyze every bodily sensation. Most of it subsides within a few days of my period starting. I’m wondering if hormones being out of wack are causing anxiety.",Anxiety,0.3951342281879195,0.3371212121212121,0.0,0.0,0.0146341463414634,0.0,0.0111340679522497,0.2222222222222222,0.7601489757914339,0.5079166666666667,0.3918589743589744,0.0,0.0333333333333333,0.0888888888888888,0.0333333333333333,0.0,0.0,0.0,1
35259.0,"Intestinal worries Since the middle of January, I’ve been having the following symptoms:
Bloating, feeling of fullness and pain in rectum, lower back pain, thin stools (sometimes), white blobs of mucus with stool, feeling like I haven’t evacuated completely. I am making myself sick worrying about this, anyone have any input? I’m a 30, female, obese. I’ve always had health anxiety and I’ve googled the symptoms (I know, big mistake) and the fear of it being the C word is unbearable. I have a dr appt scheduled and had a CT scan last June which came back ok.",Anxiety,0.4630872483221476,0.3674242424242424,0.0,0.0,0.024390243902439,0.0,0.0124810254680384,0.2040816326530612,0.7902177630828868,0.4785714285714286,0.2533730158730159,0.0,0.1020408163265306,0.0306122448979591,0.0,0.0,0.0,0.0,1
35260.0,"Doctors appointment soon. Lots of anxiety I've had a crazy Year. Last year I got a tumor (benign) removed and ever since that whole situation my health anxiety has done the opposite of going away. I got stomach pains maybe one or two weeks before my surgery and it's around my lower abdomen. It got to the point where I went to the ER and they couldn't figure it out even after doing some urine exams. After a bit, it went away. Recently the pain has become chronic though for three weeks now and it feels like a stabbing pain in that area that'll come in waves and is paired with back pain. Cancer is the only thing on my mind especially now that I feel like I'm prone to tumors. I'm very scared. I feel like I'll die tomorrow and nobody would notice or care since they never ask if I'm doing okay even though I'm very obviously going through something and this includes the people closest to me. I can't think about anything else and I don't know what to do besides vent about it here.",Anxiety,0.8213087248322147,0.7083333333333334,0.0,0.0,0.0,0.0,0.0108654240665846,0.2287234042553191,0.6610008320456436,0.4875,0.4888888888888889,0.0212765957446808,0.0531914893617021,0.0957446808510638,0.0319148936170212,0.0,0.0,0.0,1
35264.0,"Freaking out itchy skin Hi,

So, last night, my skin all over just started to itch, along with my scalp. It just was driving me nuts. I finally managed to sleep though. 

Today, not much has changed. I'm still just itchy all over. I took a shower and used tea tree oil shampoo and conditioner as I saw lots of flakes in my hair. I have checked throughly for lice and had my family members check for me. They said it didn't look like lice at all. So,I assume it is dandruff. 

My scalp is now a bit better, but it's still itchy and my skin is too. I'll be okay for a few minutes tjen back to itching. Itss driving me crazy and now I of course googled. It said itching skin can be a sign of liver or kidney disease. I'm now in a full blown panic attack. I don't know what to do.",Anxiety,0.6401006711409396,0.5871212121212122,0.0,0.0,0.0,0.0,0.0098096348096348,0.2307692307692307,0.6837129351095831,0.525,0.424074074074074,0.0,0.0512820512820512,0.1025641025641025,0.0288461538461538,0.0,0.0,0.0,1
35265.0,Upper middle back pain... worried it's cancer I have had extreme health anxiety for years. I have this new back pain that seems muscular. I workout and lift and recently started running again. I also have a fused c1-C2. I recently slept on a mattress on the floor for several nights which I wonder if that caused it? I'm paranoid this new pain is cancer ....,Anxiety,0.2936241610738255,0.2462121212121212,0.0,0.0,0.0,0.064516129032258,0.0114992904249102,0.2121212121212121,0.7196546470289488,0.5073863636363636,0.2409090909090909,0.0,0.0757575757575757,0.0606060606060606,0.0454545454545454,0.0,0.0,0.0,1
35267.0,"stomach disease anxiety I had spicy chicken three days ago. The very next morning tummy ache started. Also had to go to bathroom for like three times. Took tablets from local pharmacy. I felt better by that evening.

 After two days of this happening, my stomach is stiff, feels like stuffed and looks bigger now. Like suddenly it got bigger like I have increased weight!

Should I see a doctor?

Please help! The anxiety of having some terrible disease is killing me.",Anxiety,0.3825503355704698,0.3068181818181818,0.0,0.0,0.0,0.0,0.0122959080830477,0.1951219512195122,0.7868919471317618,0.4269841269841269,0.4944444444444444,0.0,0.0609756097560975,0.1097560975609756,0.0182926829268292,0.0,0.0,0.0,1
35268.0,"Women of r/healthanxiety: hormonal birth control possibly causing pain in breast? Sorry if the flair is wrong. BUT okay so I’m (26F) on the pill and have been for nearly 4 years. I love it other than my anxiety has gotten worse since I’ve been on it, and a lot of what I have is health anxiety.

So I have 21 active pills and 7 placebos. I usually always take my off week as having a period of some sort makes me feel normal (yes I know it’s not a real period, or at least it shouldn’t be if I’m not ovulating). I decided to skip my off week between my last pack and current pack, and I’ve been having some serious pain in my right breast. It’s mostly only if I touch it, and it’s always in the same spot. This has been going on for almost a week. Could it be because I skipped my placebos, or could it be something worse? I’ve been trying to do my self breast exams as often as I can and I haven’t noticed anything abnormal until now, but I also know that hormones can cause lumps that move around during a woman’s cycle. Any advice would be greatly appreciated!",Anxiety,0.8842281879194631,0.7840909090909091,0.0,0.0,0.0536585365853658,0.0,0.0103670004238186,0.2259615384615384,0.6342930812204556,0.4700963718820862,0.5270975056689341,0.0,0.0528846153846153,0.1009615384615384,0.0432692307692307,0.0,0.0,0.0,1
35272.0,"Parenting with health anxiety. I don’t want my kids to be like me, I want them to live carefree and have fun. How the hell do I not freak out over every little cough, bump, or fall that happens with my kids? 

I constantly feel like I’m going to die or something bad will happen, but I don’t want to feel that way about my kids too. 😭 my son bumped his head today and I can’t stop obsessing over it even though he’s playing and acting completely normal.",Anxiety,0.3775167785234899,0.3333333333333333,0.0,0.1,0.0292682926829268,0.0,0.010527904169375,0.1797752808988764,0.7343544033645095,0.4784902597402597,0.4071428571428571,0.0,0.0786516853932584,0.1011235955056179,0.0337078651685393,0.0,0.0,0.0,1
35277.0,"Should I be worried about my swollen lymph node I’ve had a slightly swollen lymph node on the right side of my neck under my chin for a week. Doesn’t hurt and hasnt increased in size. I also don’t feel sick which is actually what worries me because I was looking up my symptoms (I know, bad idea) and all my symptoms pointed to lymphoma. I just got blood work done less than two weeks ago though for something else and everything looked normal. Should I go to a doctor anyway or does this just happen sometimes? I’ve been touching it a lot so I’m not sure if I’m irritating it",Anxiety,0.4765100671140939,0.4166666666666667,0.0,0.0,0.0292682926829268,0.0,0.0106687265778174,0.1981981981981982,0.777744224671599,0.4269047619047619,0.5231746031746032,0.0,0.081081081081081,0.072072072072072,0.027027027027027,0.0,0.0,0.0,1
35283.0,"Worried about colon cancer Around Christmas time I started having upper abdominal pain, it lasted a few weeks and eventually turned into loose stools every morning. The abdominal pain got better but the loose stools kept up until about the first week of February. I think it lasted about 5 weeks total. I haven’t had any since then except for one last Saturday morning, and a bit of constipation last week. This all started after a couple of really bad weeks of eating and sleeping. A lot of overtime work and I ate a lot of garbage food like pizza and chocolate. 

I now feel kinda gassy sometimes but I think the rest is closer to normal now.... Also.. about 4 weeks ago I went to the washroom and saw a couple of bright spots of red on the toilet paper that went away after a few wipes. I have gone to my family doctor and I did an ultrasound and all was fine. Despite that I’m convinced I might have colon cancer after reading online and despite my family history of colon issues my doctor doesn’t want to do a colonoscopy. 

I dunno what to do....",Anxiety,0.87248322147651,0.7424242424242424,0.0,0.0,0.0146341463414634,0.064516129032258,0.0111049349051194,0.2385786802030456,0.613872897938349,0.5227964743589744,0.3169871794871794,0.0101522842639593,0.0558375634517766,0.0812182741116751,0.0304568527918781,0.0,0.0,0.0,1
35284.0,Tetanus from a staple I stapled my finger last week with my stapler at my desk at my office. It bled a tad and I immediately went into freak out mode. I called my Dr who said to go get a tetanus shot since my last one was 2012. I went to a local urgent care and got the shot. I am so freaked out I have tetanus even though it had not been 10 years since my last shot and I went to get a booster. Health anxiety is the absolute worst.,Anxiety,0.3565436241610738,0.3484848484848485,0.0,0.0,0.0,0.0,0.0088383838383838,0.2258064516129032,0.6352495945215354,0.4333333333333333,0.35,0.0,0.043010752688172,0.1075268817204301,0.0161290322580645,0.0,0.0,0.0,1
35286.0,"Antibacterial tissues I got the flu so I’ve been using anti bacterial tissues. However, every time I use them it feels like I’m breathing in/tasting them? Is it bad to like swallow this stuff and is it possible to have a bad reaction from these tissues?? 

I ask because it’s almost 6 am and I can’t sleep cause my body is feeling super weird :/",Anxiety,0.2810402684563758,0.2424242424242424,0.0,0.0,0.0195121951219512,0.0,0.0109927950837041,0.2153846153846154,0.8260421143102707,0.3486111111111111,0.8333333333333334,0.0307692307692307,0.0615384615384615,0.0769230769230769,0.0,0.0,0.0,0.0,1
35288.0,"Mold was growing by my bed for months it seems I’m worried... Today I noticed a black blotch sticking from the side of my bed today, so I lifted my mattress and discovered black like mold and mildew. I’m super worried because that would mean I been exposed to it for awhile and I’m worried I may have any possible brain damage from it. I immediately destroyed it with bleach but I’m worried I have long term effects from exposure please help",Anxiety,0.3632550335570469,0.3068181818181818,0.0,0.0,0.0195121951219512,0.032258064516129,0.0113300409863602,0.2317073170731707,0.7116773402370895,0.4697916666666666,0.6034722222222222,0.0,0.1463414634146341,0.0975609756097561,0.0182926829268292,0.0,0.0,0.0,1
35290.0,"HA Hopelessness I have had health related anxiety issues for the past 5 months, and just when they seem to be getting better and I have a solid week, it all comes crashing down again.

At the beginning I was convinced that I was going to have a heart attack, then it was a pulmonary embolism, and now I think I have some kind of emphysema or lung cancer (I used to smoke and it haunts me). I can't make it stop, and it seems like once I handle one issue and a doctor clears me, my brain just latches onto another new thing and starts a new cycle of tracking symptoms, googling and doctors appointments. Like jesus fucking christ, enough already! It makes me feel so hopeless and sad, I don't want to go through this every day. It's like my own personal hell loop, because I feel like I can't trust my own brain to make rational decisions about anything. 

How do you all cope with the hopelessness and feeling of being trapped in your own head all the time? At this point the general anxiety about having HA is almost as bad as the HA itself.",Anxiety,0.8649328859060402,0.75,0.0,0.0,0.0,0.0,0.0107649127178592,0.2562814070351759,0.6539120181915162,0.5226992143658811,0.5619248035914702,0.0,0.0753768844221105,0.0552763819095477,0.0,0.0,0.0,0.0,1
35292.0,"Heart palpitations I’ve been pestering this sub with my worries about palpitations for the last two weeks because they haven’t stopped since. 
However, I’ve been taking magnesium pills and it seems they helped a bit. I still have them but a bit less frequently.
Have anyone experienced this? Is it related or it’s just coincidence? I’ve been pestering this sub with my worries about palpitations for the last two weeks because they haven’t stopped since. 
However, I’ve been taking magnesium pills and it seems they helped a bit. I still have them but a bit less frequently.
Have anyone experienced this? Is it related or it’s just coincidence?",Anxiety,0.5318791946308725,0.4053030303030303,0.0,0.0,0.0390243902439024,0.0,0.0132703295582083,0.2037037037037037,0.4289261328367473,0.5733333333333334,0.3466666666666666,0.0,0.1111111111111111,0.0555555555555555,0.0,0.0,0.0,0.0,1
35293.0,For real products that contain real health benefits. For real products that contain real health benefits. Try justpureorganic.com They have great prices and quality products. They do have CBD in all the products listed with CBD. They are also a small veteran owned company with low overhead and supply to a lot of veterans in the Phoenix metro area. Which is the reason for the low prices.,Anxiety,0.3196308724832215,0.25,0.0,0.0,0.0,0.0,0.0128130011101517,0.3134328358208955,0.6624697740348537,0.575,0.3277777777777777,0.0,0.0298507462686567,0.1641791044776119,0.0223880597014925,0.0,0.0,0.0,1
35302.0,"I’ve been managing my health anxiety pretty well! .....until today So, I’m on 150mg of Zoloft daily, along with Lamictal (not certain about the dosage). Today, I was taking my daily pills but I accidentally took an extra pill, which I guess would mean I took 250mg. My mom called the pharmacist who said I should be fine but to look out for fainting. Ironically, I felt lightheaded just seconds after realizing I’d taken more than the prescribed dose. So I’m guessing that was anxiety because no pill affects you that fast (as far as I’m aware).

But, technically, it still is an overdose, but a small one. Whenever I drink water, it feels weird on my throat and there’s a tickle in my throat (though that could be a mix of allergies and anxiety). And when I got up at first I felt dizzy.

I looked it up and it says that 200mg is usually the max dosage. I took 50mg more. I’m afraid to sleep or anything. This happened around 5 hours ago. If I’d overdosed on a fatal level, would I have exhibited severe and obvious symptoms by now? I’m just so paranoid now",Anxiety,0.8791946308724832,0.7424242424242424,0.0,0.0,0.0439024390243902,0.032258064516129,0.0112447735313448,0.2233502538071066,0.7130136403595837,0.5134085213032582,0.4838032581453634,0.0,0.0558375634517766,0.0761421319796954,0.0228426395939086,0.0,0.0,0.0,1
35303.0,"Night sweats for 2 years To keep it short, I have PTSD, agoraphobia, depression and anxiety (specially health anxiety). 

I started a new round of antidepressants 2 years and I got really bad night sweats. I figured it was because of of the meds but they didn’t work for me and I stopped about 6 months later but the night sweats NEVER went away... My partner complains that my body gets really hot at night and I wake up drenched in sweat a couple times a week. Someone said yesterday that might be a symptom of something really bad and Im freaking out, its driving me crazy.

Should I run to my doctor?",Anxiety,0.49748322147651,0.4242424242424242,0.0,0.0,0.0048780487804878,0.032258064516129,0.0111137521636314,0.2389380530973451,0.6907104365452118,0.4190836940836941,0.5343674843674844,0.0176991150442477,0.0619469026548672,0.0973451327433628,0.0530973451327433,0.0,0.0,0.0,1
35305.0,"Woke up with cold sweats Hi everyone, so last night I went out with friends to the bar and had half a drink because I had to be at work by 7:30 this morning. We didn't get home until 12:30 and so that made me anxious knowing I wouldn't get the best sleep. I woke up multiple times through out the night and just shaking and when I woke up for the day, I was drenched in a cold sweat. I've gone to bed anxious like this before but I've never woken up like this before. Is this normal?? I was a bit nauseous and dizzy as well.",Anxiety,0.4328859060402684,0.4053030303030303,0.0,0.0,0.0,0.0,0.0095079583715947,0.287037037037037,0.6573556797020483,0.4601851851851852,0.575925925925926,0.0,0.037037037037037,0.0185185185185185,0.0,0.0,0.0,0.0,1
35308.0,"Heart palpitations and pain in chest So, i have heart palpitations constantly, sharp pain in my chest, high heart rate, and A LOT of anxiety. I went to the doctor and did an ekg and checked out as healthy. I hate that i cant shake the feeling that something is seriously wrong with me. Ive had anxiety for about 7 years but havent had to battle with it this much since i was about 17. Anybody have any helpful types on relieving the anxiety? I meditate, take medicine, and sometimes CBD.",Anxiety,0.4018456375838926,0.3409090909090909,0.0,0.0,0.0,0.0,0.011234977144068,0.2857142857142857,0.7514887347289582,0.4529166666666667,0.6316666666666667,0.0,0.0439560439560439,0.0549450549450549,0.0164835164835164,0.0,0.0,0.0,1
35311.0,Sharp pain in head About 8 mins ago I was just sitting down eating and felt a sudden sharp pain in my head. Lasted only about three seconds but I got up and started walking around about to panic. Always afraid of aneurysms and strokes. Would this be a sign of one?,Anxiety,0.2147651006711409,0.1931818181818181,0.0,0.0,0.0,0.0,0.0103173341809705,0.25,0.8023205844434895,0.4162037037037037,0.6981481481481482,0.0,0.0961538461538461,0.0384615384615384,0.0288461538461538,0.0,0.0,0.0,1
35316.0,"I feel like I'm going to die I (26F) started a new birth control two days ago. It's a combination pill. I haven't been on birth control for about 6 years. I decided to try this because my doctor says that I have PMDD. It's day two and I seriously feel so manic and disassociated from myself.

I've had a constant headache. And feeling of nausea. Do I keep taking it or can I stop? Because I literally feel like hell right now. This is why I stopped taking birth control in the first place.",Anxiety,0.4026845637583892,0.3560606060606061,0.0,0.0,0.0,0.0,0.0104936929099608,0.2105263157894736,0.7186709791237872,0.5338744588744588,0.4647186147186147,0.0210526315789473,0.0842105263157894,0.0631578947368421,0.031578947368421,0.0,0.0,0.0,1
35318.0,"I thought I was crazy and alone I’ve suffered from hypercondria for years due to paranoia from almost dying when I was a baby and I thought I was completely crazy. Staying up to ungodly hours, worried about every little thing, thinking the world was foreshadowing my death, etc. 

I was (still kind of am) angry and annoyed at myself and forced myself to suffer in silence because I was being unreasonable. But. Like. There are other people like me. I’m not trapped in my own mind, or if I am, I’m not alone here. 

I’m literally crying with happiness I can’t explain it.",Anxiety,0.4689597315436241,0.3901515151515151,0.0,0.0,0.024390243902439,0.0,0.0115755456664547,0.2403846153846154,0.7331327889987108,0.4600961538461539,0.596153846153846,0.0,0.1057692307692307,0.0865384615384615,0.0432692307692307,0.0,0.0,0.0,1
35319.0,"Freaked out about possible asbestos exposure My husband and I spent the weekend removing all the old wallpaper in our house. It was quite the chore and took hours of tearing and scraping. Afterward, I’m sitting here and I look up old 70s wallpaper just for the heck of it and discover that asbestos wallpaper was a thing in the 70s. Most vinyl wallpaper contained asbestos. And now we are almost certainly going to die of mesothelioma.",Anxiety,0.3582214765100671,0.2878787878787879,0.0,0.0,0.0048780487804878,0.0,0.0122670029694823,0.3246753246753247,0.733004425741856,0.5678571428571428,0.4285714285714285,0.0,0.0909090909090909,0.0259740259740259,0.0194805194805194,0.0,0.0,0.0,1
35320.0,"Weird angioedema that the doctors can't diagnose Yeah, they say it could be because of colds. The thing is, it usually comes in the right side of my face, when I have had a cols. I have however all the time this weird ""feeling"" in my lip and eyelid. It's like small bugs or something running around. I am so afraid it is ALS or something. This is ruining my life.",Anxiety,0.2978187919463087,0.2651515151515151,0.0,0.0,0.0,0.0,0.010422729212742,0.2957746478873239,0.7683531355732158,0.3488095238095238,0.6809523809523809,0.0,0.056338028169014,0.0845070422535211,0.0211267605633802,0.0,0.0,0.0,1
35321.0,"First Anxiety/Panic attack Intense shaking. Didnt think i'd wake up. I had one last night after an intense game of overwatch, i was mowing people down as ashe and had some messed thoughts so my heart starting pounding very very fast like a heart attack and i instantly thought that. I got off to lay down it wouldnt stop, it kept going for a while and then it felt like my heart was drowning in its own blood and my chest was warm. I started shaking intensely. Family said everything was alright but all their comments flew over my head. I layed in bed and just eventually passed out. Scariest thing ive ever felt so far. I'm a healthy 21 year old.﻿",Anxiety,0.537751677852349,0.4583333333333333,0.0,0.0,0.0048780487804878,0.0,0.0111152508693492,0.180327868852459,0.7472295997801995,0.5732962962962963,0.6016296296296296,0.0,0.1065573770491803,0.0901639344262295,0.0368852459016393,0.0,0.0,0.0,1
35322.0,"Has anyone had similar lymph node experiences? Hi all, I’ve managed to completely convince myself I’ve got some sort of lymphoma. 

Basically about 3 months ago I noticed my right tonsil had swelled up and the lymph node connected to it under my ear had as well and is hard. 

I saw my GP and they weren’t too concerned and referred me to an ENT. My ENT appointment is in 2 weeks. 

I’ve got myself worried to death that I must have lymphoma. So I’m wondering if anyone else has had any similar experiences with swollen lymph nodes / tonsils, and what it turned out to be? 

Thanks all.",Anxiety,0.4781879194630872,0.4090909090909091,0.0,0.0,0.024390243902439,0.0,0.0110603533247403,0.1926605504587156,0.7265132489364974,0.5245039682539683,0.4128968253968254,0.018348623853211,0.0825688073394495,0.073394495412844,0.0275229357798165,0.0,0.0,0.0,1
35327.0,"Its funny how HA works Lately we've had a small problem with rats behind one of our walls at home. We through some poison into the hole in which they climb. No biggie.

So today my dog was being more friendly and excited than usual. My fiance and I spent some time playing with her since he was in such a good mood. She licked my face a ton while we were playing (the dog, not my fiance lol).

5 minutes after she calmed down, my fiance eventually said ""did she catch a rat or something?"". Instantly I realized that if she did, she might have been poisoned by the poisoned rat and her licking could have poisoned me. I was fine until I thought of that. Suddenly I got dizzy and nauseous. 

HA works like that. Unless we have the idea, we don't worry about our health. Our symptoms are caused from our overactive brains. But I'm sure you knew this already. Just thought I'd give more evidence of irrational behavior.",Anxiety,0.7575503355704698,0.6477272727272727,0.0,0.0,0.0,0.0,0.0110272919469536,0.1686046511627907,0.7191113420813303,0.582253086419753,0.5524691358024693,0.0,0.0697674418604651,0.0988372093023255,0.0436046511627907,0.0,0.0,0.0,1
35328.0,"Scared of bad diseases and death in the young ages Hello everyone
I'm a medical student (22 y/o) and it's about 2 year that I'm suffering from anxiety about my health. 

I think about my body and symptoms 
almost every hour of the day. I'm always scared about that i have a bad disease and will it kill me or something.

I usually experience physical symptoms and I can't really find out whether this symptoms are real or only because of my anxiety.
Over the past 2 years, I experienced lots of symptoms all over my body (now I'm experiencing stomach problems and sleep problems) visited lots of doctors and took lots of medicine. Now its for a few months that i started to feel depressed and lost my motivations. Don't now what to do at all.

I will be happy if you share some ideas. Tnx",Anxiety,0.6501677852348994,0.5530303030303031,0.0,0.0,0.0,0.0,0.0111340679522497,0.238095238095238,0.6643484209326188,0.4916666666666667,0.4646825396825396,0.0,0.0544217687074829,0.1088435374149659,0.0306122448979591,0.0,0.0,0.0,1
35330.0,"Health Anxiety Discord https://discord.gg/WSDyk3

This is set to expire in one day. If you’re looking for a link please feel free to PM me or reply here. I will gladly get you a fresh link to our discord. 

Sub mods: if you see this please shoot me a message. Two of the discord admins have reached out to you guys regarding the discord. Thank you!!",Anxiety,0.2692953020134228,0.2424242424242424,0.2,0.0,0.0048780487804878,0.0,0.0102511125238397,0.2461538461538461,0.7627847013321875,0.728125,0.7666666666666666,0.0,0.0461538461538461,0.0461538461538461,0.0461538461538461,0.0,0.0,0.0,1
35333.0,"Scared of Crohn's Disease I had a canker sore in my mouth two weeks ago, it has healed now but I just thought ""what if it comes back"". I have no idea if I have had this feeling for a long time but just now noticed it that I kinda feel like the roof of my mouth is burning and it stops when I don't pay attention to it. I have always had some problems with my stomach, they have gotten better in last two years (male, 19 y/o now). I have had a gastroscopy before but never gotten a colonoscopy because that makes me anxious. Gastroscopy showed that I have no reflux and everything looks good, biopsies from my duodenum came back normal, no coeliac disease or other diseases. I just can't stop worrying if I have an IBD and that is what is causing my mouth symptoms. Would Crohn's disease show on the biopsies taken from my duodenum? I just feel like it would be real unlikely because no-one in my family never have had an IBD and I don't smoke (Apparently smokers are twice as likely to develop Crohn's than non-smokers).",Anxiety,0.848993288590604,0.7310606060606061,0.0,0.0,0.0,0.0,0.010891482775269,0.211340206185567,0.5867073662385532,0.5086538461538461,0.4455128205128205,0.0103092783505154,0.0463917525773195,0.0876288659793814,0.0309278350515463,0.0,0.0,0.0,1
35335.0,"Scared, spotting My period is late, I masturbated doing clitoral stimulation only, I had blood after. I thought maybe it trigged my period. Today it stopped, no blood. It seemed like spotting instead of a period.. I also had spotting in the beginning of the month after clitorial masturbation. It has happened a few times after clitorial masturbation.

 I do have pcos but my periods are normally regular and spotting after masturbation is new. Is this a sign of a gynecological cancer? I'm freaking out and can't get in to see my gyno right away.",Anxiety,0.4505033557046979,0.3560606060606061,0.0,0.0,0.0,0.0,0.0125598086124401,0.2421052631578947,0.6970302852102322,0.4935064935064935,0.4611971361971361,0.0421052631578947,0.1157894736842105,0.1052631578947368,0.0157894736842105,0.0,0.0,0.0,1
35339.0,Rash on breast I woke up this morning to a rash on my right breast. Immediately went to urgent care and she told me to come back in three days if it doesn’t get better. I fell down the worm hole of WebMD and it’s telling me I have all sorts or cancers or HIV. I just got a general health panel done about two weeks ago and my blood looked fine. Would a general health panel be able to detect cancer or other underlying diseases?,Anxiety,0.3523489932885906,0.3219696969696969,0.0,0.0,0.0097560975609756,0.0,0.0099461848933307,0.2441860465116279,0.7728985318955438,0.5845458553791887,0.4249559082892415,0.0,0.0465116279069767,0.0581395348837209,0.0174418604651162,0.0,0.0,0.0,1
35343.0,"Thought it might be helpful - what symptoms has your HA given you? I have seen so many helpful posts about people saying theyve had xyz from anxiety that people are fearing something serious so thought it might be useful to share the symptoms we thought were SOMETHING but that turned out to be anxiety - sorry if one exists I couldn’t find one 

Mine are

Muscle twitches and hand tremors
Lightheaded ness
Dizzy
Feeling of feeling balance
Weird pressure in my ears
Insomnia
Or super deep sleep where I wake up feeling exhausted
Feeling “outside” myself
Feeling shaky and weak
Feeling sick
Feeling fatigued 

Apparently my slight blurry vision (most prevalent when reading text on the tv - it kind of ghosts a little) is down to anxiety too but that’s the one I’m obsessing about at the the moment and not quite convinced on! 

What symptoms have you had?",Anxiety,0.7046979865771812,0.5681818181818182,0.0,0.0,0.024390243902439,0.0,0.0121298779486618,0.2052980132450331,0.707277368752081,0.4567285247432306,0.548295985060691,0.0264900662251655,0.119205298013245,0.0728476821192053,0.009933774834437,0.0,0.0,0.0,1
35347.0,"Itchy Skin and Lymph Nodes. Google Results Are F***** Scaring Me. Hey Guys! I’m new to this SubReddit, but I found myself worrying about minor medical issues since I was a young teenager (I’m 24).
I have three small hard lymph nodes in the back of my neck and behind my ear. Since five days my skin is itchy without an apparent rash. 
I called my GP and went to the ER three days ago. Dr. just told me the lymph nodes are fine but didn’t address my itchiness, even though he asked where I feel it. When I googled my symptoms I started crying (lymphoma, blood cancer etc.). I’m married and have a son and also I’m a student and workout and live actually quiet healthy compared to most people I know. I have no other symptoms but I’m sure I have cancer. The lymph nodes came after I was sick about three weeks ago. 
Did anyone else have similar symptoms?
I have an appointment with my Dr. in 8 days but I’m just so ridden with anxiety..",Anxiety,0.7751677852348994,0.6742424242424243,0.0,0.0,0.0341463414634146,0.0,0.0107172537974975,0.1675977653631284,0.6324708966636498,0.5186485389610389,0.43752886002886,0.0111731843575419,0.0502793296089385,0.0726256983240223,0.0083798882681564,0.0,0.0,0.0,1
35349.0,"Scared to Death about my eyes I’ve been having eye floaters that I can’t seem to ignore, mostly when I go outside or look at a bright surface. I get super anxious about them, but really I only notice them if I start to look. 

I went to my optometrist last Friday and he said that everything looked normal in my eyes at the time. But when I get anxious about them a lot I feel like I notice little pin pricks of light in my vision and other symptoms, but no loss of peripheral vision. 

I had pink eye at the beginning of this year and I think that may have been the culprit of these floaters, cause they only really became visible after then, but I just need some reassurance that everything is fine and will be fine.",Anxiety,0.5922818791946308,0.5265151515151515,0.0,0.0,0.0097560975609756,0.0,0.0103551751279024,0.2142857142857142,0.6475658419792498,0.564828431372549,0.5769607843137254,0.0142857142857142,0.05,0.1,0.0535714285714285,0.0,0.0,0.0,1
35350.0,"Fit device (fitbit like) without heartbeat sensor? Hi everyone,
I've been kinda lazy these past few years and would like to start exercising again as i fell it would help me feel better.
However I'm very anxious about my heart, do you know of a fitbit lke device that can track steps/calories consumed etc. without measuring heart rate ? 
Thanks",Anxiety,0.2818791946308724,0.2234848484848485,0.0,0.0,0.0,0.0,0.0125688705234159,0.1166666666666666,0.9486033519553072,0.5053571428571428,0.4928571428571429,0.0,0.05,0.05,0.0,0.0,0.0,0.0,1
35351.0,"High Heart Rate I’ve struggled with GAD especially Healthy Anxiety since Middle School. For the last 3 days, my bpm is around 130 and it’s freaking me out. I went to the doctor today and got an EKG and thing checked out just a fast pulse. I just concerned over the extended time it’s above 100. Any advice or support wouldn help. Thanks",Anxiety,0.2751677852348993,0.2348484848484848,0.0,0.0,0.0146341463414634,0.0,0.011188727097818,0.2063492063492063,0.8857852265673494,0.6114285714285714,0.3580952380952381,0.0,0.0952380952380952,0.0952380952380952,0.0238095238095238,0.0,0.0,0.0,1
35353.0,"Weight loss Hello,

I'm new to this sub and hope this is the right place to post.. I have been worried about my health this last year ish and am worried about weight loss, i haven't lost much but i worry that it is a symptom of the c word..i know it's unlikely but i want to ask what Is the weight loss rate like in that situation...?does it come back any weight? I'm sorry if this is a bad post,I'm just worried,I'm trying to move on in life professionally and struggling with this on the side..any help would be great",Anxiety,0.4278523489932886,0.3787878787878788,0.0,0.0,0.0,0.032258064516129,0.0104635463546354,0.3267326732673267,0.6946733779523203,0.4911038961038961,0.4273593073593072,0.0,0.0396039603960396,0.0693069306930693,0.0297029702970297,0.0,0.0,0.0,1
35354.0,"How to stop nervous ticks/compulsions? So not totally related to health anxiety, but for me, these nervous ticks occur when I’m stressed about health, dying, etc. or just anxious in general. 

I have 2 “nervous ticks.” I just can’t stop myself from doing them. I wouldn’t worry about them so much but people point them out to me because 1 is pretty noticeable. And the other 1 is a bit self-destructive because I pick at my eyebrow....to the point where my hair falls out. I can’t stop though.",Anxiety,0.4052013422818792,0.3295454545454546,0.0,0.0,0.0292682926829268,0.032258064516129,0.0120210368144252,0.1590909090909091,0.75469781615033,0.5104166666666666,0.5791666666666667,0.0,0.034090909090909,0.0568181818181818,0.0170454545454545,0.0,0.0,0.0,1
35355.0,"I (F24) Haven't had a checkup in 12+ years; I have one today and I'm freaking out The title pretty much says it all.
I've never posted here, but I was hoping maybe for some tips on what I should expect and how I can make the appointment smoother for myself and the doctor.
Anything is appreciated",Anxiety,0.2416107382550335,0.2121212121212121,0.0,0.0,0.0,0.0,0.0107111787733797,0.2456140350877192,0.8376947956483387,0.6083333333333334,0.4333333333333333,0.0350877192982456,0.087719298245614,0.0350877192982456,0.0,0.0,0.0,0.0,1
35357.0,"Worried about colon cancer again. Ugh. Hi,

So I’ve been away for a while from this sub trying to sort myself out. I had a massive colon cancer scare end of 2017/ beginning of 2018 which subsided after numerous tests at doctors. However, I’ve recently started worrying again - I use the toilet about 3 times a day. Have urgency to go. Sometimes have flat stools - worried it’s colon cancer and I’ve had it for 18+ months :/",Anxiety,0.3473154362416107,0.2954545454545454,0.0,0.0,0.0195121951219512,0.0,0.0112067161837012,0.189873417721519,0.7787992362633477,0.4743055555555555,0.4791666666666667,0.0,0.0886075949367088,0.0379746835443038,0.0189873417721519,0.0,0.0,0.0,1
35358.0,"Intense body aches from aftermath of a common cold So basically 8 days ago, I caught the common cold and was hit with the usual 3 - sore throat, cough and runny nose. During the course of the sickness, I experienced sweating at night and joint pains. Fast forward to today, I no longer have the 3 symptoms, I might even add that I feel recovered! However, the oddity is that the body aches and joint pains still lingers as if I was sick and it has been affecting my sleep. If I were to describe the pain, it feels like it's my entire body with the most painful part being my rib/torso area. I was wondering if this is normal? Any thoughts? 


I might add that during the course of the sickness, I coughed really heavily and battled pretty bad yellow phlegm production (loads of it) so my uneducated ass might think that the pain stems from me ""overworking"" myself?",Anxiety,0.7156040268456376,0.6060606060606061,0.0,0.0,0.0,0.0,0.0112053624899474,0.2732919254658385,0.636073423782921,0.4348739495798319,0.6734593837535013,0.0124223602484472,0.062111801242236,0.093167701863354,0.0279503105590062,0.0,0.0,0.0,1
35359.0,"Protip: a terrible disease would most likely hurt a whole lot. Aches and twinges are fine. I know some of the diseases we're worrying about don't fall under this category, but most of them would. Your body would respond with the appropriate amount of pain for a serious affliction.",Anxiety,0.2290268456375839,0.1818181818181818,0.0,0.0,0.0,0.0,0.0125864395344914,0.2653061224489796,0.8531524341580207,0.5489583333333333,0.6333333333333334,0.0,0.0204081632653061,0.0408163265306122,0.0306122448979591,0.0,0.0,0.0,1
35361.0,"anxiety about having a personality disorder Recently I've become obsessed with the possibility of having borderline personality disorder. I have a decent amount of the associated symptoms, but I also have bipolar disorder which complicates things. I've been hospitalized for mania so I'm pretty confident that's not a misdiagnosis, my worry is I have BPD on top of it.

I now spend hours reading the criteria for BPD, taking BPD symptom tests over and over again, reading accounts of BPD on medical/mental health subreddits, to see if my experiences fit. It's even more hellish than health anxiety I've had about physical health problems because there is no definitive test, one professional could say I have it and the other could disagree for example, there is no objective qualification for whether I ""have"" it and I'm scared to even bring it up to a professional because I don't want to plant the seed in their mind and be treated worse because it's so highly stigmatized. It's gotten completely obsessive. I'm really unsure of what to do.",Anxiety,0.8674496644295302,0.6590909090909091,0.0,0.0,0.0,0.0,0.0132920110192837,0.2171428571428571,0.6416919393455707,0.5574019607843137,0.4534033613445378,0.0114285714285714,0.0685714285714285,0.1028571428571428,0.0342857142857142,0.0,0.0,0.0,1
35362.0,Everyone has cancer and it freaks me out. I’ve been having a lot of cancer surrounding my friends and family as time passes I become more and more afraid of when it is going to inevitably strike close to home. I am terrified of a possibility that someone I love or even myself can get hit by the big C. Does anyone else struggle with this?,Anxiety,0.2776845637583893,0.2462121212121212,0.0,0.0,0.0048780487804878,0.0,0.0105079722848317,0.2878787878787879,0.8286778398510243,0.575,0.6,0.0,0.0606060606060606,0.0757575757575757,0.0454545454545454,0.0,0.0,0.0,1
35367.0,"Dents at top of thighs. Panic attacks. I'm having a tough time with anxiety attacks. Feeling and seeing dents at the top of my thighs has really set me off. I googled it and the first thing that pops up is also and degenerative muscle diseases... They don't feel like fluid. Just like a chunk of my thigh is gone from underneath the skin.... 

Side note, I just found out I'm 5 weeks pregnant.",Anxiety,0.3213087248322148,0.2765151515151515,0.0,0.0,0.0,0.064516129032258,0.0110099769190678,0.2567567567567567,0.7638532387135739,0.5996031746031746,0.4238095238095239,0.0,0.0675675675675675,0.0675675675675675,0.0202702702702702,0.0,0.0,0.0,1
35369.0,"Oh boy a swollen lymph node. I spent five years absolutely convinced my ibs was a sign of some horrible bowel cancer. Kept putting off any screening (colonoscopy) for fear of the procedure and for fear I’d be right. Finally got it done and woo nothings wrong! Turns out my anxiety was actually 90% of the cause behind horrible intestinal upset for yeaaars. So that subsides (finally) and I can get back to normal. Til now. About a week ago I discovered a swollen (what I presume to be) a lymph node on my upper thigh/groin crease area. About the size of a grape, hard and moveable. Doesn’t hurt until I start messing with it. I’ve had a lymph node in my neck that swells up occasionally (happening since childhood apparently it’s normal) and it feels like that. So cool guess I’m going right back down into the anxiety that I’m gonna die. Doesn’t help my mother had lymphoma :/ (no blood relation)",Anxiety,0.7458053691275168,0.6136363636363636,0.0,0.0,0.0341463414634146,0.0,0.0117396778718585,0.2208588957055214,0.7225211639304931,0.442838246409675,0.5560468631897204,0.0,0.0429447852760736,0.0920245398773006,0.0460122699386503,0.0,0.0,0.0,1
35370.0,"Anxiety over tests Hi there, aside from therapy, wondering if any of you could share advice about how to get over anxiety when doing medical tests. 

I recently had an ultrasound and was in tears during it bc I had convinced myself that something scary would be found. It was to the point that the radiologist came to talk to me and gave me the results on the spot. I greatly appreciated this but I understand is not possible every time. 

I have a follow up MRI scheduled for next week (likely to confirm an incidentaloma) and I’m having a VERY hard time. I’ve rescheduled it twice and I dread the two days I will have to wait for the results. The anxiety is crippling. 

Thanks for reading and any advice you can give me.",Anxiety,0.5947986577181208,0.5075757575757576,0.0,0.0,0.0097560975609756,0.0,0.0110830527497194,0.2962962962962963,0.6954272708462653,0.4733796296296296,0.4726851851851852,0.0,0.074074074074074,0.0888888888888888,0.0333333333333333,0.0,0.0,0.0,1
35376.0,"[Help] Need help identifying sickness Symptoms are extreme sneeziness, weakness, dizziness, shivering extremely, constant need to eat. 
I’m a 14 yr old healthy male should I have anything to worry about?",Anxiety,0.162751677852349,0.1136363636363636,0.0,0.0,0.0048780487804878,0.0,0.015318137385586,0.1290322580645161,0.933681744458461,0.5475,0.4266666666666666,0.0,0.1612903225806451,0.064516129032258,0.0,0.0,0.0,0.0,1
35378.0,"After images in side view I know after images are normal. If you look at a screen, then look a way there’s an imprint. But I get it in the peripheral. If I look to the side of a tv, then at the tv itself, the imprint is to the side. It’s far more noticeable than the imprint after looking directly at the screen.",Anxiety,0.2550335570469799,0.2386363636363636,0.0,0.0,0.0097560975609756,0.0,0.0096095902203856,0.34375,0.6305865921787709,0.60625,0.6375,0.0,0.015625,0.03125,0.0234375,0.0,0.0,0.0,1
35384.0,@health_anxiety on Instagram She has helped me so much as well as the community &amp; polls !! Oh my gosh. I started purity CBD too &amp; it is saving me. I see a light at the end of this health anxiety,Anxiety,0.162751677852349,0.1515151515151515,0.0,0.0,0.0,0.0,0.0098182490089363,0.2682926829268293,0.8997138574737703,0.678125,0.4499999999999999,0.0,0.073170731707317,0.1219512195121951,0.0,0.0,0.0,0.0,1
35388.0,"Vaginal bleeding Ok, so I didn't have my period in 19 days and I usually get period 25-30 days after my last one. Now I started to bleed, very lightly, doesn't look like period. I don't sleep much (5 hours/night) for the last 14 days because I have so much energy (probably some hypomania) and stress, but I'm overall in a great mood so it could be hormonal imbalance. Now I'm scared that it's something serious. I know it could be ovulation (that got delayed) but I never had ovulation bleeding before. I'm sitting here crying because it's saturday and my gynecologist is there on monday. I'm supposed to write my thesis and now this health anxiety came up to my mind. Please someone calm me down that it happened to them and it was ok. I feel like I'm gonna jump out of my skin.",Anxiety,0.6476510067114094,0.5492424242424243,0.0,0.0,0.0,0.0,0.0111891014755273,0.184931506849315,0.6761307109512512,0.5743253968253968,0.4106349206349206,0.0273972602739726,0.0616438356164383,0.0958904109589041,0.0205479452054794,0.0,0.0,0.0,1
35390.0,"Help me through this. Brain eating amoeba fear! :( I wash my face almost everyday with cleanser to get my makeup off. And, sometimes a little of the tap water goes up my nose.

I am freaking out because I have swollen glands in my neck right now. And, now that I read the actual symptoms of BAE I feel like I am getting them. All of a sudden I got weak and dizzy while ago when standing up.

This is scaring me!!! So much. Help please. Can you even get it from tap water? Cold tap water?",Anxiety,0.4001677852348993,0.3674242424242424,0.0,0.0,0.0,0.032258064516129,0.0098456738067127,0.1632653061224489,0.7902177630828868,0.3897662450396825,0.5623015873015873,0.0,0.0510204081632653,0.0714285714285714,0.0,0.0,0.0,0.0,1
35395.0,"Colon Cancer symptoms for 1.5 months Hello guys, I hope I’m in the correct sub, please direct me if I’m not. I’m 22 and have no family history of colon cancer.

Around mid January, I started having extremely large amounts of diarrhea, probably like 4-5 times a day. Within 2 weeks, I was still having diarrhea but now blood started showing up, and now every time (apart from 1-2 here and there) I have blood in my stool. Within the last week, I’m still going 4-5 times a day, but half of those are usually to pass mucus and blood, nothing else. The rest of the time I still pass mucus and blood, but with normal stool. It might be stress related because college/work is pretty hectic, but I manage and I have no other stress symptoms.

I went to my doctor around 2 weeks ago and he said there was nothing he can do, so he scheduled a GI appointment which is finally coming this Tuesday. The problem is that I read cancer stories from people my age, and they all say they initially got passed off by several doctors because of their age group, and they don’t get the diagnosis until they finally get a colonoscopy, so I will make sure I get one.

What do you guys think?",Anxiety,0.971476510067114,0.8333333333333334,0.0,0.0,0.024390243902439,0.0,0.0109522830111065,0.1945701357466063,0.6418514118152633,0.5286706349206349,0.4417195767195768,0.0090497737556561,0.0542986425339366,0.0950226244343891,0.0475113122171945,0.0,0.0,0.0,1
35397.0,"Breast cancer anxiety As the title suggests, my HA specialty is breast cancer. I do not have a family history of it; I’m 33 and live a very active, healthy life. But I live in almost constant fear of finding a lump and being given a death sentence. Like they are ticking time bombs. I check myself daily during the bad HA cycles (usually tied to menstrual cycle) and in several extra dark times, have convinced myself my ribs, muscle tissue, etc. are lumps. Always to be reassured by my OB that they aren’t and that I’m low risk and completely healthy. It makes me crazy though. Sometimes I even feel breast pain, which I’m pretty sure is psychosomatic because when I’m busy/preoccupied I don’t feel the pain. But when I obsess, I feel it constantly and live in a loop of crazy anxiety. I’m driving my husband nuts and the worrying often robs me of other joys. But I don’t know how to overcome this. I guess I’m just wondering if anyone else has this particular worry and if they’ve had any success getting past it.",Anxiety,0.8447986577181208,0.7045454545454546,0.0,0.0,0.048780487804878,0.0,0.0114778067500478,0.2085561497326203,0.6811758730917455,0.49516139657444,0.4482850241545894,0.0,0.0641711229946524,0.1283422459893048,0.0401069518716577,0.0,0.0,0.0,1
35398.0,"Shaking HA label when you know something else is wrong Hi fellow HA friends! I’m new to this sub and Reddit in general. 33F history of HA and panic disorder, but it has been fairly well controlled for the last decade. 

Since last fall, I’ve had chest/ abdominal pain. Doctor thought it was GERD, but I haven’t responded to multiple PPI’s. I recently had a full cardiology workup and it was clear. Normally cardiology tests would really excite me, but this time I honestly didn’t think it was my heart.

The pain is worsening and I’m so discouraged. It’s a constant burning and I can’t find any relief with a bland diet or medicine. Endoscopy and abdominal ultrasound were normal. I’m beginning to think they’ll never find out what’s wrong. It’s almost to the point I want pain medicine, and that’s not me.

I do realize the impact anxiety can have, especially on the digestive system, but I’m in constant pain. It feels like there’s more to this. I’m fearful of tests continuing to come back normal, they’ll blame my anxiety and depression and I’ll continue to suffer. Thanks for listening.",Anxiety,0.9052013422818792,0.7196969696969697,0.0,0.0,0.0878048780487804,0.0,0.012384073961894,0.2408376963350785,0.682470970195092,0.5228061868686869,0.5092171717171717,0.0104712041884816,0.0418848167539267,0.0890052356020942,0.0471204188481675,0.0,0.0,0.0,1
35401.0,"Afraid of hospital infection Well, I do not want to rationalize my fear of hospital infection; however, if we look at the stats, hospital infection rates are significantly higher than before. I will have an arthroscopic knee debridement surgery, the procedure just needs two 4-8 mm incisions basically. Usually, patient would be discharged after a few hours of waking up or stay one night at hospital in some cases. I know in every surgery there is a chance of infection and I know that my surgery is one of the easiest surgeries available too. However, I am really afraid to get an hospital infection. I had 4 surgeries before, but the nearest one was 7 years ago when I was 17 years old. I am almost 5 inches taller(6""4') and 100 pounds heavier now(300lbs currently). I mean when we put all those things together, these make me anxious. To sum up:
I am really scared of hospital infection even though my surgery is pretty easy and incisions will be just 8 mm max.
I am slightly afraid of anesthesia since my body changed a lot in last 7 years.
What are your thoughts? 
Thank you guys!
Have a great sunday!",Anxiety,0.9211409395973156,0.7537878787878788,0.0,0.0,0.0,0.0,0.0118285123966942,0.195,0.6505027932960894,0.4940277777777778,0.5791666666666667,0.05,0.02,0.11,0.03,0.0,0.0,0.0,1
35403.0,weird aching pain in left side of chest i can't tell if it's breast pain or not but there's this weird achy feeling in the left side of my chest it's not that painful but it is really annoying it was happening last night and now it's happening again should i be worried?,Anxiety,0.2197986577181208,0.196969696969697,0.0,0.0,0.0,0.0,0.010376059046728,0.2641509433962264,0.7284705386318119,0.3214285714285714,0.5523809523809524,0.0,0.0943396226415094,0.0566037735849056,0.0283018867924528,0.0,0.0,0.0,1
35408.0,"Routine eye checkup for first pair of glasses revealed cotton wool spot Or at least, that's what the optometrist said it most likely was. I've been suffering from astigmatism and double vision since I briefly took accutane, and then a week before my followup appointment, my right eye developed a large curved floater in my peripheral vision. It flashes blue in response to bright lights, sometimes it even flashes when I'm laying in bed with my eyes closed. 

I mentioned it at my appointment, got my right eye dilated, and boom... white spot in my nerve layer. Didn't have it on my checkup 12 days prior. He said it was nothing to really worry about, but classified it as most likely being a cotton wool spot, which is usually found in people with hypertension and/or diabetes. Told me it'd most likely work itself out, but to come back in a month. If it's not better by then, off to my doctor for bloodwork. 

Great. I've hardly been able to sleep at all...have therapy today, forgot what time it's at, and I'm obsessing over my eye. I'm not even excited for the glasses anymore. Hopefully this is a freak occurrence and not diabetes or something worse.",Anxiety,0.959731543624161,0.7727272727272727,0.0,0.0,0.0,0.064516129032258,0.0121363300409863,0.2390243902439024,0.669055729663442,0.564625850340136,0.4494047619047618,0.0195121951219512,0.0634146341463414,0.1073170731707317,0.0585365853658536,0.0,0.0,0.0,1
35410.0,"32 female upper back pain and chest pressure Of course delete if this doesnt belong here. As title suggests I've been experiencing upper back pain (between the shoulder blades) and chest pressure with palpitations for about 8 days now. Some fatigue but no other symptoms. Went to ER on Friday, they did urine and blood samples and a chest xray. All clear. Sent me home with a prescription for Tecta and said it was acid reflux. It very well could be of course, but I've struggled with acid reflux a lot in the past and it doesn't feel like this and has never exhibited itself in the form of upper back pain. Taking pain meds doesn't really relieve the pain and it lasts all day and is worse near the evenings/night. I found taking a hot bath and a massage from my husband can relieve symptoms temporarily (20 mins tops) but it always creeps back. I'm 32 female, 5'1 102lbs, eat relatively well but get little exercise. I am also a long time smoker. Obviously that last point is the most concerning. My GP is generally very dismissive and I don't feel she's going to be much help. Any information at all would be extremely appreciated.",Anxiety,0.9446308724832214,0.7765151515151515,0.0,0.0,0.0,0.0,0.0117414212736366,0.2621359223300971,0.6856321527363454,0.5216346153846154,0.2407051282051281,0.0194174757281553,0.029126213592233,0.0631067961165048,0.0436893203883495,0.0,0.0,0.0,1
35411.0,"[Dark Joke Warning] How I beat my health anxiety with one simple trick. I developed depression, so not too afraid of dropping dead any moment",Anxiety,0.1115771812080536,0.0909090909090909,0.0,0.0,0.0,0.0,0.01232782369146,0.08,0.9588826815642456,0.415,0.4714285714285714,0.08,0.08,0.12,0.0,0.0,0.0,0.0,1
35413.0,"I tried this and it worked Now I don't think it would've worked right when the anxiety started today but by the end of the day I was so sick of the panic, nausea, warm rushes, and racing thoughts while trying to act normal in front of my kids. I just said screw it, I'm going to stop fighting it and reasoning with myself why I'm fine and shouldn't be anxious and let it wash over me. It actually worked! I'm so much calmer now I might actually sleep tonight which never happens on bad days. I hope this can help others. I found this article which explains better than me.

https://adaa.org/learn-from-us/from-the-experts/blog-posts/consumer/anxiety-wont-kill-you",Anxiety,0.4807046979865771,0.4204545454545454,0.2,0.0,0.0,0.0,0.0106626328217237,0.25,0.7246608140462889,0.5221861471861472,0.519047619047619,0.0,0.0803571428571428,0.0803571428571428,0.0267857142857142,0.0,0.0,0.0,1
35417.0,"Can we talk about poop for a second? 💩 Hey everyone,

The past year I have found that each time I go to the toilet, I pass half of my stools well formed and then there is a ""pocket"" of gas that happens and is hard to push out, followed by softer stools. Just wondering if anyone else experiences this type of thing regularly?",Anxiety,0.2709731543624161,0.2386363636363636,0.0,0.1,0.0048780487804878,0.0,0.0106318870523415,0.28125,0.8393854748603352,0.4381944444444444,0.172542735042735,0.0,0.0625,0.046875,0.0,0.0,0.0,0.0,1
35418.0,"Shaft Ring too tight...worried Used a rubber ring, the kind that just goes around the penis shaft that I purchased for erection quality (a problem also caused by anxiety) but it was way too tight and very painful so I took it off as quickly as possible. Could intense squeezing like this for a minute cause any permanent damage? I didn't have any noticeable bruising or pain after and the doctor didn't see anything wrong but I am still worried. Any thoughts would be appreciated",Anxiety,0.3951342281879195,0.3181818181818182,0.0,0.0,0.0,0.032258064516129,0.0122143898881866,0.2352941176470588,0.794413407821229,0.4579591836734694,0.7408163265306122,0.0235294117647058,0.1058823529411764,0.0941176470588235,0.0176470588235294,0.0,0.0,0.0,1
35419.0,"How many of you have been triggered by lymph nodes? So I have lived most of my life with anxiety, always taking new faces. On december my uncle died of ALS, and shit was rough, part because he was an amazing uncle and part because that illness is awful. Ever since then I have been suffering health anxiety and just now I am realizing that's what I am feeling. 




In this time I have been convinced that:



* I have ALS, because fuck yeah I do have all the symptoms. 



* I have a tumor on my head, my long time sinuses problems are caused by it, also as any other new gen kid my sight has develop some wear and my right eye has astigmatism and myopia, which is normal. 



* Last but not least, I have been touching my lymph nodes for fucking 2 months, and they ""don't go away"", which my ENT already said was a normal stuff for me. 




Just now I realized maybe lymph nodes are never that small that if you push hard on your skin they won't be felt, it's said a lymph node with a 1 cm diameter is normal. So I have been probably just pushing real hard on my neck that I always find them ""swollen"".",Anxiety,0.901006711409396,0.8143939393939394,0.0,0.0,0.0,0.0,0.010034052647689,0.1898148148148148,0.6145251396648045,0.495551702085793,0.563210842188115,0.0,0.0601851851851851,0.0925925925925925,0.0069444444444444,0.0,0.0,0.0,1
35421.0,"Read this if you’re under 35 and worried about pancreatic cancer. Figured this might be useful info with the news of Alex Trebek (78 years old).

Stats Canada: “From 2011 to 2013, new cases identified prior to the age of 35 were diagnosed at a rate of 0.2 per 100,000 persons.”

That’s a 0.0002% chance... considerably less than getting killed by lightning (0.0006%).

I actually managed to convince myself I had this condition, I spent too much time researching symptoms and not looking at the actual statistics. Figured this might help some.",Anxiety,0.4463087248322148,0.3446969696969697,0.0,0.0,0.0195121951219512,0.032258064516129,0.0130180261109114,0.25,0.8100558659217877,0.5134848484848484,0.1221212121212121,0.0,0.1195652173913043,0.0434782608695652,0.0326086956521739,0.0,0.0,0.0,1
35428.0,"Waiting for fine needle aspiration results I had a fine needle aspiration on a lymph node on my neck 2 weeks ago, I just got a letter through the post about a consultation in a month (so waiting 6 weeks in total for results).

I rang the hospital and gave my information and they asked the Ent secretary, who said they won't give me my results over the phone. I also have severe anxiety so waiting 6 weeks, well after 2 I'm already going kind of insane about it, I'd rather know if there is something wrong or not and be able to prepare myself instead of being in a state of limbo... 

Anyone else had to wait until their appointment to find out results? Were they good or bad? Just so I know if there is a chance I'll be fine. I guess this is also venting my frustration of waiting along with asking for advice...",Anxiety,0.6736577181208053,0.5909090909090909,0.0,0.0,0.0,0.064516129032258,0.0105784246635433,0.2484076433121019,0.6529907839020744,0.5425,0.6941666666666667,0.0764331210191082,0.0636942675159235,0.0700636942675159,0.0,0.0,0.0,0.0,1
35430.0,Terrified to go for an MRI For the past two months I’ve had a slight ringing in my ears. My doctor called for MRI which is this Saturday. I am so scared to go incase they find a tumour that is causing it. I’m going away in April for 2 weeks and am wondering if it’s a cop out if I wait until after my vacation to get the test done ? I’ve felt this way about many tests and they have always ended positively with a sense of relief but something about them looking at my brain is absolutely terrifying to me! Should I go or put it off?!,Anxiety,0.4412751677852349,0.4128787878787879,0.0,0.0,0.0195121951219512,0.0,0.0095166541447533,0.2727272727272727,0.7383443372270189,0.431060606060606,0.4924242424242424,0.0181818181818181,0.1,0.1,0.0272727272727272,0.0,0.0,0.0,1
35432.0,"Tips to *NOT* google symptoms? At this point it's become almost automatic. The second I feel something even a little bit off, my fingers go to the ""new tab"" button, and I start typing whatever I'm feeling in the search bar.


Does anybody have any tips or helpful advice for ways to avoid doing this?",Anxiety,0.2432885906040268,0.2045454545454545,0.0,0.0,0.0,0.0,0.0114888554971199,0.2363636363636363,0.8878618588115794,0.4914772727272727,0.3181818181818182,0.0,0.0727272727272727,0.0545454545454545,0.0,0.0,0.0,0.0,1
35437.0,"Your first panic attack... Think back to the time you experienced or started experiencing your first anxiety induced panic attack(s)-- the shock and debilitation from not knowing or understanding what is going on with you and the lack of control you feel over your own body in trying to identify it to make it better-- If you could go back in time to that first experience, and sit down beside that person, knowing what you know now about your relationship with anxiety, what would you say?",Anxiety,0.4043624161073825,0.3219696969696969,0.0,0.0,0.0,0.032258064516129,0.0124287270164648,0.2790697674418604,0.665324152267117,0.6385802469135803,0.4098765432098765,0.0232558139534883,0.1046511627906976,0.0348837209302325,0.0,0.0,0.0,0.0,1
35438.0,"Lower Back Pain then Left Hip Pain Hey guys, i have this lower back pain when i wake up in the morning yesterday. i just ignored it then today when i wake up, i got a hip pain. i am worried that it might be something. i recently had urethritis. im thinking that it might be from urethritis complications.",Anxiety,0.2483221476510067,0.2196969696969697,0.0,0.0,0.0,0.0,0.010569874398842,0.2033898305084746,0.6689707414070637,0.5,0.0625,0.0,0.0677966101694915,0.0508474576271186,0.0254237288135593,0.0,0.0,0.0,1
35445.0,"First post and I'm in a bad place. &amp;#x200B;

It feels like my esophagus has a lump inside of it. It feels like something is stuck and I am terrified. I have never posted here before and hate to add to the large number of posts here seeking reassurance but I'm really suffering. 


Esophagus cancer was mentioned on the news last week and it has been on my mind since. Some of the symptoms I have had for a while. 

&amp;#x200B;

regurgitating food , chest pains, difficulty swallowing and in the last week it now feels like food is stuck down there, a lump in my throat feeling as well as further down. 

&amp;#x200B;

I've also started to feel like vomiting when I eat which has never happened before due to anxiety. I have however been experiencing intense anxiety the last couple of weeks. 

&amp;#x200B;

Health anxiety is new for me and my question is this: 

&amp;#x200B;

Can anxiety create symptoms to match the illness you fear? I am convinced my time is up and find it so hard to deal with this right now.",Anxiety,0.834731543624161,0.696969696969697,0.0,0.0,0.0,0.0,0.0114567046385228,0.2648648648648649,0.5943832100256682,0.4705808080808081,0.4195797258297258,0.0108108108108108,0.0648648648648648,0.0594594594594594,0.0081081081081081,0.0,0.0,0.0,1
35446.0,"Fear of Neurological disease because I suck at balancing on one leg with my eyes closed. Ok so I was reading online about the Rombergs test, where you stand with your two feet together and fold your arms then close your eyes. You are supposed to be able to do this for at least 20 seconds. I can do this fine.

Then the Sharpened Rombergs test. 
Stand with your heel to the big toe of the opposite foot (heel to toe) put your hands on your hips and close your eyes. You are supposed to be able to do this for 21-31 seconds. Sometimes I can do like 1.5 minutes, other times I can only do like 15 seconds. 

Then the big one. Standing on one leg with your eyes closed for 15-30 seconds. Stand on your good foot, lift the other foot while bending it, has to be at least 6 inches off the ground. 

I CANT DO IT. I struggle to get to 10 seconds. Sometimes I get 30 but that’s after like 4 tries. 
My legs shake like crazy and I just fall to the side or else my knee gives way. 

This is scaring me as I’m only 22. :(",Anxiety,0.8338926174496645,0.7689393939393939,0.0,0.0,0.0097560975609756,0.0,0.0096992653810835,0.2450980392156862,0.556577938437945,0.5030701754385964,0.4789473684210526,0.0,0.0441176470588235,0.034313725490196,0.0147058823529411,0.0,0.0,0.0,1
35448.0,"My hypochondria has returned severely after a night of heavy drinking I basically remember having episodes of debilitating hypochondria since I was 16 all the way up to recently. Now I'm 23 and I have had a relatively health anxiety free year. Four nights ago I went out drinking with my friends and we all had a terrible experience, blacked out, awful hangovers with a whole lot of symptoms and it's brought back my hypochondria full force. 

Now I'm worrying about stupid things again like whether or not I inhaled too much of the spray cleaner I used because it'll give me lung cancer, or how I'm so anxious it'll give me heart problems, maybe a clot or a stroke, also is the food I eat tainted with some carcinogen, am I being poisoned by my environment, etc etc it's never ending. 

I am for the most part physically ok, some slight headache and nausea but so much better since that first day post drinking. Yet my mental state is now a mess. 

I don't know what I'm expecting of this, just needed to let it out. I don't want to go through this again. It's taken away so much from me already.",Anxiety,0.9085570469798656,0.7651515151515151,0.0,0.0,0.0,0.0,0.0112923909945853,0.1871921182266009,0.6860500316481823,0.4852083333333333,0.46375,0.0,0.0689655172413793,0.083743842364532,0.0295566502463054,0.0,0.0,0.0,1
35449.0,"I keep feeling my heartbeat either skip or flutter, and it chokes me everytime. I have had 2 ECG's so far and an echocardiogram about 3 weeks ago, and everything was normal. I'm just so confused and lost. I'm scared they missed something. 

Does anyone else experience this weird symptom? I don't know how to explain it. My heart just randomly skips a bit or flutters, and then it races afterwards. It chokes me when it happens.",Anxiety,0.3506711409395973,0.2878787878787879,0.0,0.0,0.0,0.0,0.0118645128975707,0.2077922077922078,0.7864035405934847,0.385,0.7699999999999999,0.0,0.0649350649350649,0.0519480519480519,0.0194805194805194,0.0,0.0,0.0,1
35451.0,"Dont know whats wrong with me I really can't believe all of this is just anxiety. I did get told I had pots at the hospital. I remember this first starting when I was pregnant and I had a fear of hiv/aids all of a sudden. I have had 4 or 5 std tests (one I did myself) and they are all clean. 

Then I felt some lymph nodes. I thought I had 

cancer

 anemia, 

h ploy. 

 candida

low vitamin d levels,

kept thinking I was having a heart attack 

&amp;#x200B;

vision problems

I did get dx with low blood pressure. 

I get constant headaches/ dizziness when I lay down and try to sleep. I have to elevate my feet. 

&amp;#x200B;

skin issues (seb derm, melasma, food allergies, depersonalization derealzation everything feels like a dream

mental health issues (racing thoughts in the morning)

&amp;#x200B;

&amp;#x200B;

I keep searching for THE ANSWER ^(tm) and it is just one rabbit hole after another.

yes I did go thought something traumatic and no I couldnt turn the fear off. 

&amp;#x200B;

&amp;#x200B;",Anxiety,0.8204697986577181,0.6704545454545455,0.0,0.0,0.0,0.0,0.0118627542018757,0.1797752808988764,0.6708304563429791,0.5164351851851852,0.3879629629629629,0.0337078651685393,0.0393258426966292,0.0337078651685393,0.0084269662921348,0.0,0.0,0.0,1
35453.0,I wish I could just be normal Like it'd be super cool if I could just experience a minor stomach flu without being consumed by fear that it's actually something much worse. Normal people don't go to the emergency room because they threw up twice and have a low grade fever. They put a trash can next to the bed and go to sleep.,Anxiety,0.2676174496644295,0.2386363636363636,0.0,0.0,0.0,0.0,0.0104166666666666,0.21875,0.7751396648044693,0.5296296296296297,0.424074074074074,0.0,0.0625,0.109375,0.0234375,0.0,0.0,0.0,1
35454.0,"Afraid of sleeping Kept waking up this morning with sleep paralysis and felt like I was dying. I’ve had a headache for 4 days and I’m convinced I’m going to have an aneurysm in my sleep because I feel like I’m passing out every time I go to close my eyes and sleep. And If i do fall asleep and wake up , I know I’ll have hallucinations becaue I’m so anxious. I keep telling myself it’s anxiety but I’m not believing it. Not sleeping is just making everything worse and I feel hopeless.",Anxiety,0.4001677852348993,0.3522727272727273,0.0,0.0,0.0390243902439024,0.0,0.0105723580094953,0.1808510638297872,0.7375490312611435,0.2916666666666666,0.8333333333333334,0.0,0.1170212765957446,0.0425531914893617,0.0,0.0,0.0,0.0,1
35459.0,"Stomach issues I currently have some stomach issues that's making my HA flare up.

&amp;#x200B;

It started 3 weeks ago when i felt nauseus after eating lunch, i then focused on this and started googling (bad idea) Then i started feeling bloated after eating and i was having early satiety, belching/burping and nausea. I had good and bad days but was mostly afraid of stomach cancer... however, after reading cancer statistics (only one person between 30 and 35 got stomach cancer last year here in Norway) I no longer have this concern. But the problems are still here. I went to the doctor on friday, he said it was reflux because of a weak muscle in my stomach and put me on Nexium 20mg for 4 weeks, so that my esophagus would heal.. I took this medication for two days and have stopped because of bad side effects (i got very bad nausea and diarrhea and stomach pain) 

&amp;#x200B;

I still have the following symptoms: Bloating and gas in stomach after eating, nausea and no appetite. I have lost some weight, but i have not eaten as much as i usually do. Is this Anxiety playing its tricks on me? Has anyone had similar experiences?",Anxiety,0.945469798657718,0.7727272727272727,0.0,0.0,0.0,0.032258064516129,0.0118507693341396,0.2048780487804878,0.62894127265295,0.3773214285714286,0.5363095238095238,0.0097560975609756,0.0829268292682926,0.048780487804878,0.0365853658536585,0.0,0.0,0.0,1
35461.0,"Random headaches in the same place every time I’m too scared to google my symptoms so I’m asking here. 

I keep getting headaches one on side of my head, sort of around my left temple. I get short bursts of pain a few times a day and it’s been going on for over a week now. I think I drink enough water but I’ve been getting up earlier lately so am probably getting less sleep than usual. 

Has anyone experienced this before? What did the cause turn out to be?",Anxiety,0.3766778523489933,0.3371212121212121,0.0,0.0,0.0195121951219512,0.0,0.0102923171104989,0.1777777777777777,0.794413407821229,0.471969696969697,0.3492424242424243,0.0,0.0777777777777777,0.0777777777777777,0.0333333333333333,0.0,0.0,0.0,1
35462.0,"Red bump on perinium between scrotum and anus. (NSFW) I've had this sole, red bump on my perineum (between anus and scrotum) for at least a year or two now. It is less than half a centimeter wide. It is elevated and has loose, red skin hanging off it that can be ""flapped"" around. It was always painless, and I thought it was a skin tag, but it has recently begun to hurt slightly. It has never changed size as far as I can tell. 

I am 30 years old and male.

I am not sexually active, and haven't had intercourse in 5 years.

Here are pictures (NSFW):

https://i.imgur.com/M8zXyc2.jpg

https://i.imgur.com/QpUIxqP.jpg",Anxiety,0.4689597315436241,0.4128787878787879,0.4,0.0,0.0,0.0,0.0105497119959929,0.3,0.7196546470289488,0.4763247863247863,0.257948717948718,0.0,0.0545454545454545,0.0272727272727272,0.0272727272727272,0.0,0.0,0.0,1
35463.0,"Pain in left side of chest/Top of rib cage Does anyone else get a pain in the area like just below where the boob is/would be. I have had like a nagging pain there that comes and goes randomly most of the week and don’t know why. Of course the first thought is heart related because, 20 year olds have so many heart attacks. The logical part of my brain tells me it’s indigestion or I’m just backed up or something. But the terrible part of the brain says a heart attack is imminent. Just wondering if anyone has had similar experience and or have any tricks to prove to themselves that whatever it is your feeling is not a heart attack but more likely nothing serious at all.",Anxiety,0.5604026845637584,0.4848484848484848,0.0,0.0,0.0146341463414634,0.0,0.0108404339376855,0.2713178294573643,0.6812610973972544,0.5303030303030303,0.5045454545454545,0.0155038759689922,0.0465116279069767,0.0465116279069767,0.0232558139534883,0.0,0.0,0.0,1
35464.0,I need help :( vertigo I don’t know what to do. Ever since the end of January this year I have been feeling totally off balance and at times dizzy like I’m going to throw up. It feels as though I’m on a boat that’s rocking and that the floor is uneven. It’s especially worse when I sit down or am lying down as it feels like someone is rocking me back and forth. I’ve been to the hospital where they said I had vertigo but gave me medication that didn’t help. I’ve been to the doctor who looked at me eyes and everything and said it was vertigo. I went to a naturopath who said he wasn’t sure what it was but it could be an effect of the 20 mg of cirpalex that I’m taking. I’m seeing a physical therapist who doesn’t think the vertigo is coming from my ear canal but rather stress and neck tension. The rocking has been so bad recently and it hasn’t stopped at all. I want to get an MRI and I genuinely believe I have a brain tumor. Please help I’m terrified and don’t know what to do,Anxiety,0.8187919463087249,0.7424242424242424,0.0,0.0,0.073170731707317,0.0,0.0099862258953168,0.2842639593908629,0.603437030315061,0.4224537037037037,0.498015873015873,0.0101522842639593,0.065989847715736,0.0558375634517766,0.0304568527918781,0.0,0.0,0.0,1
35469.0,I can see and feel my (groin) inguinal lymph nodes i went to the doctors yesterday for it (nurse practitioner) and she felt them and said they were not swollen or tender and felt 100% normal she said i can see them because i really skinny which is true ( 5'7 100 pounds 20 male) but i freaking out thinking i have lymphoma should i trust her,Anxiety,0.2793624161073825,0.25,0.0,0.0,0.0,0.0,0.0103459972862957,0.1641791044776119,0.7698657550237639,0.5875,0.4,0.0,0.0298507462686567,0.1044776119402985,0.0223880597014925,0.0,0.0,0.0,1
35471.0,"Feta cheese with bonus mould Ok so My mom gave me an entire brined brick of feta cheese because no one else in the family likes feta i guess. I've had it about two weeks now? Anyways I opened it tonight and there was some small amount of mould on the rim, and also a little tiny bit on an exposed bit I avoided. I just took some from what was still in the brine. So I nibbled on some with some crackers, but now I'm kinda worried? I googled it but nothing actually specified my specific case. The closest case I could find had a lot more mould involved. Is this okay to eat? If not, are the crackers leaning against it ok? I paid 2.47 for these crackers and I have like a third of the box on this plate. I kinda need to know now because currently my plate is just sitting here in the open and I can't have that going on for too long. Also is the little bit I ate ok? I'm going out for breakfast tomorrow and I don't want to be sick. 

If crackers are still ok, what goes well with breton vegetable crackers?",Anxiety,0.8364093959731543,0.7613636363636364,0.0,0.0,0.0,0.0,0.0099180372582712,0.2673267326732673,0.6030753913380165,0.5447420634920634,0.4392857142857143,0.0,0.0594059405940594,0.0396039603960396,0.0222772277227722,0.0,0.0,0.0,1
35473.0,"Lung cancer worries I’m 23 female and so worried I have lung cancer. Suddenly had a chesty dough since last week and also got back pain. I’ve been getting breathless for the last couple of months. 
I’ve been feeling rubbish for a few months, had sinus issues, post nasal drip, headaches, and I feel like I constantly have depersonalisation/derealisation. I just can’t seem to shake my worries, I’ve been to the doctors loads and had blood tests which were all normal and they just say it’s anxiety. I just feel like rubbish every single day.",Anxiety,0.4463087248322148,0.3560606060606061,0.0,0.0,0.0292682926829268,0.0,0.0123785703929244,0.1578947368421052,0.7186709791237872,0.4932539682539683,0.233068783068783,0.0,0.031578947368421,0.0947368421052631,0.031578947368421,0.0,0.0,0.0,1
35476.0,"Shortness of breath? Currently feeling like I can't take in air, I mean it's cold air and it feels cold and I am breathing but it feels like I'm not and it is freaking me out. Trying to do some.breqthing exercises to ground me but it's a hard struggle to focus sometimes.",Anxiety,0.2206375838926174,0.1931818181818181,0.0,0.0,0.0,0.0,0.0107808857808857,0.25,0.7232488182208852,0.3195833333333333,0.7258333333333333,0.0,0.0961538461538461,0.0192307692307692,0.0288461538461538,0.0,0.0,0.0,1
35477.0,"is it at all possible I'm gonna get rabies? It's been almost two days since this happened so if I did contract rabies it's probably too late. I was driving home and saw a cat lying in the street so I got out of the car to check if it was alive. there was blood coming out of its mouth so I'm assuming it had internal injuries from getting hit by the car. I touched its back/shoulder area to see if it was alive, but it was cold to the touch. anyway, I put hand sanitizer on when I got back to my car, but I know hand sanitizer can't really kill viruses, and after I put the sanitizer on, I noticed I had a papercut on my finger that I didn't see before. on the hand I touched the dead cat with! is it possible there was rabies virus on the cat's fur, like maybe invisible blood that I couldn't see??",Anxiety,0.6635906040268457,0.6098484848484849,0.0,0.0,0.0,0.0,0.0097736625514403,0.2654320987654321,0.5939030277950204,0.4625,0.5,0.0,0.0555555555555555,0.037037037037037,0.0185185185185185,0.0,0.0,0.0,1
35478.0,So I probably have Rabies... I've had health anxiety for years. I was bitten by a stray cat in October. I never went to the doctor to get a rabies shot. I don't know why I didn't. I guess I thought they'd laugh at me. So now I can't shake the feeling that I have rabies and now I'm gonna die.,Anxiety,0.238255033557047,0.2272727272727273,0.0,0.0,0.0,0.032258064516129,0.0093088109108973,0.2131147540983606,0.7472295997801995,0.65,0.1,0.0,0.0163934426229508,0.081967213114754,0.0245901639344262,0.0,0.0,0.0,1
35480.0,"I’m officially not dying or have any major diseases, it’s time to begin my HA recovery! Yesterday I went to the doctor for my yearly physical and had him look at a cyst that’s been there for years and was the main cause of my anxiety. He confirmed that it is indeed a cyst and I don’t have anything like cancer. 

I wouldn’t saved myself a ton of anxiety if I would’ve simply gone into the doctor and had it looked at when I first noticed it.",Anxiety,0.3624161073825503,0.3257575757575757,0.0,0.0,0.0292682926829268,0.0,0.0102237104588201,0.2758620689655172,0.7400629294291401,0.5745659722222223,0.4444444444444444,0.0,0.0804597701149425,0.1149425287356321,0.0517241379310344,0.0,0.0,0.0,1
35481.0,"Eye test I’ve had like this full constant headache for the past 2 weeks and is driving me mad, I also felt so lethargic too So I’ve convinced myself I have a brain tumour/cancer and now I’m an anxious wreck. I’ve suffered with health anxiety for ages and it seems to come and go but when I fixate in something it doesn’t go away! I’ve got to the point where I’ve booked myself in for an eye test tomorrow as they can spot abnormalities and I’m genuinely sat here with sweaty palms and a lump in my throat thinking about it 😩",Anxiety,0.438758389261745,0.3825757575757575,0.0,0.1,0.0439024390243902,0.0,0.0107289472262734,0.2745098039215686,0.7178223244605104,0.4635416666666667,0.6055555555555555,0.0,0.0588235294117647,0.0490196078431372,0.0147058823529411,0.0,0.0,0.0,1
35489.0,Lyssavirus (australian rabies) do i have it ? Im in new south wales australia. I slept in a car about 2 months ago and now im shaking and feeling sick and i m very very scared. I need help what can i do? Please,Anxiety,0.1694630872483221,0.1628787878787879,0.0,0.0,0.0,0.0,0.0092818682694715,0.1590909090909091,0.7897409852717114,0.4602597402597402,0.4254220779220778,0.0,0.0681818181818181,0.0454545454545454,0.0,0.0,0.0,0.0,1
35490.0,Feeling off Does anyone else just wake up feeling off and when the say goes on it doesn't get better and then you start thinking that something is going to happen???? Bc that's me right now.,Anxiety,0.1526845637583892,0.1325757575757575,0.0,0.0,0.0,0.032258064516129,0.0110384144475053,0.2222222222222222,0.914338919925512,0.6964285714285714,0.5178571428571428,0.0,0.1388888888888889,0.0277777777777777,0.0,0.0,0.0,0.0,1
35491.0,"Share your anxiety symptoms All of us sufferers have surely gone through some physical symptoms of anxiety before, I surely have, Ive dealt with the twitching the trouble swallowing the anxiety headaches and all kinds of other stuff but I’m a perfectly physically healthy person as reassured by multiple tests and doctors, just a major hypochondriac. what are some of the symptoms you have dealt with throughout the years and what are the ones you hate the most?",Anxiety,0.3808724832214765,0.2916666666666667,0.0,0.0,0.0048780487804878,0.0,0.0132090132090132,0.282051282051282,0.6705343074058158,0.546875,0.489563492063492,0.0,0.0384615384615384,0.1282051282051282,0.0769230769230769,0.0,0.0,0.0,1
35494.0,Worried I have ovarian cancer. The more I'm on social media the more I hear about 'silent killer' cancers. I read that a common symptom of ovarian cancer is being bloated and feeling full quickly. I feel full a lot and never really finish my plate and I often have a bloated stomach. I pee pretty frequently too. I just feel so stupid going to a doctor with these sort of symptoms. I also have a fear that a doctor will wrongly say that I'm fine and then I'll be all relax while the cancer spreads inside me. There's so many different types of illnesses to consider and be at risk of. It drives me insane.,Anxiety,0.5008389261744967,0.4356060606060606,0.0,0.0,0.0,0.0,0.0107580507267027,0.25,0.6898478135234059,0.5186274509803922,0.5450980392156863,0.0,0.0517241379310344,0.0689655172413793,0.0387931034482758,0.0,0.0,0.0,1
35498.0,"Substitute for food when there is no appetite? I was diagnosed with a kidney infection on Tuesday (3 days ago) after having a UTI from the following Monday to Friday. 

Saturday was when it started getting uncomfortable. I took my mum to eat at a lovely Indian restaurant to which we ordered to our hearts content then I only took a few bites and was full! 

We then proceeded to go and see a show at the theatre, and to be completely honest I couldn’t wait for it to end, I was fidgety all the way through! 

Monday was chills and fevers and an ice pick head ache just about a mm above my right ear (which I still have) 

Tuesday I got a drs appt, to which I got told off for not eating as I had a dangerous amount of ketones in my urine. She also told me to eat...but never specified what when I told her that I physically couldn’t hold down food. 

Now this is day 7 and I’m prepared to drink full fat milk for my antibiotics, there is no soup in the house, I’ve lived off of cranberry juice for the last 5 days. 

I have a chocolate protein shake thing that takes water. 

Any suggestions is a great help at this point.",Anxiety,0.9236577181208052,0.8257575757575758,0.0,0.0,0.0195121951219512,0.032258064516129,0.0102220838522208,0.2922374429223744,0.6526619218897477,0.5555886243386243,0.5156084656084656,0.0091324200913242,0.0547945205479452,0.0867579908675799,0.0273972602739726,0.0,0.0,0.0,1
35499.0,Heart anxeity I’ve had a bad month so far. I was put into a psychiatric ward for a while against my will and now that I’m out I have to go to court ordered group counseling. Anyway my anxiety problems basically all surround my heart. Even now I have chest tightness and a horrible pain in my left arm. I can’t convince myself it’s not a heart attack no matter how hard I try. I’ve been to 3 cardiologists and been to the er at least 20 times and had ekgs every time. Had a stress test and an echo and it all came back negative. I can’t stop convincing myself that something has happened since then and I’d go back to the er but I’m afraid of being admitted again. I’m a 20 year old male and have my whole life ahead of me but I’m to paralyzed by fear to live it. I “know” I’m having a heart attack every time it happens and it’s hard to even imagine it getting better and being happy. I was on Klonopin and it seemed to help but they took me off cold turkey in the hospital and put me on all new meds. I’m just scared. If anyone has any advice I’d really appreciate it.,Anxiety,0.8901006711409396,0.8106060606060607,0.0,0.0,0.0780487804878048,0.0,0.0099061438913447,0.2325581395348837,0.6031700662595817,0.4664141414141414,0.5145021645021645,0.0,0.0511627906976744,0.0790697674418604,0.013953488372093,0.0,0.0,0.0,1
35501.0,"A small victory I don't post very often and never before on this sub but I wanted to share a small victory. As you can imagine I spend a lot of money on doctor visits and tests that turn out to be just fine. I have spent too darn much and so I've challenged myself to just wait things out no matter what. My first challenge arrived quickly. 

On Tuesday I got a rash very likely from sweating/rubbing because I noticed it right after the gym and it was around my neck and chest where my shirt collar rests. It was red, itchy and painful. I DID NOT Google. I started to, but I stopped. I put some hydrocortisone cream on it and ignored it. Ever so briefly thought about going to urgent care (autoimmune? My joints hurt... is it infected? Etc.) 

It's almost gone today. Four days. Granted the source of the rash was clear. And I'm still worried about the size of the lymph nodes in my neck. And random belly pains make me think of tumors.... but this one thing..... I waited out this rash and it was fine. It gives me strength to ""ignore"" the next thing.",Anxiety,0.8733221476510067,0.7575757575757576,0.0,0.0,0.0,0.0967741935483871,0.0107571645902717,0.263681592039801,0.6675838683676589,0.5118347338935574,0.4050420168067227,0.0,0.0547263681592039,0.0696517412935323,0.0223880597014925,0.0,0.0,0.0,1
35502.0,"Happy to find this sub I just found this sub, and I just wanted to say I’m so glad I’m not alone. I am a major hypochondriac, and can’t seem to stay off of google researching what illness I’m dying of next. My current issue is I feel like I can’t breathe. I have shortness of breath &amp; it feels like I can’t get enough air. I’m convincing myself it’s just my anxiety, but I can’t stop thinking about it because yanno.... anxiety 😆 Thinking about going to a doctor to see if I can get some help. but THANK YOU for making me realize I’m not alone!",Anxiety,0.4588926174496644,0.4053030303030303,0.0,0.1,0.0536585365853658,0.032258064516129,0.0104963779206203,0.1666666666666666,0.6763914752741569,0.6419642857142858,0.6285714285714287,0.0,0.074074074074074,0.0555555555555555,0.0,0.0,0.0,0.0,1
35503.0,"Burping non-stop for months I cannot stop burping. Nothing cures it no matter what I try. I don't really get acid reflux, just plain old burps. It happens about once every ten minutes and they tend to be quite sizeable burps too.

Does anyone know what this could be? I read that it can be caused by stomach cancer. Why does stomach cancer cause such frequent burping?
Thank you for reading.",Anxiety,0.3204697986577181,0.2651515151515151,0.0,0.0,0.0,0.0,0.0117322391650176,0.1690140845070422,0.8552207097332598,0.5154761904761905,0.2595238095238095,0.0,0.0422535211267605,0.0704225352112676,0.0211267605633802,0.0,0.0,0.0,1
35505.0,"How to go about requesting a heart check up? Hi everyone, I guess I’ve always been a little bit of a hypochondriac, but serious health anxiety is a new thing for me. I was required recently to take a 9 hour long first aid certification class for a new job, in which we discussed heart attacks and cardiac arrest for hours on end. Following that, I’ve been seeing deaths of young people around my age such a Lotte Van Der (19) and Felicite Tomlinson (18). I am 21, and now I’m in constant fear of an underlying heart issue that I am unaware of. I would like to get whatever tests are necessary to easy up some of my anxiety, because I know that I have never had any tests done regarding my heart. So my question is how do I go about this? What do I request? My mom suggested I say that there is a history of heart attacks in my family, but I’m not sure if that’s necessary. At 21, am I going to receive a lot of push back regarding the necessity of these tests or is it pretty straight forward to get? Any advice would be great, thank you so much.",Anxiety,0.8708053691275167,0.7765151515151515,0.0,0.0,0.024390243902439,0.0,0.01027040038514,0.2281553398058252,0.6656722894180181,0.5344614624505929,0.4767237593324549,0.0194174757281553,0.0533980582524271,0.0776699029126213,0.0072815533980582,0.0,0.0,0.0,1
35511.0,"Left side of face slightly numb Yesterday during the afternoon I took a nap. When I woke up my left side of my face felt slightly numb. To describe it, it’s essentially feels like when you go outside into cold air, the slightly numbness you feel. I till can feel things on my face, and of course I’m not showing any other symptoms. First thing my anxiety goes to is stroke, but no other symptoms have popped up. I’m having some crazy health anxiety over this. I’m not really looking for advice, mostly posting this because of my anxiety and seeing if others have gone through something similar to this.",Anxiety,0.4983221476510067,0.4128787878787879,0.0,0.0,0.0195121951219512,0.0,0.0116453794139744,0.1454545454545454,0.7383443372270189,0.4340277777777778,0.44,0.0,0.0818181818181818,0.1545454545454545,0.0818181818181818,0.0,0.0,0.0,1
35513.0,"Help! Anyone have this anxiety? Is anyone else like seriously afraid of kind of more mysterious diseases like Chronic Fatigue Syndtome, fibromyalgia, etc? It’s been kind of my worry and I think the fact that there’s not really a cure and they don’t know exactly what causes these illnesses to happen is causing me to worry or exacerbating my anxiety. It’s terrifying to me and I’m just struggling to work through this. Thanks everyone",Anxiety,0.3573825503355705,0.2765151515151515,0.0,0.0,0.024390243902439,0.0,0.0130109448291266,0.2297297297297297,0.7916352106296239,0.525,0.65,0.0,0.054054054054054,0.1081081081081081,0.0608108108108108,0.0,0.0,0.0,1
35514.0,"Any Tips for Calming Yourself? My anxiety manifests itself as pain. Normally in a calf, thigh, or my left shoulder. I know this is from my anxiety. It happens, and then I realize I'm anxious, which makes it worse. Has anyone learned how to help themselves when something like this happens? I have just started seeing a counselor, who is booked at least a month out",Anxiety,0.2986577181208054,0.2462121212121212,0.0,0.0,0.0,0.0,0.0118123382586192,0.2575757575757575,0.8598273235144743,0.42,0.53,0.0,0.0909090909090909,0.0909090909090909,0.0227272727272727,0.0,0.0,0.0,1
35516.0,"Fear of being sick I suffer from health anxiety, mostly related to MS and brain tumours (I had an episode of vertigo which has triggered that) and in the past I've had HA about heart related illnesses. I've seen a lot of posts worrying about those things, but I also suffer from a real fear of throwing up. I'm paranoid about food poisoning and it's ruined my enjoyment of a lot of foods. I overcook a lot of my food and throw a lot of stuff out. Right now I'm sat here worrying that the chicken I had earlier from a take out wasn't cooked properly. I feel sick, but that could just be a symptom of being anxiety. Does anyone else have HA around vomiting and food poisoning?",Anxiety,0.5587248322147651,0.4848484848484848,0.0,0.0,0.0,0.0,0.0107870459350374,0.2480620155038759,0.6414187345719111,0.4103571428571428,0.5149999999999999,0.0155038759689922,0.0930232558139534,0.0310077519379844,0.0116279069767441,0.0,0.0,0.0,1
35517.0,"Mumps exposure I have been in a room with someone that have mumps, 1 day after the onset of symptoms (salivary swelling symptom). We had no close contact whatsoever but we did share the space. Was in the room for about 15 minutes in total.

&amp;#x200B;

Cant remember if I had it in my youth (parents can't recall either) and I most likely haven't been vaccinated for it (it wasn't of the immunization programs at the time). Also saw that the vaccine doesn't work as a PEP.

&amp;#x200B;

1: What are the chances that I got infected? I covered my face when was in the room for a brief few minutes each time was in the room, but it may have gotten through the eyes...

&amp;#x200B;

2: Can anyone say what are my options? My life is about to be a complete malfunction for the rest of the 21 days waiting for the onset of symptoms picturing the horrible result of deafness, infertility and a lot of pain. Also likely to end with losing yet another job.

&amp;#x200B;

&amp;#x200B;

&amp;#x200B;

&amp;#x200B;",Anxiety,0.8296979865771812,0.6818181818181819,0.0,0.0,0.0,0.032258064516129,0.0117555514968875,0.3149171270718232,0.6081360535819006,0.4625,0.6354166666666667,0.0220994475138121,0.0331491712707182,0.0607734806629834,0.0165745856353591,0.0,0.0,0.0,1
35519.0,"I think meet all the requirements for colon cancer.... I’ve noticed bright blood in my BM’s for a few years but my GI doctor said it was hemmorhoids. It’s usually blood that I see on the surface but sometimes it’s kind of faded. I drink enough water and eat plenty of fiber, but I still find that I strain when I have a bowel movement, even when I use a squatty potty at home. I thought it was hemmorhoids that just wouldn’t go away but now I’m getting more concerned. I’m going to the GI tuesday to assess but I’m still very scared.

I’m 25 years old with no known history of colon cancer on any side of my family. I know my risk is low but I’ve had this for at LEAST five years and there’s a chance I may have let it go on for too long.",Anxiety,0.6115771812080537,0.5606060606060607,0.0,0.0,0.0536585365853658,0.032258064516129,0.0098244494980309,0.2416107382550335,0.6412582955269768,0.5590909090909091,0.4227272727272728,0.0,0.0201342281879194,0.0939597315436241,0.0100671140939597,0.0,0.0,0.0,1
35523.0,"Unsual sweating 
So i have this unsual sweating from past few days.I start to sweat whenever i go outside only at chest and back .The areas which feel hot whenever i am inside my house even though I don't have fever when checked through thermometer.And also at night i feel this burning/coldish sensation at random areas of my body.What could it be?",Anxiety,0.285234899328859,0.231060606060606,0.0,0.0,0.0,0.0,0.0121523149382386,0.1612903225806451,0.7678861056046135,0.45,0.3928571428571428,0.032258064516129,0.0483870967741935,0.0806451612903225,0.0241935483870967,0.0,0.0,0.0,1
35524.0,"Are my symptoms a result of anxiety or is my anxiety a result of symptoms of something that’s killing me? It’s safe to say I live my life with nearly constant anxiety, particularly when it comes to my health. I’m hyper aware of sensations and little pains that come and go in my body at any given time. My life is kind of miserable as a result. In the quiet moments during a conversation I can almost guarantee you that’s what I’m thinking about. Whether or not the pain I just felt in my head or torso is a symptom of anxiety or do I have some sort of cancer that’s eating me alive?Am I alone in this or am I just a crazy person? I hate to sound whiny, just thought I’d vent a bit.",Anxiety,0.5654362416107382,0.5113636363636364,0.0,0.0,0.0341463414634146,0.0,0.0100621860314373,0.2941176470588235,0.6447584620440355,0.4777304292929293,0.5708333333333334,0.0147058823529411,0.0367647058823529,0.1176470588235294,0.0220588235294117,0.0,0.0,0.0,1
35530.0,"Weird feeling on lower leg, of course I'm convinced it's bone cancer I'm 24 years-old, female, and I've been struggling with HA for around a year now. Mostly I have a hard time with cancer, which brings me here today because I'm freaking out.

Since Wednesday last week I have this weird feeling below my left knee, in the front of the leg. It generally doesn't hurt when I'm resting or when I'm active, it's just like the skin is hyper sensitive there and when my jeans move against the skin, it hurts. It doesn't even affect my day to day but my anxiety is so over the top that I'm ALWAYS hyper aware of that area of the leg. First my mind jumped to ""maybe it's a cloth"", then it went to ""maybe it's bone pain"", but since I don't know what that feels like, what do I know really? 


Honestly, I'm just looking to see if someone ever feels weird pains and skin sensations in random places of the body (had something similar awhile ago in my right arm that went away) due to anxiety, since it's not a symptom that I see around much.",Anxiety,0.8557046979865772,0.7424242424242424,0.0,0.0,0.0,0.0,0.0107553383395561,0.2233502538071066,0.6243087655616368,0.5046428571428572,0.513452380952381,0.0,0.0456852791878172,0.0710659898477157,0.015228426395939,0.0,0.0,0.0,1
35533.0,"this is just a post to make everyone laugh and realize how much anxiety really fucks with all of us my health anxiety has been bad for years, every week there's something new i think i have wrong with me. last night i convinced myself i have herpes ( i haven't had sex in 2 months but i read online u could have it for weeks, months, &amp; year's before an outbreak) i was hysterically crying to my mom and when i went to go show her my (bump) she laughed at me and told me it was just vagina tissue and no where near herpe sores... i love being this way:-)))))) oh and let me not forget to mention 2 hours after that my anxiety got bad and i convinced myself i was going to have a heart attack because i was getting random pains in my right arm and felt nauseous from my new meds lmao",Anxiety,0.6518456375838926,0.5946969696969697,0.0,0.0,0.0,0.032258064516129,0.009899048017575,0.2151898734177215,0.6877165688423733,0.5311306340718105,0.5026355996944232,0.0126582278481012,0.050632911392405,0.0759493670886076,0.0189873417721519,0.0,0.0,0.0,1
35534.0,"Heart anxiety is back thanks to weird arm pains My anxiety is back. 

This time, this weird arm pain that extends from my elbow to my hand is triggering it. Logically, I know that it's likely due to the fact that I tend to lean on my left arm, but my brain keeps telling me ""well, what if it isn't?"" 

The pain usually happens when I'm resting my arm on my leg or have it bent to some capacity (it happened about 5 or so times during an hour video game session), but I've been lying in bed and it hasn't happened since. It doesn't seem to get worse with exertion either, as I run and do other cardio and weights at least 4 times a week. It just comes and goes seemingly at random.

I want to believe it's nothing wrong and it's a nerve thing at worse. My mind won't let me. To it, any arm pain like this is impending doom. I just wish I could shake this feeling.",Anxiety,0.712248322147651,0.6477272727272727,0.0,0.0,0.0,0.0,0.0099461848933307,0.2616279069767442,0.67727686111472,0.3955882352941177,0.4617647058823529,0.0116279069767441,0.063953488372093,0.0872093023255814,0.0261627906976744,0.0,0.0,0.0,1
35542.0,"Painful pinching head pain... Very scared A few weeks ago I had a really bad panic attack about having a blood clot from a really bad leg pain..it turned out to be nothing but since then I started getting these short, pinching bursts of pain on the top right side of my head in the same spot. At first they only happened once or twice a day, but now some days they happen more frequently or hurt more/less.
 My neck and back muscles on the same side have been sore, and sometimes when I'm slouching or just getting out of bed is when the pain happens. I went to the doctor and she asked my family history of aneurysms, which was none. She scheduled me an MRI for next week but she said she really doesn't think it's anything.... Does anyone else get these? They also seem to happen more often when I think about it.",Anxiety,0.6761744966442953,0.5871212121212122,0.0,0.0,0.0,0.064516129032258,0.0107588118951755,0.2115384615384615,0.6968915628133505,0.506547619047619,0.3917989417989417,0.0,0.0897435897435897,0.0897435897435897,0.0576923076923076,0.0,0.0,0.0,1
35543.0,Can worrying cause you to feel sick?! plz help does anyone feel as if worrying about getting sick makes them feel as if they are sick??! every time i have something important going on i get terribly afraid I'm going to get sick and instantly feel as if i am sick i cant tell if its a coincedence or if I'm doing this to myself?!,Anxiety,0.2684563758389262,0.2424242424242424,0.0,0.0,0.0,0.032258064516129,0.0101981351981351,0.1846153846153846,0.6837129351095831,0.2308035714285713,0.856547619047619,0.0,0.1076923076923077,0.0615384615384615,0.0461538461538461,0.0,0.0,0.0,1
35544.0,"Rabies bite? Hey guys. So everybody thinks I'm too imaginative, but I recently got a very small bite on my finger from my new three month old puppy. I've had him 10 days today, and he's great. Eating and drinking regularly, playful, already understanding commands but last night I was playing with him and his chew toy and he bit my finger instead of the toy (my fault not his, he's teething) I immediately washed it throroughly, also used peroxide, finally placing Neosporin and band aid. 

He's getting his last vaccine (rabies) in two days. Should I be concerned that I have it?? He has not been outside or had any contact with any other animal since I've had him which like I said was for 10 days.",Anxiety,0.5796979865771812,0.4810606060606061,0.0,0.0,0.0,0.0,0.0116003787878787,0.15625,0.7590782122905028,0.5494318181818182,0.375816822066822,0.0,0.0703125,0.125,0.03515625,0.0,0.0,0.0,1
35549.0,"Cervical Cancer I realize this is something I need to get checked out professionally though idk if it'll be possible soon. 

I, 23F, have had bloody discharge for over 2 weeks now. And though I don't fit into the risk factors (never had sex, don't smoke) and dont have any other symptoms, this is really eating my head now.

Can anyone please share their experience or knowledge regarding this?",Anxiety,0.3213087248322148,0.2575757575757575,0.0,0.0,0.0,0.0,0.0123318161855711,0.1594202898550724,0.851024208566108,0.48125,0.4958333333333333,0.0,0.072463768115942,0.0869565217391304,0.0434782608695652,0.0,0.0,0.0,1
35551.0,"Blood in Urine Just noticed traces of blood in urine. The first time there was a bit and then smaller amounts to where I had to examine it to find some (I know it’s weird, but anxiety). The blood was not fully mixed it. 

I do have to note that I am on my period and using a tampon. So I’m not sure if that blood would be able to mix? Please let me know if you have a similar experience or I’m just freaking out over nothing.",Anxiety,0.3481543624161073,0.3295454545454546,0.0,0.0,0.0146341463414634,0.0,0.0093601302278988,0.2613636363636363,0.7430167597765363,0.5,0.571031746031746,0.0,0.0454545454545454,0.0227272727272727,0.0170454545454545,0.0,0.0,0.0,1
35553.0,"What is this?? (Slight NSFW?) I felt something between my inner thigh and groin area, and I found this. I squeezed it a little bit and it drained a smidge. Ever since I did that though, it got bigger and it burns a little. :( 
I'm really trying not to believe it's a blood clot. I googled and low and behold... made my anxiety worse.

[https://imgur.com/a/6EkmIVZ](https://imgur.com/a/6EkmIVZ)",Anxiety,0.2810402684563758,0.25,0.2,0.0,0.0,0.032258064516129,0.0104487891122897,0.2537313432835821,0.7545234720253481,0.4171296296296296,0.437037037037037,0.0,0.0746268656716417,0.0597014925373134,0.0223880597014925,0.0,0.0,0.0,1
35554.0,"13 trips to the hospital from 2018-present (went to the ER last night). Near trips to the hospital: Almost daily. Hey guys,

I am really suffering in a way that makes life absolute torture. I have health problems, however they're compounded *significantly* by my constant fears of death and cardiovascular/heart-related health anxiety. 

Does anyone here ever feel like suicide is rational when your life has been distilled to daily panic attacks of the worst kind and constant thinking/fears of sudden death or further disability (i.e. strokes, fatal arrythmias, heart failure, etc.)

I don't want to die, I fear the unknown so intensely, however I feel that I deserve dignity and mercy for my situation. I feel like I should have the right to end my own life because of the amount of suffering I experience on a daily basis. I want to have the option to terminate my consciousness peacefully and legally under the supervision of empathetic doctors and nurses.",Anxiety,0.7961409395973155,0.6022727272727273,0.0,0.0,0.0,0.0,0.0133867079889807,0.24375,0.6594972067039105,0.5304761904761904,0.4634523809523809,0.025,0.03125,0.1125,0.046875,0.0,0.0,0.0,1
35558.0,"Punctured my hand with wire Was doing my art project and ended up stabbing myself with some wire an hour ago. It bled a bit and stopped, my arm kinda sore. Because of that I'm now freaking out that I could get tetanus. I don't think I've gotten that shot before and I heard you need it to stop tetanus. 
But I have really bad anxiety so I wouldn't know if I'm imagining any pain I'm feeling.
I don't even know why I'm worried the puncture was like 1cm deep, but I'm still panicing about going to the doctors to ask if I should get the shot :(
Its always something with me :( always feel like I'm about to die everyday :(",Anxiety,0.5125838926174496,0.4621212121212121,0.0,0.0,0.0,0.0,0.0101262066339671,0.1869918699186991,0.6740700367897534,0.2321428571428571,0.780952380952381,0.0,0.0975609756097561,0.065040650406504,0.0121951219512195,0.0,0.0,0.0,1
35559.0,"One spot on my spine feels tender, I'm worried it's cancer. I haven't been worried about my health for a while so this didn't concern me much until today. I notice that when I hunch over, or when I press on this particular spot on my back (near where my bra strap would be) it feels like I bruised it. It's not painful enough to disrupt my day, but it's a little disconcerting. I started googling and I saw a bunch of people who had this and it just went away on its own or it wasn't anything, but then of course I continued googling and ""back pain"" can be cancer. It's surface-level though, really does just feel like a skin bruise. And I don't feel it at all if I sit normally and don't press on it.

How worried should I be? Any way I can rule out cancer? I'm seeing my doc for a checkup soon.",Anxiety,0.660234899328859,0.5946969696969697,0.0,0.0,0.0,0.0,0.0101169927119294,0.2025316455696202,0.642175235131886,0.571780303030303,0.4257575757575758,0.0,0.0569620253164556,0.0696202531645569,0.0189873417721519,0.0,0.0,0.0,1
35566.0,"Buspar, how long? I started taking 7.5 mg of Buspar twice daily as of this Wednesday. I know it's probably too soon to expect relief from it yet. But for those that have taken it, in your experience how long before you felt a difference? I'm really struggling w/crippling anxiety but I keep reminding myself the medicine takes time to buildup and to be patient.",Anxiety,0.2961409395973154,0.2424242424242424,0.0,0.0,0.0,0.0,0.0119463869463869,0.2461538461538461,0.8892995272883542,0.5125,0.25,0.0,0.0769230769230769,0.0615384615384615,0.0692307692307692,0.0,0.0,0.0,1
35570.0,"Antibiotic cocktail and side effects Disgusting me has a bacterial infection in the stomach and I'll have to take 15 pills every day of antibiotics to get rid of it. Normally I won't take a look at the side effects because I know I will go insane about them, but after my mother saw the prescription she said I should consider another form of antibiotic treatment that only has 70% success rate (compared to 95%) but less side effects. SO I looked up the side effects and its worse than anything I've ever taken. It's nausea and diarrhea and vomiting in over 10% of cases and a condition with black burnt skin and multiple organ failure with unknown probability. As I'm already vegetarian and you're not allowed to eat dairy products I have to go vegan for a week and I'm not allowed to go outside in the sun cause the medication will cause my skin to burn in the sun.

I can't find the side effects for the other therapy but I also I want to be done with the whole thing if I survive the ten days. I'll probably take the pills but I will properly go crazy and miserable too.",Anxiety,0.8942953020134228,0.7651515151515151,0.0,0.0,0.0,0.0,0.0110040168817598,0.2512315270935961,0.6100943941437103,0.375735294117647,0.4926470588235294,0.0492610837438423,0.0394088669950738,0.064039408866995,0.0295566502463054,0.0,0.0,0.0,1
35573.0,"Tonight is a bad night. For the first time in months, I’m too terrified to go to sleep because I’m afraid I’ll die in my sleep. I’m dealing with some really awful stomach issues, which I got an ultrasound for today but I won’t know the result for days. I’m scared. I’m exhausted. I just want to feel normal, if only for a few moments. I’m starving because I’ve been too worried to eat all day, plus the random nausea. And to top it all off, I’m feeling out of it from the sheer exhaustion, which is only amplifying my anxiety. 

When does it end?",Anxiety,0.4496644295302013,0.393939393939394,0.0,0.0,0.048780487804878,0.0,0.0106421356421356,0.2571428571428571,0.7160947060388401,0.3958333333333333,0.6749999999999999,0.0,0.0571428571428571,0.0571428571428571,0.0428571428571428,0.0,0.0,0.0,1
35574.0,"I feel a colon cancer meltdown coming on I probably wouldn’t be worrying so much about colon cancer if I hadn’t spent nearly 24 years of my life being fed ultra processed foods and then going on to cook ultra processed foods for myself. I wish I was more self informed about how bad this food was for me. 

I’m just now starting to figure out what’s good for my colon even though I thought I was doing things right (eating frozen vegan patties which may be even WORSE now that I think about it. I was worried about processed MEAT only and not processed meals in general).

I’ve had hemorrhoid symptoms lasting over 2 months now (itching and bright red spots). Bowel habits constantly change. Lot of gas, bloating, and nausea. Feeling hungry more than usual. I had diarrhea for the first time in a month and a half last weekend, no bowel movements at all for almost 4 days. 

TL;DR I’m nearly 24 years old and have eaten processed food most of my life, worried about colon cancer because of that but also really hoping I just have some chronic hemorrhoids, and improving my diet moving forward",Anxiety,0.9052013422818792,0.75,0.0,0.0,0.0292682926829268,0.0,0.0115955119952378,0.1809045226130653,0.6642430027231128,0.5535218253968254,0.3730158730158729,0.0,0.1155778894472361,0.0603015075376884,0.0452261306532663,0.0,0.0,0.0,1
35575.0,"Wall of Eye Floaters Help So I have floaters. Evident by the fact I'm posting here. Whether they stay or go away in a few years, I don't care. 23, so I have all the time to wait. One thing that I've recently noticed though is that when I almost close my eyes completely and look up at the sky during the day, I can see an entire faint sheet of what I assume is the liquid my floaters are in, and I can see the entire field of my vision is in what essentially looks like a very faint wall of bubbly protiens and crap. When my eyes are wide open it's harder to see but in the sky I can still ever so slightly notice it. My question is, has anyone had this along with the more prominent floaters and did the wall eventually go away? I don't mind the individual ones but having literally all my vision be through this murky shit is stressing me out.",Anxiety,0.7021812080536912,0.6363636363636364,0.0,0.0,0.0,0.0,0.0100066017898185,0.2426035502958579,0.6350533866649036,0.462037037037037,0.5064814814814815,0.0355029585798816,0.0355029585798816,0.1301775147928994,0.0621301775147929,0.0,0.0,0.0,1
35577.0,"3 year problem I have had this numb, tingling sensation in the same spot for over 3 years now. It’s everyday same spot and never really gets worse, I only really notice when my mind isn’t busy. I am on medication for it as my neurologist said it is a migraine disorder which I beg to differ. I have had 3 mri scans even with contrast and two eeg which came back normal. I occasionally get pins and needles in leg and tingling on left side of face. I am convinced I have ms and lately I have been experiencing muscle twitching right arm for 2 days now..which is pretty constant. I am worried about having ALS and I am so scared to go back see a doctor about it.",Anxiety,0.5469798657718121,0.4886363636363636,0.0,0.0,0.0097560975609756,0.0,0.010277601186692,0.2,0.6837129351095831,0.4829365079365079,0.4107804232804233,0.0307692307692307,0.0615384615384615,0.0692307692307692,0.0576923076923076,0.0,0.0,0.0,1
35578.0,"I keep picking up infections In 8 months so far I had :
-2 big colds / flu
- 2 other colds/ sore throat
-trush 
-an eye infection 


What the heck? I'm 31,veggie, good diet 
I don't exercise but I have an active job. Shall I be worried? (I mean I am as a perfect hypochondriac, but am I right to be?)",Anxiety,0.2407718120805369,0.231060606060606,0.0,0.0,0.0,0.0,0.0092086554696525,0.1129032258064516,0.8673634889169219,0.5946800595238095,0.6122767857142858,0.032258064516129,0.0161290322580645,0.0,0.0,0.0,0.0,0.0,1
35580.0,"I just found out I'm diabetic. What now? Hey folks. Yesterday I went in for a routine DOT physical to get my medical card updated. These happen every two years to make sure my health is in check for driving a rig. 

So, I go in to my appointment. I give a urine sample. There is a massive glucose concentration. They use a diabetic meter and my glucose level was a 257. With almost no symptoms apart from occasionally dry mouth/thirst. I went and immediately got an a1c test to determine what's going on. (I understand this won't find Type I, but it's worth doing). I've taken my blood sugar three times since. Last test yesterday was still in the 250s, today it's been 157 for two tests.

I'm worried. I enrolled in insurance yesterday because I'm not financially prepared for the lab work, but I cannot continue driving until this is diagnosed and handled. 

I bought a bike to start trying to get my weight down and keep active. I'm internally freaking out right now. I've always had good health minus a little extra weight. Any advice? 

Thanks",Anxiety,0.8666107382550335,0.7121212121212122,0.0,0.0,0.0,0.0,0.0117535382686897,0.2063492063492063,0.7008660695811534,0.5394899626517273,0.3366479925303454,0.0,0.0423280423280423,0.1111111111111111,0.0317460317460317,0.0,0.0,0.0,1
35581.0,"Been putting off taking an antibiotic Hey guys, 

I have been having symptoms of a UTI for a two weeks now and I was prescribed originally Cephalexin for 5 days - this didn’t get rid of my symptoms. On Monday I went to my Primary Physician and she prescribed me Augmentin but I have been too anxious to take it. I’m scared I’m going to have a bad reaction to it, but I need to take it because I don’t want this UTI to get worse. Not sure how to make myself take it, the fear is incredibly strong.

Has anyone else gone through this?",Anxiety,0.4370805369127516,0.393939393939394,0.0,0.0,0.0195121951219512,0.0,0.0101502033320215,0.2285714285714285,0.7063048683160416,0.4720238095238095,0.7341269841269841,0.019047619047619,0.0761904761904762,0.0666666666666666,0.0285714285714285,0.0,0.0,0.0,1
35587.0,"Health Anxiety that leads to new worries! Had a CT scan I didn’t need because I wanted to check for cancer of the pancreas, liver, and colon (I know this isn’t diagnostic) and while all of those important things are golden....the ct showed “mild urinary bladder thickening is noted anteriorly, this may be secondary to underdistension”. Have had a few drs tell me that that means my bladder wasn’t full so it looked thicker. Is that good enough for me? Nah. Has to be bladder cancer. Gonna try to get a urologist to give me a cystoscopy because I am CONVINCED, this time, THIS IS THE TIME it’ll be real. I fucking hate myself. My PCP begged me to not need the referral to the urologist. He left it in my hands and I had to take it. *sigh* oh, 37/F",Anxiety,0.6199664429530202,0.5303030303030303,0.0,0.0,0.0292682926829268,0.032258064516129,0.0110363792665533,0.2978723404255319,0.6792265937636198,0.532689393939394,0.4904545454545454,0.0,0.0638297872340425,0.0709219858156028,0.0,0.0,0.0,0.0,1
35588.0,"trouble peeing? i always see posts about people with anxiety peeing too often but never this :(

&amp;#x200B;

i can eventually go, sometimes hours later, but everytime i go to the bathroom i'm either waiting a solid minute before anything comes out or i'm just leaving the bathroom panicking cause nothing happened! i like to believe i'm just psyching myself out cause i'm very conscious of the fact that i'm worried about not being able to go everytime i actually try to go haha, doesn't stop me worrying intensely that i have a brain tumour tho... (for 3 years, this however is a new symptom)",Anxiety,0.4907718120805369,0.393939393939394,0.0,0.0,0.0,0.032258064516129,0.0122491145218417,0.1714285714285714,0.7356743814844374,0.5108181818181818,0.4429545454545455,0.0,0.0952380952380952,0.0571428571428571,0.0428571428571428,0.0,0.0,0.0,1
35589.0,"Neck pain I have TMJ and I went to yawn and it hurt and now I have a pain in the back of my neck, where the skull meets your neck, tight in the middle. Worried I fucked something up :(",Anxiety,0.1476510067114094,0.1515151515151515,0.0,0.0,0.0,0.0,0.0083064570315124,0.2926829268292683,0.7242131080528682,0.3471428571428571,0.3971428571428571,0.0,0.073170731707317,0.024390243902439,0.0,0.0,0.0,0.0,1
35595.0,"Struggling with fear of carcinogens everywhere 

Hello, just wondering if anyone has advice, info, anything relating to this would really be great; I have a problem with fear about contamination but mainly in the form of long-term damage, ie being exposed to a unknown carcinogen, or drinking water with lead, or exposure to anything that is deadly / harmful, but only through exposure over time.

This is mostly fueled by any story of ""new chemical used in products and only 5/10/20 years later people confirm it's a carcinogen / otherwise dangerous"".

Because of this I get stressed out with chemical things like cleaning products, detergents, anything scented, general air pollutants, clothing dye, any drinking water, plastics touching food, heavily processed foods, and so much more. 

 I'm struggling to get over it because these cases do happen, and I wouldn't know there was a problem until it was too late; I can't shake the feeling it is rational to at least have some skepticism... but I know it's impossible to know about everything and I want to stop stressing out so much. any coping tips or advice would be great, thank you.",Anxiety,0.9429530201342282,0.7196969696969697,0.0,0.0,0.0,0.032258064516129,0.0131953759393074,0.2408376963350785,0.6770891222322969,0.5338516746411484,0.5730462519936204,0.0104712041884816,0.1151832460732984,0.0837696335078534,0.0549738219895287,0.0,0.0,0.0,1
35597.0,"Pro tip: don't Google symptoms if you're logged into Facebook. They will use the data from your searches to give you relevant ads and articles and it will exacerbate your HA. There have been times where I've frantically googled the symptoms for everything from MS to brain tumors to ruptured ovarian cysts and shortly afterwards I would see an ad or an article about something related to it-- nearby gynecologists, cancer centers, etc. But since I've stopped doing that, I don't see them as much anymore. It's been really helpful in taming my anxieties. 

Googling something once every so often doesn't affect the algorithm too much I don't think, but when you're a chronic symptom-checker (like I used to be), triggering ads definitely start becoming more prevalent. So resist the keyboard and just breathe.",Anxiety,0.6694630872483222,0.5037878787878788,0.0,0.0,0.0,0.0,0.0135068459356112,0.1716417910447761,0.7775368965229718,0.6083333333333334,0.45,0.0,0.1044776119402985,0.0597014925373134,0.044776119402985,0.0,0.0,0.0,1
35598.0,"First it was lung disease, now it’s a brain tumor Basically I started working at a chemical company 6 months ago (poor decision knowing i deal with HA) anyways next week I start a new job, next week I also am closing on my first house that I’m pretty much getting forced into buying from my uncle after he had a stroke (getting a crazy deal) so my stress has gone through the roof, a few weeks ago I noticed shortness of breath and was fixated on my breathing patterns and convinced I had lung damage or fluid in my lungs, got xrays and everything was fine and it eventually subsided for the most part, about a week ago I started to feel “out of it” and now it’s a constant disconnected from the world feeling and a tension headache and episodes where I feel like I could just pass out also my eyes feel funny, I started to wear my glasses again out of fear that a brain tumor is causing my eyes to be blurry so I’m now convinced I have a brain tumor, anyone else dealt with anything similar?",Anxiety,0.825503355704698,0.7234848484848485,0.0,0.0,0.0292682926829268,0.0,0.0105780819559228,0.2395833333333333,0.6252327746741154,0.5221479500891265,0.409090909090909,0.0208333333333333,0.109375,0.0833333333333333,0.015625,0.0,0.0,0.0,1
35600.0,"Depression or fear of it? Hi guys, this is the first time I post in this subreddit, so, let's get started! 
 
For about two weeks I have been feeling very frightened about the idea of ​​being depressed, also because this anxiety is accompanied by a kind of weight that I feel inside my chest and that accompanies me all the days. 

I haven't lost interest in activities or in socializing, but when I am at home alone I start to think and look on the internet for symptoms and feelings about depression, and end up feeling scared, anguished and sad with this feeling of heavy head and the impossibility of thinking positive.

What do you think, is it all the fault of anxiety and hypochondria that have been with me for years, or is it the beginning of a depressive phase?",Anxiety,0.6350671140939598,0.5303030303030303,0.0,0.0,0.0097560975609756,0.0,0.0114759783521872,0.3617021276595745,0.6427750703276676,0.553314393939394,0.5964646464646465,0.0141843971631205,0.0638297872340425,0.0496453900709219,0.0,0.0,0.0,0.0,1
35603.0,"Does fast or slow heart bpm correlate with heart problems? If you think you may be having heart issues, but the your heart rate is normal, this is probably a good sign, right? I would assume that if something is really wrong your heart rate would surely rise.",Anxiety,0.2105704697986577,0.178030303030303,0.0,0.0,0.0,0.0,0.011421028466483,0.2083333333333333,0.7644320297951583,0.5739795918367346,0.6535147392290249,0.0,0.0416666666666666,0.0833333333333333,0.09375,0.0,0.0,0.0,1
35605.0,"For HA Sufferers with different anxieties than mine... I have very distinct HA fears (STI’s namely) so whenever someone talks about brain tumors or aneurysm’s I just can’t relate. This is refreshing because it reminds me of how other people feel when they hear me talk about my complex theories of how I might be ill. This isn’t minimizing what anyone else is saying, but this forum does provide me with a really good perspective on my own issues. Thank you to everyone who is willing to be vulnerable on here... having HA is painful, and opening up about it is even more painful.",Anxiety,0.4798657718120805,0.3901515151515151,0.0,0.0,0.0195121951219512,0.064516129032258,0.0120059864378046,0.2307692307692307,0.7825526428878384,0.504423076923077,0.6857692307692308,0.0,0.048076923076923,0.048076923076923,0.0144230769230769,0.0,0.0,0.0,1
35608.0,"seizure worries? hi everyone! 

i need someone to tell me i’m not losing it. lately i’ve been worrying that i’m just going to have a seizure. i’ve completely convinced myself that it’s going to happen when i’m not at my house. 

yesterday i went out to eat with my parents and we were sitting in chairs at the restaurant and i leaned my head back to laugh and of course, i hit my head. at the time it didn’t feel hard enough to do anything but now it’s really worrying me. i’ve tried to avoid googling anything so i won’t further my own worries. 

my cousin has seizures but no one else in the family does and i’m just feeling crummy about this. the rational part of my brain tells me i’m fine but the panicky/anxious part tells me not to go to school or work because you’re going to be uncomfortable and definitely have a seizure.",Anxiety,0.6854026845637584,0.5909090909090909,0.0,0.0,0.0634146341463414,0.0,0.0108854906915126,0.2292993630573248,0.6398960965021527,0.5182692307692308,0.4493589743589744,0.0,0.0955414012738853,0.0955414012738853,0.0477707006369426,0.0,0.0,0.0,1
35610.0,"Health anxiety is affecting my relationships I’ve been a ”worrier” for all my life about everything. Health anxiety is just a part of it. Now I’ve come to the point where it’s starting to negatively affect my relationships especially with my partner. The worst of it being that i got drunk, lost memory for a bit, became convinced that i was taken advantage of and contracted an STD and created a weird situation in my relationship. There was no indication that this had happened, other than a minor cold that i was sure was a symptom of a disease.

Understandably he is upset and i felt guilty. It was awful and we’re still in the middle of it. This has to serve as a wake up call that my life is so negatively affected by all this. I’ve been festering at home all evening not being able to do anything but worry. My head is in pieces. All i’ve managed is to use reddit as an occasional distraction. I need help, i feel like i’m lost in this. 

The point of my post was to hear success stories of others overcoming these fears and honestly to just find some hope and support.",Anxiety,0.8934563758389261,0.7613636363636364,0.0,0.0,0.0439024390243902,0.0,0.0110772440880451,0.3267326732673267,0.5979866143038884,0.4173611111111111,0.6118827160493827,0.0198019801980198,0.0693069306930693,0.0891089108910891,0.0371287128712871,0.0,0.0,0.0,1
35624.0,"Concussion worries I hit my head on a concrete wall last weekend and got a mild concussion (confirmed by doctor yesterday) I’ve been sitting letting myself heal at home, and was playing with my cat with one of his toy lightsabers. I held he tip as he played with the handle of it. I thought to myself while daydreaming “could you imagine if I hit myself in the head with this” and while in he daydream apparently my body acted this of and I hit myself in the head with the handle at it’s full length. Now I’m worried that I’ll cause serious damage because my doctor gave me a pamphlet to avoid head injuries after concussions because it can cause permanent damage. It wasn’t super hard but it was still a hit. I’ll just keep resting and try not to worry about it.",Anxiety,0.6333892617449665,0.5416666666666666,0.0,0.0,0.0390243902439024,0.0,0.0110384144475053,0.2708333333333333,0.6502172563625077,0.5550925925925926,0.5157407407407407,0.0277777777777777,0.0625,0.0763888888888889,0.0104166666666666,0.0,0.0,0.0,1
35625.0,"Extreme fatigue. Anyone else relate? For the past 5 months my fatigue has been very overwhelming. Worst I've felt in all my life. My symptoms are fatigue, malaise (generally feeling unwell), light body aches randomly, not all the time, very tired, sometimes my body feels heavy and unbalanced, which then triggers anxiety because I fear I might pass out. It's so bad I can't focus on life or work. I struggle daily to get out of bed.

Few facts about me. I'm 27, 171lbs, white male, 5'10"", fitbit tells me I get around 6.5-7 hours of sleep per night, I eat alright (should eat more veggies), I got a cubicle job without windows, I drive 1 hour total per day for work. I don't excercise much, mainly light walking with my dog or in hallways at work, I suffer from depression and anxiety, I stopped taking the 5mg Lexapro cold turkey after being on it for 5 years, 2 months or so after I stopped the symptoms and fatigue started, I reinstated 0.5mg Lexapro using liquid solution made from water. I have only had 1 blood tests in my life at age 26 and I didn't fast. They found my vit d was 20ml but everything else checked out.

I want to die. I feel like death. If there is a God please show me mercy.",Anxiety,0.9983221476510068,0.8522727272727273,0.0,0.0,0.0,0.0,0.0110375679563129,0.1504424778761062,0.7225490680773224,0.471375,0.5888333333333333,0.0176991150442477,0.0442477876106194,0.0929203539823008,0.0265486725663716,0.0,0.0,0.0,1
35633.0,Fast heart rate I was at a baseball game and felt my heart was racing a bit. I checked an my pulse was around 112. It’s almost 3 hours later and I’m still around 100. I’m normally around 80. Of course I’m freaking out thinking that I’m having a heart attack. No other symptoms to speak of other than just feeling incredibly anxious...which I know isn’t helping the heart rate. Any experience with racing heart and how to help it calm down?,Anxiety,0.3615771812080537,0.3068181818181818,0.0,0.0,0.0292682926829268,0.032258064516129,0.01124605254317,0.2317073170731707,0.7242131080528682,0.5517746913580247,0.4820987654320987,0.0,0.0975609756097561,0.0609756097560975,0.0365853658536585,0.0,0.0,0.0,1
35636.0,"I am doing much better! Hey guys had an awful panic attack that sent me to the ER back in August and started a whole slew of anxiety related problems and oh boy I don't wish this upon anyone. So I have had pretty much every symptom under the sun from anxiety and SSRI medication. I could barely function, work, study, I couldn't leave the house. Then the health anxiety started up and I wa sure I was dying all the time. Pain would be all over the place and move around and change the type of pain. All just anxiety. Life was brutal. But since we rarely see posts on this. I AM DOING WAY BETTER!!! I feel like my normal self and honestly feel like i am a better person I am much more compassionate, sympathetic and understanding because of my experiences. And for everyone battling anxiety, I know it can feel hopeless, but you can get better. Take things one day at a time. Just try to do 1 thing better everyday.",Anxiety,0.7600671140939598,0.6590909090909091,0.0,0.0,0.0,0.032258064516129,0.0107733175914994,0.2057142857142857,0.6945570630486831,0.6069140625,0.6019444444444445,0.0,0.0514285714285714,0.0914285714285714,0.0257142857142857,0.0,0.0,0.0,1
35639.0,Right foot is buzzing/vibrating along with twitching in legs. For about 3 weeks now I’ve been getting cramping and twitching legs. Yesterday my right foot feels like it’s vibrating. It’s driving me nuts. Of course I’m thinking it’s ALS or MS.,Anxiety,0.1963087248322147,0.1515151515151515,0.0,0.0,0.024390243902439,0.0,0.013177786736545,0.1707317073170731,0.8495707862106554,0.6428571428571428,0.5357142857142857,0.0,0.1707317073170731,0.048780487804878,0.0,0.0,0.0,0.0,1
35641.0,"How do you keep your health records? I keep mine in a cabinet. And sometime it is really difficult to lookup, especially after we have children and paper documents became a mess! 

I came up an idea to build my own application to help me do that. Check out this [http://lucycare.us](http://lucycare.us) . If it helps, feel free to support me :)

&amp;#x200B;",Anxiety,0.2659395973154362,0.2348484848484848,0.2,0.0,0.0,0.0,0.0105874764965674,0.2222222222222222,0.8368360379533564,0.5651041666666666,0.8291666666666666,0.0317460317460317,0.0,0.0476190476190476,0.0476190476190476,0.0,0.0,0.0,1
35646.0,"i need advice 17-Male here
Hi, so a week ago i woke up and my legs were tingling. I thought it was normal and it would go away but then hours went by and it was still there. I started panicking and googled my symptoms and regretted it instantly. I’m hypochondriac. Sometimes the tingling would spread to my arms and hands. When i start moving, the tingling stops. When i stop thinking about it, the tingling stops too. My right knee is kind of stiff too and before this tingling started my legs were stiff but this stiffness has been happening to me since years. I’m afraid of going to the doctor. Should i be worried about it? What should i do? It’s consuming me.",Anxiety,0.5503355704697986,0.4696969696969697,0.0,0.0,0.0146341463414634,0.0,0.0110881542699724,0.24,0.6628379888268157,0.5005102040816326,0.664625850340136,0.0,0.12,0.064,0.0,0.0,0.0,0.0,1
35647.0,"TSS I’ve used super absorbent tampons over the course of the last few days. I may have left one in a tick more than 8 hours yesterday and now I’ve convinced myself that my hands are redder than usual and that I’m going to die. No fever, chills, vomiting or diarrhea. Some peeling on my feet (pads of toes) but that could’ve been there for weeks because it’s been a bit since I got a pedicure. My hands and feet do feel a teeny tiny bit tingly, but that very well could be because I’m having a mini freak out. 


My understanding is that if I actually have TSS I would know that *something* is up relatively quickly.",Anxiety,0.5067114093959731,0.4431818181818182,0.0,0.0,0.0292682926829268,0.0,0.0106574216743708,0.2288135593220339,0.7299498153583941,0.5458333333333333,0.2983333333333333,0.0,0.059322033898305,0.1016949152542373,0.0254237288135593,0.0,0.0,0.0,1
35648.0,"Lump on back of neck? I’m a 16 yr old female and earlier today when I was brushing my hair, on the left side of my neck, in the back right at my hair line I brushed past something that sorta stung but I didn’t think anything of it, then today when I was washing my hair I felt it again and now I’m spiraling. To me it feels relatively small. When my neck is extended it feels harder but when I’m relaxed it doesn’t feel too hard. It feels under the skin. I had my sister look at it and she thinks it’s merely a pimple or something and my mom says I should update her in a well about it. But of course I googled it and now I’m unsure if I’ll be able to stop thinking about it",Anxiety,0.5587248322147651,0.5303030303030303,0.0,0.0,0.0390243902439024,0.0,0.0092535607525936,0.2624113475177305,0.6209041562660962,0.4819302721088435,0.2727891156462584,0.0,0.0709219858156028,0.0780141843971631,0.0212765957446808,0.0,0.0,0.0,1
35653.0,"Random nosebleed (21F) I’ve been having random nosebleeds in the past 3 weeks. It’s happened 3 times for different lengths of time. But it’s never enough blood that i’ll need to put a tampon or something in my nose. i just blow it a few times and it’s usually fine. 
the last time i had nosebleeds was probably in middle school. could this be a sign of something serious ?",Anxiety,0.3045302013422818,0.2613636363636363,0.0,0.0,0.024390243902439,0.0,0.0110684769775678,0.2714285714285714,0.794413407821229,0.4316666666666666,0.3683333333333333,0.0,0.0857142857142857,0.0428571428571428,0.0428571428571428,0.0,0.0,0.0,1
35655.0,"I don't know what it exactly is but I'm kinda worried that it might be something worse So basically on my left index finger in the centered part I have some cracked skin and now I noticed some small light red spot underneath it. I always tried to rip out the broken skin so it looks smooth but is the red spot caused by the attempts of trying to rip the broken skin off? 
Dunno how to formulate it since I'm not a native english speaker but Im kinda worried that it might be something worse 


[https://imgur.com/Benka1G](https://imgur.com/Benka1G) this is basically how it looks like",Anxiety,0.4429530201342282,0.393939393939394,0.2,0.0,0.0,0.0,0.0103797717434081,0.2666666666666666,0.6377760042564512,0.4666666666666667,0.3208333333333333,0.0,0.1142857142857142,0.0476190476190476,0.0428571428571428,0.0,0.0,0.0,1
35658.0,"looking at my computer causes sickness &amp; pressure. Is this anxiety??? For the past two months ive been dealing with the worst anxiety due from insomnia. But this is not my first bout with this. Ive dealt with this back in 2010. I wanted to ask. Does anyone get these weird terrible feelong or pain in your body when you look at your computer screeen??? Its like a pain in the throat all the way down going into the chest area??? Its like a weird MILD pressure on your body. It feels like reys coming out the computer. I ahvent felt this in years. I forgot how i got better because it was so long ago. Back then i thought i needed glasses &amp; thought it was the monitor. i thought all kind of things. But now im thinking this can all be related to freaking anxiety. 

&amp;#x200B;

Is this common with anxiety??? 

&amp;#x200B;

Thanks so much",Anxiety,0.6996644295302014,0.5909090909090909,0.0,0.0,0.0,0.1290322580645161,0.0112583565826183,0.2611464968152866,0.6660854713019961,0.4500771604938272,0.4915123456790123,0.0,0.0573248407643312,0.0318471337579617,0.0,0.0,0.0,0.0,1
35660.0,"Anyone been able to smoke? I smoked weed for 3 years and last March 2018, I got laced with a large amount of PCP and had a near death experience (not breathing, hospital, etc) and since then every time I smoke I think I’m dying.

Ever since I got laced I’ve had health anxiety (a headache means I have cancer, always checking myself out, my side hurts it means I have stomach cancer etc, you get it)

And I am coping with it as much as I can. I’ve gotten a lot better than I used to be, I used to have panic attacks daily, and it’s been at least 4 months since I have had one. 

But I can still not smoke weed, when I do smoke it resets my anxiety, last time I smoked was November of 2018 and the next 2 weeks it’s like I didn’t make any progress. Panic attacks every day, and all of that.

I’ve just been wondering if anyone has been able to smoke since they developed health anxiety. Also I can’t drink, does the same thing.",Anxiety,0.7659395973154363,0.6931818181818182,0.0,0.0,0.0390243902439024,0.0,0.010023655527608,0.1576086956521739,0.6368715083798883,0.5697802197802198,0.2874542124542124,0.0,0.0597826086956521,0.0380434782608695,0.0,0.0,0.0,0.0,1
35661.0,Lump above testicles When I am on my feet I can touch a lump above my testicles.I think it is not on my testicle but on the little veins above.When I lay down I can't touch them they disappear.What could this mean?,Anxiety,0.1728187919463087,0.1553030303030303,0.0,0.0,0.0,0.0,0.0103961694870785,0.1904761904761904,0.7552540569300346,0.4344444444444444,0.3352777777777778,0.0,0.0,0.119047619047619,0.0,0.0,0.0,0.0,1
35662.0,"Sudden bleeding freaking me out This is kinda messed up but about a week ago I took 5 Tylenol in one day, and ever since then I've been nervous about how it affected my health. I've had really bad indigestion and vomiting. I've been pooping normally until today when I had bright red blood when I went to the bathroom and now I'm freaking out. Could that mistake be causing this?",Anxiety,0.311241610738255,0.2651515151515151,0.0,0.0,0.0,0.0,0.0111987351103868,0.1690140845070422,0.8407427807065858,0.515,0.5233333333333332,0.028169014084507,0.1126760563380281,0.056338028169014,0.0422535211267605,0.0,0.0,0.0,1
35672.0,"Therapy? Has anyone had any success with specific therapy or medication for health anxiety? this has ruined my life more than normal anxiety in my past. I feel as if i’m constantly waiting for something to come up and I’ll never be able to live a happy life. Just waiting for my time to be up, basically.",Anxiety,0.2483221476510067,0.2121212121212121,0.0,0.0,0.0097560975609756,0.0,0.0111944806920883,0.2631578947368421,0.8376947956483387,0.6186868686868687,0.4425925925925926,0.0350877192982456,0.0701754385964912,0.1578947368421052,0.0263157894736842,0.0,0.0,0.0,1
35673.0,"What's the one realization that started you off on your health anxiety recovery? Hello all. I'm Abhi, new here and this is my first post. I have been dealing with health anxiety for about three years now - I won't get into the details, it's textbook HA story - but I would love to know from those who got a handle on this beast what their one ""ah-ha!"" realization was that set them off on the path to recovery. Like, what is the single most important thing that HA sufferers need to understand to start combating HA? 

Would love to know success stories too. Also, would love to know if and how meditation and yoga helps in recovery. 

Many thanks in advance. 

Lots of love,
Abhi",Anxiety,0.5587248322147651,0.4734848484848485,0.0,0.0,0.0,0.0,0.0112160566706021,0.246031746031746,0.7226212645207059,0.6808306277056277,0.4668470418470418,0.0476190476190476,0.0396825396825396,0.0396825396825396,0.0,0.0,0.0,0.0,1
35675.0,Sick for about a week and have coughed some blood the last 2 days in mornings only. So I have been sick with something I don’t know what I just flew back from Europe to America after 3 months so I’m thinking it’s something from the plane. I have a had a pretty bad cough that has been fairly productive for at least the past 5 days. Yesterday I noticed a very small amount of blood in my first cough after I stood up in spit into sink it was bright red and streaky the next cough was back to mucus only. Kinda freaked out by it I went to the doctor a couple days ago and blood tests just came back fine but I don’t know if they would tell. Any help would be greatly appreciated kinda freaking out. I also stopped by daily marijuana habit about 2 weeks ago after a year and a half.,Anxiety,0.6476510067114094,0.5909090909090909,0.0,0.0,0.0195121951219512,0.0,0.0098984927444684,0.2356687898089172,0.6464434402021136,0.4851461038961039,0.428073593073593,0.0,0.0636942675159235,0.0764331210191082,0.0286624203821656,0.0,0.0,0.0,1
35676.0,"Tick bite So, I noticed about 35 hours later that I have a thick on my leg. I immediately removed it, but I cant help over stressing it. Why? I live in European country where the infections with Meningitis and Borelia are on the highest rate... I am so stressing everyone so much, constantly reading what could happen .... How can I calm myself down? Plus sorry for my english, is not my first language.",Anxiety,0.3313758389261745,0.2803030303030303,0.0,0.0,0.0,0.064516129032258,0.011317722681359,0.16,0.8355307262569832,0.486540404040404,0.3680555555555556,0.0,0.0666666666666666,0.0933333333333333,0.04,0.0,0.0,0.0,1
35677.0,"Fear of colon cancer Hello. This might be a bit TMI but I need help here. Earlier this week a had developed a hemorrhoid on the outside of my anus. It pretty much covers the hole. I wasn’t really paying attention to my feces too much but for the past few days I have been pooping very thin, flat feces. Sometimes I have constipation too. I just did end a course of Antibiotics about 3-4 weeks back(doxycycline). I’m worried it might be cancer. There’s no blood in the stool. I’m trying to eat cleaner for now and taking a fiber supplement.

I have a lot of gas too recently. Once in a while I’ll have abdominal pain but it’s minor and not localized to one spot. Can anyone shed some light? Thank you.",Anxiety,0.5796979865771812,0.5,0.0,0.0,0.0292682926829268,0.0,0.0108924169928954,0.2330827067669172,0.7294913260805644,0.5108928571428571,0.3625000000000001,0.0300751879699248,0.0676691729323308,0.0451127819548872,0.0112781954887218,0.0,0.0,0.0,1
35679.0,"I recently remembered multiple sclerosis exists A few weeks ago I felt a weird pulsating sharp pain in the back of my head, I promised myself I wouldn't google it but by the end of the day I just couldn't let go. So I googled it and worried for days I had occipital neuralgia but it went away and then I remember the next suggested disease: multiple sclerosis. 
And now I just conviced myself all the weird symptoms I had and went to the doctor only to be told I'm completely fine must be because of MS. 

Like the times I thought I was having a heart attack because of pain in my left arm, or when I thought I had a detached retina because my eyes ""felt weird"" and I thought I saw flashing lights. When I focus on something really close to my eyes and then focus on something far and feel a little desoriented etc etc etc. It must all be neurological after all!

And now I feel all these things again and I keep thinking what if it isn't psychosomatic. On top of it, I'm going to be without insurance for a few months while I'm in between jobs and neurologists and MRIs are just waay to expensive. 
How the hell do I convince myself I'm going to be fine?",Anxiety,0.9580536912751678,0.8446969696969697,0.0,0.0,0.0,0.0,0.0104627853207398,0.2589285714285714,0.5548683160415003,0.4718489583333333,0.4549999999999999,0.0,0.0714285714285714,0.0625,0.0267857142857142,0.0,0.0,0.0,1
35681.0,"How often does y'all's anxiety cause you to actually ""feel"" symptoms of whatever it is you're currently afraid of? Hey, so for a grand total of 2 days I've been convinced I am developing Parkinson' Disease, and after reading up on various symptoms and whatnot, I feel like I am actually starting to feel them. This is not something I've ever worried about, but now that the idea is in my head it's all I can think of.

 I'm trying not to fixate on it as I know I always do this with different things, but idk, I just want some people to relate to lol. Knowing people are going through similar things as I am usually calms me down, at least temporarily.",Anxiety,0.5385906040268457,0.4621212121212121,0.0,0.0,0.0,0.0,0.0109940872135994,0.2276422764227642,0.7659990007721306,0.4997685185185185,0.4990740740740741,0.0,0.073170731707317,0.056910569105691,0.048780487804878,0.0,0.0,0.0,1
35686.0,"Pea sized lumps on right side of neck Hiya, freaking out right now! Just noticed on the right side of my neck there are 3 pea sized lumps.. they are not painful and cant be seen only felt. They are more towards the back of my neck on the right side. Could these be lymph nodes?

 25 year old female,

No known health conditions other than terrible health anxiety

No medications",Anxiety,0.3070469798657718,0.2651515151515151,0.0,0.0,0.0,0.0,0.0109562332673728,0.2112676056338028,0.6959634904398457,0.5433035714285714,0.5237103174603175,0.0,0.056338028169014,0.0845070422535211,0.0211267605633802,0.0,0.0,0.0,1
35687.0,Can penicillin cause headaches? I've been on penicillin to treat strep throat for a couple days now and I've been getting headaches. Is this normal or should I be worried?,Anxiety,0.136744966442953,0.1098484848484848,0.0,0.0,0.0,0.0,0.0125114784205693,0.3,0.8972067039106145,0.575,0.6499999999999999,0.0,0.0333333333333333,0.0333333333333333,0.0,0.0,0.0,0.0,1
35688.0,"Anybody feel their anxiety is subconscious? I don’t get panic attacks. I get scary physical manifestations of anxiety instead like feeling dizzy, faint, feeling like my heart is beating too slow. This is how I know I’m feeling anxious if I’m experiencing these symptoms, because I rarely get normal “panic” like others do. Also, when I’m very anxious I noticed I yawn almost constantly. Does anyone else experience this, or feel like their anxiety is always there even if you don’t *feel* panicy?",Anxiety,0.4093959731543624,0.3106060606060606,0.0,0.0,0.0341463414634146,0.0,0.0133882637989976,0.0843373493975903,0.7027663727535841,0.4287499999999999,0.6976190476190477,0.0,0.072289156626506,0.1204819277108433,0.0180722891566265,0.0,0.0,0.0,1
35695.0,How many of you got a CT scan done on 15 plus years ago? Where was the scan done and did you develop any cancer/tumor? I am asking because there are many articles on the possible link with ct scanners and cancer. Should I worry about it? I have had two abdominal ct scans done and two head CTs.,Anxiety,0.2399328859060402,0.2196969696969697,0.0,0.0,0.0,0.0,0.0099862258953168,0.2033898305084746,0.7560837041946785,0.6666666666666666,0.6666666666666666,0.0,0.0169491525423728,0.0847457627118644,0.0,0.0,0.0,0.0,1
35698.0,"my urine is clear for no reason for like a week now my pee has been barely yellow to almost clear even if i hadn’t really had anything to drink during the day. there’s no pain, smell, or excessive amounts, it’s just the color. i know this is probably nothing to worry about, but my anxiety is worrying me that it might be something bad, and i just went to the doctor so i don’t want to go again",Anxiety,0.3238255033557047,0.2954545454545454,0.0,0.0,0.0195121951219512,0.0,0.0099862258953168,0.2531645569620253,0.7787992362633477,0.4541666666666666,0.4388888888888889,0.0,0.0632911392405063,0.1012658227848101,0.0569620253164556,0.0,0.0,0.0,1
35699.0,"Scared my doc won't take me seriously Hi all, I'm a new here, I've had health anxiety for about 6 years, it comes and goes a couple of times a year for me but when I have an episode it's BAD, I'm talking like exacerbating my own physical symptoms by worrying, googling for hours until I'm convinced I'm going to die, hell even obsessing over my pets health and running them to the vets for every tiny thing, although that mostly started after my old kitty died of lymphoma.

Anyway so I'm really worried about going to the doctor next week that she's not going to take me seriously if I tell her I have health anxiety. I think that I have PGAD, although granted my anxiety does seem to be making it way worse, I do have actual symptoms and reason to believe it. I'm actually just kind of hoping it's all in my head but at the same time I'm worried that if I don't get tested and assessed for it it will turn out to be real and not just my anxiety 😭 I hate that feeling of uncertainty 😭",Anxiety,0.8305369127516778,0.7272727272727273,0.0,0.2,0.0097560975609756,0.0,0.0105928574487217,0.2176165803108808,0.6218484962514835,0.4936026936026936,0.4456890331890331,0.0,0.1036269430051813,0.1295336787564766,0.038860103626943,0.0,0.0,0.0,1
35701.0,"I'm Sacred But I Think I'm Also Broken. Every Few Months my pee starts to smell sweet and I have to urinate more frequently and I get tired, for example I've urinated 3 times in the past hour today which isn't normal for me usually I urinate 3-4 times a day, at first I thought it was Diabetes or something else but I've had many blood tests etc done and they all came back normal. 

Last time this happen it lasted from July 2018 - November 2018, I had numerous tests and numerous Doctors say it was a Viral Infection.

It seems to happen every few months, I consume a normal amount of Sugar, I only drink water I drink about 1-2 litres a day, I walk alot.

The Doctors can't figure out the issue, posting here just incase someone has had the same issues as me.",Anxiety,0.6291946308724832,0.5530303030303031,0.0,0.0,0.0,0.0,0.0105484342497329,0.2040816326530612,0.7132976095466119,0.51125,0.41125,0.0,0.0340136054421768,0.0952380952380952,0.0408163265306122,0.0,0.0,0.0,1
35704.0,"Recurring chest pain with no other symptoms I’ve had a lot of intense stress the past year and also suffer from an anxiety disorder, so it seems to be affecting my body a lot. I went to the ER back in February because my chest hurt and I had a lot of coughing, and they did a chest x-ray and CT scan and monitored my heart rate, and everything came back clean for heart issues with reassurance from the radiologist that I’m very low risk for heart issues. I was diagnosed with pleurisy which was verified by my regular doctor, and got better after a couple weeks. The chest pain has seemed to linger though and my stress has not improved. I have no other symptoms with this chest pain other than anxiety that it’s something bad. I’m afraid to waste more money going to the hospital again since they ran tests that came back clean. Could this be something I need to have checked out again?",Anxiety,0.738255033557047,0.6287878787878788,0.0,0.0,0.0195121951219512,0.0,0.011099701423599,0.281437125748503,0.6122169069681865,0.5053921568627451,0.4005052790346908,0.0,0.0718562874251497,0.1017964071856287,0.0,0.0,0.0,0.0,1
35708.0,"Any of you severely nearsighted with anxiety over future eye problems? I am severely myopic which I know is a risk factor for retinal detachment. My mom had a retinal detachment which is when a huge fear kicked in. My number one fear is going blind. I wish I never found out about the risks...I just always went about my life knowing I had bad eyes but it’s all I ever knew and never had concerns. I can’t seem to turn the fear off now- seriously making myself ill. Was wondering if anyone else experienced anything like this, or is currently!",Anxiety,0.4488255033557047,0.3787878787878788,0.0,0.0,0.0097560975609756,0.032258064516129,0.0113159043177045,0.1584158415841584,0.7659162564301123,0.4479166666666667,0.665625,0.0198019801980198,0.0792079207920792,0.099009900990099,0.0445544554455445,0.0,0.0,0.0,1
35709.0,"Constantly feeling like I'm dying? I've gone to the ER so many times thinking I was dying of a heart attack when it was just terrible anxiety/panic attacks. I feel literally every bodily sensation and it puts me into a panic frenzy and makes me feel like it's my last couple of seconds on earth. I cannot handle this anymore. Is there anyway to stop this from happening? I've freaked myself out by feeling my seat-belt and even shirt touch my chest, etc.",Anxiety,0.3741610738255033,0.3106060606060606,0.0,0.0,0.0,0.0,0.0116457565800391,0.2409638554216867,0.7894595140337888,0.45,0.4,0.0240963855421686,0.0602409638554216,0.1325301204819277,0.0542168674698795,0.0,0.0,0.0,1
35710.0,"Paranoid about food poisoning Never had it. Always terrified of it. Forever burning my chicken/avoiding eating it all together so I don't have to even worry about Salmonella killing me every time. If I touch raw chicken, or raw chicken touches a surface, I've accepted my 100% death. It's easier to just avoid chicken for life. Literally.",Anxiety,0.2768456375838926,0.2121212121212121,0.0,0.0,0.0,0.0,0.0132485138465999,0.1228070175438596,0.8737626188375968,0.2738461538461538,0.7546153846153846,0.0,0.1228070175438596,0.0701754385964912,0.0,0.0,0.0,0.0,1
35717.0,"Constant headache: how worried should I be? Every day I have some kind of headache. I wake up, do my thing, go to work, and there it is. Some days it comes with nausea. I've been with this for 3 weeks now.

1. Most of the time it's not a full blown migraine. Those, I take sumatriptan for (and then I lie down and fall asleep for like 9 hours)

2. I'm drinking more water. I do usually have a cup of coffee with cream and sugar in the morning, but the headache starts before I have coffee.

3. I do regularly spend a lot of time in front of computer devices. I work on a computer at work, and my favorite passtimes are MMOs and other video games.

4. I've got some hot garbage vision, but I wear my glasses all the time.

5. The pain.... roams? that's the best way to explain it. It doesn't just sit in one location. Sometimes its behind my eye (either eye). Sometimes it's on my temple. Sometimes it's at the back of my head, or the top.

I have really bad anxiety about actually going to the doctor or the hospital. Hospitals freak me out and I worry that if I go to the doctor they'll send me there. .... I also have a $20 copay for each visit, and a $100 copay if I go to the hospital.",Anxiety,0.985738255033557,0.8939393939393939,0.0,0.0,0.0,0.064516129032258,0.0099716962490265,0.2447257383966244,0.6269947905617236,0.5601307189542484,0.464165409753645,0.0,0.0126582278481012,0.0717299578059071,0.0253164556962025,0.0,0.0,0.0,1
35718.0,"Can you feel your heart beat in your lower back?? This keeps happening and it’s scary, because everything online tells me it’s an anyuerism and I’m going to die. 
I’m 19, average build maybe 160 pounds? And 5’5. I don’t smoke and have no history of this in my family, and no heart problems I know of. The pulsing is quite hard and almost feels like someone tapping me in time with my pulse, that’s how hard it feels. When I have loose fitting clothes I can feel it pulse against that, or if I’m sat against a leather chair or laying on my back I can feel it, sometimes it’s to the right other times it’s to the left. I want to go to A&amp;E but my mum won’t listen and says it’s just my anxiety, but I’ve never had this before. :( I can’t drive so I’m just stuck and feel like I’m waiting for it to burst suddenly, it’s been like this for a week and is progressively more apparent each day",Anxiety,0.738255033557047,0.6590909090909091,0.0,0.0,0.0829268292682926,0.0,0.0102617079889807,0.2285714285714285,0.6416919393455707,0.4716819291819292,0.4342185592185591,0.0,0.0457142857142857,0.0457142857142857,0.0085714285714285,0.0,0.0,0.0,1
35720.0,"Freaking out It’s past midnight here and I have work early in the morning. I have been feeling this pain in the left side of my chest for the past hour every time I breathe. I don’t know what it is and it’s freaking me out. This is what I wrote out in my notes:

What I think I have:
- GERD
- Angina
- Pleurisy

What I’m feeling:
- Dull pain in left chest area, towards the middle of the boob (this is new and just started happening)
- Burning feeling in area before stomach starts (comes and goes)
- Constant burning/pain sensation in left chest area (comes and goes randomly)


I don’t know how to calm myself down. I can’t fall asleep because I’m scared because I feel like I have some sort of blood clot that will burst any second now.",Anxiety,0.6098993288590604,0.5416666666666666,0.0,0.0,0.0341463414634146,0.0,0.0103688399142944,0.1944444444444444,0.6073867163252639,0.4674693362193362,0.259054834054834,0.0138888888888888,0.0486111111111111,0.0416666666666666,0.0104166666666666,0.0,0.0,0.0,1
35729.0,"Scared about Stomach Cancer I’ve had some pretty bad abdominal pain/cramping the last few days that also moves up my chest and feels like heartburn when I lie down. It was so bad today I went to the ER because I was getting pretty nervous. I told my symptoms to the doctor which include pain in my mid/high abdomen, more pain when lying down, more heartburn at night etc. 

He told me I had classic symptoms of acid reflux and put me on some Zantac. I just started it today and he gave me a months worth to take until it helps with the Acid Reflux. He also told me that when he checked with his stethoscope that all my bowel sounds were normal and it my digestive track was working fine. I asked him if I needed a CT or if they found anything strange and he said no.

But I’ve dug myself deep into a hole and I’m convinced from all the shit I’ve read online that the abdominal pain is from stomach cancer even though I don’t show other signs. Can anyone give me some tips on how to deal with this HA? It’s getting really bad now, and I’m sure the stress is probably adding to my pain/cramps.",Anxiety,0.906040268456376,0.7992424242424243,0.0,0.0,0.0341463414634146,0.0,0.0104572742866053,0.2264150943396226,0.6169495098555918,0.5011805555555555,0.48875,0.0,0.0613207547169811,0.080188679245283,0.0141509433962264,0.0,0.0,0.0,1
35731.0,"Circulatory problems. Cause for concern? I'm a very thin dude, just under 120 lbs and probably 5'8"" or so. I have pretty big hands, long gangly fingers and have a friend my age who is 6'5 (probably twice my weight), who has only slightly bigger hands. Bad circulation is kind of a family thing, and my Dad has troubles with it. Every girl I've been with will continually comment on how cold my hands are, it ruins some things in that regard for me. Sometimes when I start to get warm again after coming indoors or holding a cold one for a while orange spots begin to appear, but my hands rarely warm up to my body's temperature. Should I care now or just worry about getting healthier overall?",Anxiety,0.5746644295302014,0.4848484848484848,0.0,0.0,0.0,0.0,0.0112942319601939,0.2015503875968992,0.776882768178078,0.4796428571428571,0.6404761904761905,0.0310077519379844,0.0232558139534883,0.1472868217054263,0.0930232558139534,0.0,0.0,0.0,1
35732.0,"Medication? So ive had healthanxiety for 3 years and it sucks.. and i have never tried any medication, is it something any one of you would recommend?",Anxiety,0.1191275167785234,0.0984848484848485,0.0,0.0,0.0,0.0,0.0120268339965309,0.2592592592592592,0.8857852265673494,0.35,0.3,0.0,0.074074074074074,0.1111111111111111,0.0,0.0,0.0,0.0,1
35734.0,"Thanks, Ancestry😔 Hi guys!
So i recently took an Ancestry DNA test and I bought access to the records. My maternal grandmother apparently died of Uterine Cancer at 40 years old. My grandmother was always told it was lung cancer. She thought it made sense since her mother was a very heavy tobacco smoker. Anywho, now I’m constantly worried about this. I also have PCOS that makes me have irregular periods. Just crappy thoughts and i hate this! I’ve had health anxiety in the past. Luckily I have my therapist appointment on Monday so I’ll talk to him about this “new fact”. Thanks for listening.",Anxiety,0.5,0.3977272727272727,0.0,0.1,0.0292682926829268,0.0,0.0124226830916367,0.1886792452830188,0.8254453462633077,0.4799862258953168,0.4201101928374655,0.0188679245283018,0.0188679245283018,0.1415094339622641,0.0566037735849056,0.0,0.0,0.0,1
35741.0,"Driving Anxiety I tend to get very anxious while I'm driving or even when I am on the passenger side. When I know I have to drive somewhere the day before, I lose sleep. Is there anybody else that have the same problem, and what is the best solution?",Anxiety,0.2030201342281879,0.1818181818181818,0.0,0.0,0.0,0.0,0.0104078821611289,0.2448979591836734,0.7482613156994641,0.6125,0.475,0.0,0.0408163265306122,0.0816326530612244,0.0,0.0,0.0,0.0,1
35745.0,"I have a chest cold So of course I probably have cancer. And my head hurts a little so I'm sure I'm headed for an aneurysm. My back is sore from sleeping on a shitty mattress but it could be scoliosis. I peed more than usual today so of course my kidneys are in jeopardy. Ugh, I am tired. So MS, right? 

Anyway, I am just annoyed at my thoughts and figured they needed to get out of my head.",Anxiety,0.3204697986577181,0.2992424242424242,0.0,0.0,0.0,0.0,0.0095988292011019,0.2375,0.7430167597765363,0.4693452380952381,0.5749559082892416,0.0,0.075,0.125,0.01875,0.0,0.0,0.0,1
35747.0,"Severe health anxiety... lost 15 lbs. need support. I started having abdominal pain that radiates to the back in January, did a bunch of blood test, ultrasound and x-Ray. I was diagnosed with Fatty Liver which is not related to my pain. I was told to loose weight and that I should be good.

I was on a diet for a month after the fatty liver diagnose, lost 4KG in a month which scared the hell out of me but I keep telling myself it’s because I’m on a diet. But I’m also noticing that my appetite isn’t very good, I have bad days and good days. I just feel nauseous on bad days like I literally don’t wanna eat anything. My pain has almost gone away now.

Now I’m obsessing over cancer like lymphoma and things like that, checking my lymph nodes and literally I feel pain in my groin area.

I’ve always had health anxiety all my life but last 3 months I feel really depressed over my health anxiety, constant worrying.

Any suggestions? Planning on going back to my doctor? I’m not eating as much these days due to nausea. I don’t even know how to explain to my doctor anymore. This weight loss is concerning is though on good days, I control my diet due to fatty liver...",Anxiety,0.9731543624161074,0.8371212121212122,0.0,0.0,0.0439024390243902,0.064516129032258,0.0109013972650336,0.2027027027027027,0.6203130504806482,0.528502024291498,0.3859244264507422,0.0,0.0675675675675675,0.0945945945945946,0.0202702702702702,0.0,0.0,0.0,1
35748.0,"What do you do against the fear of never recover of generalized anxiety? I do sports every day, im not isolated, im using medication and its afraid me because im constantly stress. Its afrais me a lot because all my effort for turn down can be ruined in one minute . I never turn down and i dont know what can i do more. I think i will do yoga but i dont think if it will help me a lot. I already find my trigger but next they dont work and i find next new trigger and two weeks later they dont work......
So i fear to never recover this is my only fear 
I mean that its only that who make me feel anxious
By the way what are your trigger?",Anxiety,0.5285234899328859,0.5,0.0,0.0,0.0,0.032258064516129,0.0093130553656869,0.1578947368421052,0.5981013987482673,0.467798174048174,0.4963966588966589,0.0150375939849624,0.0225563909774436,0.0902255639097744,0.0338345864661654,0.0,0.0,0.0,1
35750.0,Accidentally splashed bits of toilet water in my mouth So I was spitting something out of my mouth and when it hit hard it splashed a bit of water while I had my mouth open. I was standing up but I am worried that some toilet water may have gotten in my mouth. Granted it was flushed (afaik) at that time because it was clear water but still,Anxiety,0.2793624161073825,0.2537878787878788,0.0,0.0,0.0,0.0,0.0100875060768108,0.2647058823529412,0.6372001314492277,0.4741666666666667,0.285,0.0,0.1176470588235294,0.088235294117647,0.0220588235294117,0.0,0.0,0.0,1
35752.0,"Health anxiety is ruining my life. I don’t know where else to vent. I feel like a prisoner in my own mind. Every other day I’m dying of a new disease and I just can’t take it anymore. Panic attack after panic attack, constantly researching symptoms and self diagnosing. When will it ever end? Some days I just feel like giving up, my anxiety is destroying me slowly. I don’t know if anyone will see this but I had to write this down somewhere and it’s good to know I’m not alone. Thanks for listening friends.",Anxiety,0.4203020134228188,0.3598484848484848,0.0,0.0,0.0292682926829268,0.0,0.0110623278236914,0.1770833333333333,0.7323091247672253,0.5475448933782266,0.4057519640852974,0.0,0.0625,0.0833333333333333,0.015625,0.0,0.0,0.0,1
35753.0,"convinced i have rabies i’m so fucking exhausted with this god damn disease. i am. i woke up a week ago w some scratches on my hand that i didn’t quite remember having... i have a cat, and we play and he’s scratched me before, so it definitely could’ve been him but my brain defaulted to a bat coming in my house. a rabid bat. 

see bat bites you can sleep through, so i assume a bat came in through my chimney and bit me while i was sleeping, i didn’t notice, it got back out, and now i’m infected with rabies and doomed because i was too afraid to see a doctor.

 i’ve had dreams about it for days. my throat hurt two days ago on the left side. my leg right now is kind of sore on the outer part and hurts. am i going to die",Anxiety,0.5989932885906041,0.5606060606060607,0.0,0.0,0.0341463414634146,0.032258064516129,0.0094777857895612,0.2281879194630872,0.682651569120018,0.4918367346938775,0.5051020408163265,0.0,0.0604026845637583,0.0604026845637583,0.0100671140939597,0.0,0.0,0.0,1
35757.0,"Extreme irrational fears I’ve recently developed an extreme fear of having an anaphylactic shock. This past month my health anxiety has been through the roof. Been through every symptom in the book believing I’ve had a brain anyerusm to a heart attack.

The last week has been hell. I’m eating one small meal a day at most, literally starving myself scared to eat. I’m convinced I’m going to have an allergic reaction to something. I’m even starting to struggle to use hand soaps or even touch certain objects as in my irrational frame of mind I could potentially touch something I’m allergic to. 

Is anybody else suffering with something similar? I have some counselling coming up and I have been prescribed citalopram, which I haven’t started taking as I’m scared to take it due to this fear of having an allergic reaction.",Anxiety,0.6837248322147651,0.5340909090909091,0.0,0.0,0.0439024390243902,0.0,0.0127507469056764,0.2323943661971831,0.6670076323864977,0.4974702380952381,0.4969246031746032,0.0140845070422535,0.1338028169014084,0.0845070422535211,0.0316901408450704,0.0,0.0,0.0,1
35766.0,"Started CBT therapy a few weeks ago Hi guys 

I started my course of CBT a few weeks back and one of the first steps my therapist has told me to take is to completely stop the excessive checking I do, whether that be prodding for lumps if I feel a pain, or taking tonnes of pictures of moles thinking they’ve changed etc. The therapist was saying that there isn’t really a magic formula to stop the checking you just have to do it cold turkey.

I feel I have reduced it a fair bit since starting as I realised a lot of it was mindless, but stuff like the checking of moles is still keeping me from stopping, has anyone got any tips?

Thanks",Anxiety,0.5268456375838926,0.4696969696969697,0.0,0.0,0.0097560975609756,0.0,0.0103168044077134,0.288,0.6628379888268157,0.5125,0.5027777777777779,0.0,0.112,0.048,0.024,0.0,0.0,0.0,1
35772.0,"I am going to start tracking all my anxiety symptoms so I can go back and laugh at myself later When this shit is happening it’s unbelievably taxing mentally, but after it’s over it’s laughably stupid. 

For instance, today 4/10, 7pm. Was eating trail mix and a protein drink and had a twinge of nausea. Since I’m on lisinopril I can’t have a ton of potassium so of course I freak out and think my potassium is building up and that I’m gonna have a heart attack. 
Fucking stupid. This is at least the 40th time. Little stuff like this happens at least 4-5 times a day. What fun.",Anxiety,0.4756711409395973,0.4090909090909091,0.0,0.0,0.0292682926829268,0.0,0.0109655773750853,0.2568807339449541,0.7359438265593767,0.4026041666666667,0.4666666666666667,0.0,0.0642201834862385,0.055045871559633,0.0275229357798165,0.0,0.0,0.0,1
35774.0,"Reinforcing Anxiety by going to the doctor Recently I have been thinking about whether or not I should go to the doctor for the bigger problems I can't seem to shake. I was told a while back I had a lesion in my leg that was most likely benign and then that was it. I didn't hear anything back from any doctor about it and I didn't know where to go or what to do about it and my HA went through the roof because of it. 

I recently went to my main doctor and asked him about it. He told me they can't legally say 100% something is benign because they can be sued over it, but reallistically it most likely was benign. He said that I could always get an x-ray if I needed reassurance to make sure it hasn't changed ar all. 

My question is this, what do you guys think you would do in my position? 

I have had enough radiation in my body already and I want to avoid it as much as possible. And I feel like maybe not going and getting the x-ray can teach me more skills that I need to cope. I know something is there but I still have to live my life. And trust in my faith of God.

I appreciate any advice.",Anxiety,0.9144295302013424,0.8446969696969697,0.0,0.0,0.0,0.0,0.0096633953168044,0.25,0.5456903431763767,0.578219696969697,0.4951388888888889,0.0267857142857142,0.0580357142857142,0.1116071428571428,0.0401785714285714,0.0,0.0,0.0,1
35776.0,"HEALTHVICES 

HEALTHVICES

IF YOU ARE REALLY CONCERNED ABOUT YOUR HEALTH THEN DON’T EVEN THINK OF IGNORING IT AS IT CAN BE THE MAJOR REASON FOR THE MASSIVE RUSH FOR YOUR HEALTH PROBLEMS OVER IT.

&amp;#x200B;

TAKE THE ADVICE ABOUT YOUR HEALTH FROM THE USA TRUSTED DOCTORS.

&amp;#x200B;

CHECK THE LINK BELOW AND FIND THE ONE WAY BEST SOLUTION ON ALL THE VARIOUS HEALTH PROBLEMS.

&amp;#x200B;

STOP SHAKING YOUR LEGS

BECAUSE ALL THE WAYS ARE NATURAL WAYS. 

AND IT’S BETTER TO TAKE ACTION NOW

INSTEAD OF REGRETING LATER.

&amp;#x200B;

IT INCLUDES VARIOUS HEALTH PROBLEMS REGARDING: 

WEIGHT LOSS DIETIERY FOODS

EYE HEALTH 

MALE ENHANCEMENT

FAT BURN

MUSCLE GAIN

ANXIETY

KETOSIS AND 

TONNES OF DIFFERENT PROBLEMS

COMMENT TO ME WITH YOUR DETAILS IF YOUR HEALTH PROBLEM IS NOT MENTIONED IN THE LIST.

HERE IS THE LINK TO IT:

[https://b24-hsjavm.bitrix24.com/sites/site/6/view/58/](https://b24-hsjavm.bitrix24.com/sites/site/6/view/58/)",Anxiety,0.6778523489932886,0.5151515151515151,0.2,0.0,0.0097560975609756,0.0,0.0133040759284953,0.2481751824817518,0.6773641071647025,0.5466346153846154,0.4384615384615384,0.0583941605839416,0.0437956204379562,0.0364963503649635,0.010948905109489,0.0,0.0,0.0,1
35787.0,"How often do you guys bug your Docs? I feel like in the last 8 months or so I've been calling with new issues every couple weeks. I'm afraid I could be developing a reputation at the office. I'm trying to not be such a bug, but my anxiety is high and I have legitimate concerns. I am about to call once again, and thought, maybe I would feel better about being such a bug if I hear that other people bug their docs as well. So, how often are you guys buggin the docs?",Anxiety,0.3850671140939597,0.3560606060606061,0.0,0.0,0.0,0.0,0.0097324923879947,0.2105263157894736,0.7511320199941194,0.5044602272727273,0.4795265151515152,0.0210526315789473,0.0421052631578947,0.031578947368421,0.0,0.0,0.0,0.0,1
35791.0,"Evening HA into sleepless night Around 8pm I had that familiar chest pain. A deep burning ache on the right side of my chest. I had a crappy nights sleep the night before, approx 4 hours, and was so tired all day. But with the anxiety tonight, every time I would start to fall asleep I would wake up suddenly. Jolted wide awake. I’ve watched QVC, twitch streams, parks and rec. I’ve done calm.com, YouTube sleep hypnosis and chatted on Pacifica. I’ve read my book and meditated. Nothing helped tonight and I’ve literally slept zero minutes. My alarm will go off in one hour and I’m horrified about what tomorrow will be like. 

I have four children who need rides starting at 7am and ending at 8:30pm. I have a job where I have responsibilities to my coworkers. 

Please tell me that I’m going to be alright. Sorry to whine I’m just really discouraged.",Anxiety,0.7046979865771812,0.5795454545454546,0.0,0.0,0.0341463414634146,0.0,0.0117527100998175,0.1883116883116883,0.7463542044547632,0.4922619047619048,0.4817460317460318,0.0,0.0844155844155844,0.0649350649350649,0.0194805194805194,0.0,0.0,0.0,1
35793.0,"Neti Pot Anxiety I was recently diagnosed with a sinus infection and told to use a Neti Pot. Being careful to read the directions, I took off the nasal cap and washed it with soap and my bathroom sink water, then poured distilled water over it to rinse. However, as usual, my anxiety about this kind of stuff has flared up- wondering if the hand soap I used was not appropriate, if I poured enough tap water to rinse that soap off, and then if I poured enough tap water off with distilled water. As I looked things up I became even more scared, reading that tap water with Neti Pots can be dangerous. I haven't touched the thing since, and my sinus headaches are becoming increasingly easier for my anxious mind to read as some kind of horrible brain amoeba like you can find stories on.

Any advice on how I can put myself at ease instead of feeling like I will be waiting the next couple of months before I know if I have gotten a more serious infection? Thank you.",Anxiety,0.8036912751677853,0.6893939393939394,0.0,0.0,0.0,0.0,0.0109647142061449,0.2295081967213114,0.6292700796776262,0.4958333333333333,0.6385416666666667,0.0109289617486338,0.0983606557377049,0.0546448087431694,0.0163934426229508,0.0,0.0,0.0,1
35794.0,"Should I be worried about a possible auditory hallucination? Hi guys,

Today I was on a empty street waiting for my Uber when I heard a baby cry for about a few seconds, twice. I did not hear this sound again, and it sounded like it came from one of my houses, as some of the houses had their lights on. I did not see the baby though, and I have not heard this sound again. 

I am worried this might be the onset of Schizophrenia, yet my psychiatrist said I do not have any of the positive/negative symptoms. Does Schizophrenia develop that rapidly or suddenly, or is it more gradual. I did not hear anything throughout the day, so naturally, this has me worried. Should I be too worried or was it likely a baby from one of the houses crying?",Anxiety,0.613255033557047,0.5340909090909091,0.0,0.0,0.0,0.0,0.0107137314243588,0.2957746478873239,0.5946179872531276,0.55,0.5444444444444444,0.0,0.0422535211267605,0.0915492957746478,0.0211267605633802,0.0,0.0,0.0,1
35802.0,"Gallbladder removal worries I had to have emergency surgery this morning to get my gallbladder removed. The surgery finished around 11, they’d sent me home (unwillingly) by 5. 

Thing is, they told me pretty much nothing about what to expect. The most hey said was no lifting.

Apparently they put staples in, so now I’m kind of freaking out that I’m going to move wrong and pull them out. Not to mention being worried about how painful it is.

Anybody have any advice to help me out?",Anxiety,0.3959731543624161,0.3257575757575757,0.0,0.0,0.0146341463414634,0.0,0.0118069408821759,0.1724137931034483,0.8345855005458165,0.5285714285714286,0.6785714285714286,0.0229885057471264,0.0919540229885057,0.1494252873563218,0.0172413793103448,0.0,0.0,0.0,1
35810.0,Can anyone help to calm me down? I’m 22 year old male. Been trying to give up alcohol but drank the past 4 days due to social circumstances. Had a lot of drinks (~20) yesterday over the course of the whole day and woke up feeling awful. I finally threw up less than an hour ago but there was some blood in it. Now I think I’m going to die and just need a rational perspective to help calm me down. I had a doctor check up about a month ago where they said I checked out healthy but I have had no tests except an EKG when I went to the hospital for a panic attack about 2 months ago. Thanks again for any advice.,Anxiety,0.5058724832214765,0.4734848484848485,0.0,0.0,0.0097560975609756,0.0,0.0094942935852026,0.1984126984126984,0.7226212645207059,0.4926851851851851,0.4157407407407407,0.0,0.0396825396825396,0.0714285714285714,0.0119047619047619,0.0,0.0,0.0,1
35818.0,"Having a severe panic attack, might be triggering As of today, I've suddenly begun experiencing a sweet taste in my mouth. I'm a long time sufferer of health anxiety, and intrusive thoughts compelled me to start self-diagnosing what the issue could be. While my family has no history of Diabetes, and I eat well, I saw that it could be an early symptom for type 2 diabetes. Since I've seen that, I've convinced myself that that's exactly what it is, and that my life is over. I'll just have to live with a future of crippling health issues from here on out. I can't get it out of my mind, and the fear of that is overwhelming me. I'm hyperventilating, and I don't know what I can do to put my mind at ease. I know it's probably nothing in reality, but this idea claws at the back of my mind, going ""What's wrong with looking out for your health? It's better to catch these things early"" and it compels me to look further into it, which further perpetuates the cycle. I'm so tired, and scared, and I don't know what to do.

EDIT: Since I've now read that additional symptoms are excessive drinking and bathroom visits, I'm obsessing over that and am afraid to do either.",Anxiety,0.9731543624161074,0.8181818181818182,0.0,0.0,0.0,0.0,0.0113192037678841,0.2764976958525346,0.6541976675334037,0.5040106951871658,0.5308823529411765,0.0,0.0599078341013824,0.0599078341013824,0.0345622119815668,0.0,0.0,0.0,1
35827.0,"Chest pains, like usual. Howdy! I’m 18 and I suffer from severe Cardiophobia :( I’ve gone to the ER before and had an EKG done, it obviously came out normal. 
Wednesday I saw a new primary doctor and brought up my issue with my chest pains, they did an EKG, chest xray, and blood work and everything came out normal (besides my LDL cholesterol which is 11 points high) yet I still can’t get over this??? 

My rational part of my brain thinks it’s chest inflammation and purely muscular issues but my anxiety forces me to believe it’s a heart attack.


I also have shortness of breath sometimes (like right now) and I’ve been slightly dizzy lately.

Is there any way to cope with this? 


(FYI I have very tense shoulders and I believe I have GERD, I’ll be picking up my prescribed pills for it tomorrow)",Anxiety,0.6593959731543624,0.5530303030303031,0.0,0.0,0.0341463414634146,0.032258064516129,0.0113917467813571,0.1836734693877551,0.7272830920077529,0.4820716783216783,0.5382251082251082,0.0136054421768707,0.0204081632653061,0.1360544217687075,0.0306122448979591,0.0,0.0,0.0,1
35830.0,Does anyone else get scared that a medical test failed to pick up your disease / problem? Damn you HA. I had an MRI done to check for MS and it came back normal. But I had to get up and use the bathroom in the middle of it and now I'm worried.,Anxiety,0.1971476510067114,0.196969696969697,0.0,0.0,0.0,0.0,0.0086218098653776,0.3018867924528302,0.8060503847370086,0.465,0.19,0.0,0.0377358490566037,0.0188679245283018,0.0,0.0,0.0,0.0,1
35834.0,"Nervous About Heart Catheterization So, I’ve (42M) been dealing with chest pain off and on I had a stress test that was ok in December. I’m still having symptoms, so the cardiologist wants to do a catheterization this week. I’m nervous about what that will be like. Has anyone here had one that can share what I should expect?",Anxiety,0.2667785234899329,0.2196969696969697,0.0,0.0,0.0146341463414634,0.0,0.0118539011065975,0.2372881355932203,0.8257740744247704,0.675,0.3,0.0677966101694915,0.0338983050847457,0.0,0.0,0.0,0.0,0.0,1
35843.0,"Can’t stop worrying about severe illness, cancer, surgery, and anesthesia failure - think I’m going to jinx it happening by stopping worrying about it. This is pretty superstitious, but basically it’s the fear of the fact that often things happen when you least expect them, so I’m afraid to stop expecting them to happen in order to control them into not happening. 

The other thing is that if I stop worrying about them, I get comfortable and attached to my lifestyle, and then if something happens, it’s going to be more of a letdown. This already happened this year. I got a very small Pilonidal Cyst (now on track to get a minor procedure to remove it), and at first I was devastated - mostly because for a while I had forgotten about the possibility of these things happening, so there was more of a shock value. I’m afraid of the shock factor of enjoying my life and being hit with cancer versus expecting it all along and hopefully mitigating a bit of it.",Anxiety,0.8003355704697986,0.6553030303030303,0.0,0.0,0.0292682926829268,0.0,0.0118267312624679,0.2873563218390804,0.6337250369228793,0.5208333333333334,0.5591666666666667,0.0,0.0977011494252873,0.0632183908045977,0.0258620689655172,0.0,0.0,0.0,1
35845.0,"Am i having a seizure? I have been having extreme HA for the past month but last week i have been having really weird symptoms. I have been waking up after 1 or 2 hours of sleep at night shaking and sweating intensely while also feeling confused and scared, this last for 30min to an hour then i calm down and go back to sleep. I have had this happen to me 3 times now and im really scared that this is some sort of seizure and that i have a brain tumor. Im freaking out so much and i really dont know what to do.",Anxiety,0.4236577181208054,0.3977272727272727,0.0,0.0,0.0,0.0,0.0094664483601018,0.2452830188679245,0.679983134816064,0.4872863247863248,0.4401709401709401,0.0,0.0943396226415094,0.0377358490566037,0.0566037735849056,0.0,0.0,0.0,1
35868.0,"Basically convinced at this point that I won’t grow old. I started having hypochondria around age 19. Ironically, it started right after I recovered from anorexia/bulimia. I’m 22 now. I can’t believe it’s been YEARS now of health anxiety. I don’t even know what symptoms are serious or not anymore. I’m in pain everyday and I don’t know what’s physical or not. I’m sick of going to the doctor. I’m sick of being in pain &amp; asking for reassurance. I’ve almost 100% convinced that I will die in my 30’s of cancer. (And no I have never been diagnosed with cancer). It doesn’t help that I’ve had two relatives die of cancer so far and my uncle has stage 4 cancer right now. I take care of my health the worst thing I do is vape. I’m convinced it’s giving me cancer and I vividly imagine my lungs rotting away inside me. My chest hurts everyday.",Anxiety,0.700503355704698,0.5871212121212122,0.0,0.0,0.0780487804878048,0.0,0.0113989545807727,0.1858974358974359,0.6837129351095831,0.4502480158730159,0.6454365079365079,0.0,0.0897435897435897,0.0641025641025641,0.0192307692307692,0.0,0.0,0.0,1
35870.0,"Help with your HIV, STD anxiety I recently got a full STD test done which included blood work for HIV and Syphilis, and let me tell you I haven’t felt anxiety like this in a good while. I was constantly checking my online health portal and refreshing my email to see if my results came in. The whole week was nothing but dread. Because of my depression and anxiety I have engaged in some risky and self destructive behavior in the past. Last night night results came in clean and negative thankfully! I just wanted to share an article with you that really helped me and puts things in to perspective. I really hope this helps and makes things better for those of you in a similar situation. Be safe and get tested and you will be fine I promise! Life goes on and is too short to be spent worrying. Enjoy!

[YOUR HONEST-TO-GOD GUIDE TO STDS](https://markmanson.net/std-guide)",Anxiety,0.7055369127516778,0.5946969696969697,0.2,0.0,0.0048780487804878,0.0,0.0112938940614429,0.2784810126582278,0.6747047592108054,0.5645833333333333,0.4404761904761906,0.0126582278481012,0.050632911392405,0.0822784810126582,0.0379746835443038,0.0,0.0,0.0,1
35952.0,feeling overwhelmed and wanting to die i tried to kill myself today all i wanted was my boyfriend to help me somehow since he sees me on this depression spiral but all he says is it will get better i know it will but currently i feel trapped in my own home i have no friends and i constantly feel weak or unmotivated i have no desire to have sex with my partner and tend to find the worst in him lately i love him but some things he does amplifies my depression i dont want to die but when i get hurt lonely or overwhelmed the one thought i cant shake is killing myself,Suicidal,0.4706375838926174,0.4318181818181818,0.0,0.0,0.0,0.0,0.0098365073661516,0.2,0.6156424581005587,0.4958333333333333,0.5731481481481482,0.0347826086956521,0.0782608695652174,0.0869565217391304,0.0521739130434782,0.0,0.0,0.0,2
35970.0,my girlfriend left me i hate college i have no direction in life i just want to go to sleep and never wake up ive been thinking about suicide a lot recently and different methods the only reason i havent done it so far is because i am too much of a pussy i have access to enough drugs to overdose on i live near plenty of tall buildings i am seeing a therapist and psychiatrist all the pills they ve given me have only exacerbated my symptoms i dont care about leaving everything behind because i dont want to hurt the people around me but why should i go on living my shit life just so others arent inconvenienced one of these days i ll be drunk enough to finally pull the trigger figuratively literally,Suicidal,0.5838926174496645,0.5113636363636364,0.0,0.0,0.0,0.0,0.0106192270296548,0.1838235294117647,0.6749917844232666,0.4573863636363636,0.6468750000000001,0.0147058823529411,0.0514705882352941,0.0955882352941176,0.0661764705882353,0.0,0.0,0.0,2
35999.0,i cannot wait for my mum to fucking die all i wait is for her to die then i am going to lie under the train that very day and foolow suiti cannot wait i would kill her to be able to kill myself sooner but we are two in a very intimate relationship in short i can not kill her guns are forbiden in my country i have got only a knife or a brick to do it and so i cant do it it s very bloody and slow method cannot do anything my tonsils stink i hate human stench in all forms except dashas shits i hate my body hate arteries these nose and lips and saliva and eyes and all i hate human body except dashas one i want to fuck and to be with my dasha,Suicidal,0.5343959731543624,0.5303030303030303,0.0,0.0,0.0,0.0,0.0085453177812945,0.2624113475177305,0.5625817187685724,0.3486666666666667,0.6403333333333333,0.0,0.0212765957446808,0.0992907801418439,0.0106382978723404,0.0,0.0,0.0,2
36060.0,i think its tonight because i dont care and i have nothing left i dont care i had something so great so promising and they stripped it down past the bone into splinters then pissed on the splinters i dont want happiness i dont want dreams i dont care that if i post a note everyone will desperately try to stop me i know they ll care when i am about to die or dead i am numb i am no longer scared and the hurt is too much i gotta go i have nothing left i had a lot of love to give but its gone with me i just wanted someone to hear me before the end,Suicidal,0.4538590604026846,0.4469696969696969,0.0,0.0,0.0,0.0,0.0086840521332499,0.1680672268907563,0.6112858551241726,0.5247685185185185,0.4324074074074074,0.0,0.0672268907563025,0.0336134453781512,0.0126050420168067,0.0,0.0,0.0,2
36061.0,RT @Mylingo11: Never get too attach cause people wake up with different feelings everyday.,Suicidal,0.0687919463087248,0.0492424242424242,0.0,0.0,0.0,0.0,0.0151515151515151,0.0714285714285714,1.0,0.45,0.6,0.0,0.0,0.0,0.0,0.0,0.0,0.0,2
36062.0,do you ever feel empty and you had to pick a number from 15 depending how you feel about it i could write my funeral speech now but what is the point in afew years i would be forgotten anyway,Suicidal,0.1535234899328859,0.1477272727272727,0.0,0.0,0.0,0.0,0.009297520661157,0.225,0.8972067039106145,0.45,0.5,0.0,0.025,0.1,0.0,0.0,0.0,0.0,2
36108.0,every day just brings me closer to death i am 21 years old working student i want to kill myself life is unbearable i have no skills not talents and i am absolutely boring person so i spend most of my free time alone i really want to find a girlfriend but i see no way how could i find one when i am useless like this i used to go away from sadness by listening to music but these days i am bored of music and just want to go to sleep and never wake up,Suicidal,0.3724832214765101,0.3636363636363636,0.0,0.0,0.0,0.0,0.0088502172616511,0.1752577319587628,0.6820825894142717,0.4428571428571428,0.5571428571428572,0.0,0.0515463917525773,0.0824742268041237,0.0309278350515463,0.0,0.0,0.0,2
36134.0,"RT @Raptors_22: I quit, I keep grinding but still fucking suck. I no life something and I still fucking suck. Iâm never gonna get into @Faâ¦",Suicidal,0.1132550335570469,0.0946969696969697,0.0,0.0,0.0292682926829268,0.0,0.0118404322949777,0.0384615384615384,0.7627847013321875,0.2,0.8,0.0,0.1538461538461538,0.0,0.0,0.0,0.0,0.0,2
36141.0,"@homerunderbyemo,,Just checked out that Homerun Derby EP, it SLAPS https://t.co/lrHB1FDz6t",Suicidal,0.0562080536912751,0.034090909090909,0.2,0.0,0.0,0.0,0.0189393939393939,0.2,1.0,0.5,0.0,0.0,0.1,0.1,0.0,0.0,0.0,0.0,2
36152.0,after failing once this is how i feel i wish that suicide was funded by the government i wish guns for suicide would be like condoms given to teens so if they are going to do it they do it right i wish euthansia was legal i wish that i wouldnt have to fear buying poison or a gun off the black market because if i get caught my life would get worse,Suicidal,0.285234899328859,0.2727272727272727,0.0,0.0,0.0,0.0,0.0092314804332238,0.2602739726027397,0.7042932578250555,0.4898809523809523,0.4422619047619047,0.0273972602739726,0.0547945205479452,0.0684931506849315,0.0,0.0,0.0,0.0,2
36154.0,i am looking for someone to talk to all i want to do is die,Suicidal,0.0427852348993288,0.053030303030303,0.0,0.0,0.0,0.0,0.0065426997245179,0.3333333333333333,0.794413407821229,0.5,0.0,0.0,0.0666666666666666,0.0,0.0,0.0,0.0,0.0,2
36162.0,i am worried i might lose it tomorrow i cant really tell anyone for fear of worrying them i will be one year and eleven months clean and sober tomorrow i am going to be off my methadone maintenance program in two weeks i am going to walk home from the court pack all my things and clean my apartment and say my goodbyes its just too much i am really hoping it doesnt come to that i hope so fucking much i dont want to kill myself i dont want to do that to anyone i am not strong enough to start over again my chest feels like its going to explode with anxiety i feel like i am going to break down crying in front of the judge tomorrow practically pleading for my life,Suicidal,0.5528523489932886,0.5113636363636364,0.0,0.0,0.0,0.0,0.0096823853508345,0.213235294117647,0.599408478475189,0.5430555555555555,0.4322222222222223,0.0147058823529411,0.0735294117647058,0.0808823529411764,0.0330882352941176,0.0,0.0,0.0,2
36246.0,i am empty i ve been focusing on school and work but every day i feel worse and worse last night i got blackout drunk didnt help made me feel even worse i know that my loneliness comes mostly from my conscious decisions cant live with people cant live without them the only reason i havent killed myself yet is that i fear the pain,Suicidal,0.2709731543624161,0.2424242424242424,0.0,0.0,0.0,0.0,0.0103570671752489,0.1538461538461538,0.7627847013321875,0.453030303030303,0.5305555555555556,0.0,0.0307692307692307,0.1076923076923077,0.0461538461538461,0.0,0.0,0.0,2
36249.0,"Please retweet my Weed G. Board!!! The coolest adult cartoon. I'm tired of living the worst times of my life, pleaâ¦ https://t.co/jxWJLxgT9x",Suicidal,0.098993288590604,0.0795454545454545,0.2,0.0,0.0146341463414634,0.032258064516129,0.0126471324818432,0.1818181818181818,0.8598273235144743,0.2833333333333333,0.6666666666666666,0.0,0.1363636363636363,0.0909090909090909,0.0,0.0,0.0,0.0,2
36312.0,preparing for death letting things go i just have one last thing to let go of not trying to get people to panic and attempt to save me as if they could just feels good to be real somewhere to share whats going on to wonder if it will make someone else feel less alone perhaps just me,Suicidal,0.2307046979865772,0.2159090909090909,0.0,0.0,0.0,0.0,0.0096299990500617,0.2413793103448276,0.8050471970718551,0.5916666666666667,0.2583333333333333,0.0,0.0862068965517241,0.0344827586206896,0.0,0.0,0.0,1.0,2
36319.0,I need a job that revolves around promoting mental health but I think itâs so grimy to make money off of that ð¤·ââï¸â¦ https://t.co/h9QSTVZxxf,Suicidal,0.1082214765100671,0.0871212121212121,0.2,0.0,0.0926829268292682,0.0,0.0125688705234159,0.2083333333333333,0.914338919925512,0.45,0.2,0.0,0.0833333333333333,0.125,0.0,0.0,0.0,0.0,2
36336.0,i m not safe with myself i have been suicidal for a while now i have made 4 attempts this year and yet nobody seems to get it i honestly cant say if i am going to kill myself today i keep breaking down crying and i dont know why i hate myself,Suicidal,0.1963087248322147,0.196969696969697,0.0,0.0,0.0,0.0,0.0085568376734757,0.1698113207547169,0.7672604616844103,0.4194444444444444,0.6377777777777778,0.0,0.0566037735849056,0.1132075471698113,0.0283018867924528,0.0,0.0,0.0,2
36337.0,"Iâm so much happier &amp; better off without you weak , fake lames ð leave me alone , I donât need you anyway #bigslime ð",Suicidal,0.1023489932885906,0.0909090909090909,0.0,0.0,0.0634146341463414,0.0,0.0108126721763085,0.0,0.9177653631284916,0.478125,0.58125,0.0,0.04,0.04,0.0,0.0,0.0,0.0,2
36351.0,i am going to kill myself this weekend i dont see any reason to stay alive nothing has changed enough to make me want to stay i was raped as a kid and now all i am to people is a sex object good bye everyone,Suicidal,0.1669463087248322,0.1704545454545454,0.0,0.0,0.0,0.0,0.0083393220744999,0.2608695652173913,0.776536312849162,0.6333333333333333,0.5,0.0,0.0869565217391304,0.0652173913043478,0.0,0.0,0.0,0.0,2
36380.0,health anxiety prompting some bad thoughts in my head i have been struggling for 2 months now with some health issues as a 26 year old male my pessimistic nature just makes me think about the worst my hands and feet are currently tingling and burning i just keep picturing myself on a wheelchair being a burden to my family girlfriend and so on suicide thoughts come to my mind as i prefer to put a sudden end to everything instead of deteriorating myself day after day losing motor and cognitive functions life is already hard as it is and now my health is failing for the first time,Suicidal,0.4832214765100671,0.4090909090909091,0.0,0.0,0.0,0.0,0.0112499052240503,0.2752293577981651,0.6982215160678591,0.3973958333333333,0.4677083333333333,0.0,0.091743119266055,0.110091743119266,0.0275229357798165,0.0,0.0,0.0,2
36392.0,"RT @mjs03093641: TWEETS are the real life, awkward conversation starters between strangers.",Suicidal,0.0696308724832214,0.0416666666666666,0.0,0.0,0.0,0.0,0.0191689623507805,0.1666666666666666,1.0,0.4,0.65,0.1666666666666666,0.0,0.0833333333333333,0.0,0.0,0.0,0.0,2
36408.0,in debt i will kill myself on thursday i am going to stab myself in the stomach or take a lot of pills i m not sure which to do yet sorry for spelling and grammar i am sure nobody here cares anyways,Suicidal,0.1593959731543624,0.1590909090909091,0.0,0.0,0.0,0.0,0.0087049138317637,0.2558139534883721,0.8087566584383526,0.4583333333333333,0.925925925925926,0.0,0.0465116279069767,0.0697674418604651,0.0,0.0,0.0,0.0,2
36436.0,i can t do this anymore i have no hope i m a senior in college and i just want to die i don t fit in and i feel like no one cares about me everyday i wake up and i try to tell myself that today is a new day but it doesn t work i hate everything about myself and i feel so alone i have no one i don t care how i look and i don t even want to get up in the mornings i just want to end it all end all the suffering and the pain i just want to feel nothing for my anxiety and depression to leave me alone i don t know where to turn but i just can t keep doing this anymore,Suicidal,0.4697986577181208,0.5075757575757576,0.0,0.0,0.0,0.0,0.007282420161208,0.2148148148148148,0.4898406786674942,0.4420454545454545,0.5886363636363636,0.0148148148148148,0.0296296296296296,0.0444444444444444,0.0,0.0,0.0,0.0,2
36487.0,cheated on my gf drunk and now i wanna kill myself didnt know what i was doing was shitfaced drunk an d now i am all alone with no gf and my friends hate me for cheating i dont want to feel pain anymore,Suicidal,0.162751677852349,0.1628787878787879,0.0,0.0,0.0,0.0,0.0086557726020535,0.2045454545454545,0.7897409852717114,0.2,0.9666666666666668,0.0,0.0909090909090909,0.0454545454545454,0.0,0.0,0.0,0.0,2
36498.0,i sexually harassed my crush i feel like there is no place for me in the world for a long time now about half a year i have been touching my crush who is not interested in me without consent i work alongside him and we are both part of a very tight group of friends so he has to see me every day and every single time i try to touch him stare at him and sometimes even take pictures of him only recently i have realized the implications of what i have done and that i am hurting him i feel like i betrayed him and myself for doing something that is completely against all my values i want to change and i know i can but i amafraid i will lose the will to live if i cant get myself to stop touching him,Suicidal,0.5813758389261745,0.5530303030303031,0.0,0.0,0.0,0.0,0.0092131894079946,0.2244897959183673,0.6014137498574849,0.5454635642135642,0.4696428571428572,0.0,0.0612244897959183,0.0816326530612244,0.0408163265306122,0.0,0.0,0.0,2
36570.0,Fake news just went ballistic. Get ready. You thought fake news was bad? Deep fakesâ¦ https://t.co/LnXcyfRktk,Suicidal,0.072986577181208,0.0568181818181818,0.2,0.0,0.0146341463414634,0.0,0.0134297520661157,0.0625,0.8715083798882681,0.35,0.7133333333333333,0.0,0.0,0.0,0.0,0.0,0.0,0.0,2
36639.0,i have been reading about a group called dignitas in switzerland they provide assisted suicide via drugs that the member you have to become a member administers themselves anyone have any insight on americans travelling there for this purpose apparently they have helped many british and german citizens pass peacefully,Suicidal,0.2609060402684564,0.1856060606060606,0.0,0.0,0.0,0.0,0.0148071625344352,0.2,0.8766480446927374,0.58,0.27,0.0,0.1,0.12,0.06,0.0,0.0,0.0,2
36692.0,i hate my parents so much i want to kill myself to spite them especially my dad i almost do not want to have children because i do not want my dad to become a grandfather just like how he didnt want me to have a girlfriend or friends growing up i dont think i would even goto his funeral if he died i hate you from the bottom of my heart you only had me in order to chain down my mom you hated and ignored yelled at me since i was a little boy and now i hate you forever this hatred is killing me,Suicidal,0.4093959731543624,0.4015151515151515,0.0,0.0,0.0,0.0,0.0087632913673695,0.1869158878504672,0.6541533963347778,0.3087191358024691,0.7098765432098766,0.0,0.0654205607476635,0.0841121495327102,0.02803738317757,0.0,0.0,0.0,2
36742.0,i am not sure if it s normal to consider suicide on a normal basis i m an engineer for a larger corporation and lately i ve been thinking what s the point at all,Suicidal,0.1283557046979865,0.1287878787878787,0.0,0.0,0.0,0.0,0.00870720188902,0.2857142857142857,0.8531524341580207,0.475,0.6577777777777778,0.0571428571428571,0.0285714285714285,0.0857142857142857,0.0428571428571428,0.0,0.0,0.0,2
36750.0,i have bipolar 2 disorder and i have become hyper aware of my mood swings they get bad enough where i can barely get out of bed talk to my friends or even work and during the manic episodes i dont sleep maybe 34 hours at night my mind races i make highly unrealistic goals and then get hit again with the crippling depression,Suicidal,0.2659395973154362,0.2386363636363636,0.0,0.0,0.0,0.0,0.0103090564738292,0.171875,0.7912011173184358,0.41,0.5033333333333333,0.03125,0.046875,0.09375,0.046875,0.0,0.0,0.0,2
36770.0,so i have been in a suicide rehab center for the last month i am just over life it is not sadness or depression i just give up it would just be easier to be dead,Suicidal,0.1283557046979865,0.1325757575757575,0.0,0.0,0.0,0.0,0.0082644628099173,0.3055555555555556,0.8286778398510243,0.45,0.1888888888888888,0.0555555555555555,0.0,0.0,0.0,0.0,0.0,0.0,2
36785.0,muttering i wanna die to myself daily for a few months now i feel worthless shes my soulmate i cant live in this horrible world without her i am so lonely i wish i could just turn off the part of my brain that feels,Suicidal,0.1736577181208053,0.1666666666666666,0.0,0.0,0.0,0.0,0.009297520661157,0.1777777777777777,0.8629422718808194,0.3363636363636363,0.5333333333333333,0.0,0.0222222222222222,0.0888888888888888,0.0666666666666666,0.0,0.0,0.0,2
36799.0,everything is okay but nothing feels okay i ve always been a bit unhappy as a kid too i think although i can t remember much of my childhood i dont want to kill myself but sometimes that thought just comes creeping and it scares me a little a few weeks ago a problem came up it was a financial problem quite fixable but i just couldn t handle it i tied myself a noose and everything i was gonna do it i was all alone in the house with my dog so there was really no one that would be able to stop me i didnt do anything but i felt like i could have done it completely on impulse over a fixable problem leaving behind everything i love and my hopeful future i feel it now too creeping up on me everything should be fine but i cant help the feeling that i should just do it like everything would be easier for everyone if they would just realize how little they need me,Suicidal,0.7197986577181208,0.662878787878788,0.0,0.0,0.0,0.0,0.0097318745304282,0.2272727272727272,0.5794819705434231,0.5347222222222222,0.4233333333333333,0.0,0.0738636363636363,0.0625,0.0170454545454545,0.0,0.0,0.0,2
36868.0,i keep repeating to myself kill yourself kill yourself do it already i am ready to listen to my inner thoughts i have attempted in the past but at the last moment either i live through it just in a hellblaze of pain becoming a even bigger failure or my body stops me my mind screams to do it but sometimes my body just stops me sometimes my body will give up on life and i ll lay there wanting to shed a tear yet i know no one will care so i lay quietly in the darkness for days on end i try to drown out the voices with all i have left music but recently i dont care to listen to all i have to do what has stuck with me for all my life i am ready to listen to the voices i m ready to listen to my inner shouts if only i had easier access to guns my life would be so much harder but i dont instead i have to go out in either a more painfull way i hope others continue to have the will to carry on but sadly i think i lost mine,Suicidal,0.7701342281879194,0.7613636363636364,0.0,0.0,0.0,0.0,0.0085713116766222,0.2277227722772277,0.5063886276895846,0.514436026936027,0.4101851851851852,0.0099009900990099,0.0247524752475247,0.1188118811881188,0.0297029702970297,0.0,0.0,0.0,2
36872.0,"@Jane_rodriguezz,Cotulla, TX // Lacoste, TX,RT @jaemverse: i just dont want to be here anymore",Suicidal,0.0721476510067114,0.0492424242424242,0.0,0.0,0.0,0.0,0.0161353797717434,0.1428571428571428,1.0,0.5,0.0,0.0,0.0,0.0,0.0,0.0,0.0,0.0,2
36911.0,i ll be dead just you wait and see my last words before my death for whoever is interestedi am sorry but youre better off without me youll learn to live without me it wont be difficult now i shall die,Suicidal,0.1610738255033557,0.1515151515151515,0.0,0.0,0.0,0.0,0.0096502721225559,0.1707317073170731,0.8746423218422128,0.453030303030303,0.5777777777777778,0.0,0.0,0.073170731707317,0.0,0.0,0.0,0.0,2
36913.0,feeling numb hate my job i hate waking up everyday i feel nothing feel like i am on autopilot i got dumped 3 months ago almost from a 4 year relationship nothing cheers me up anymore my parents are in another state so i just can t go see them whenever i want i don t know if i could actually end it myself but i do dream of other ways like a car hitting me and killing me instantly i sometimes think of just taking a bunch of pills and letting that be it,Suicidal,0.3741610738255033,0.3560606060606061,0.0,0.0,0.0,0.0,0.0092612730172538,0.1684210526315789,0.7294913260805644,0.3196428571428571,0.6488095238095238,0.0,0.0947368421052631,0.0526315789473684,0.031578947368421,1.0,0.0,0.0,2
36970.0,my unofficial diagnosis is bipolar schizoaffective disorder it was a nightmare with so much trial and error with all sorts of therapies my medication a cocktail of about 20 pills a day has gotten me to a point where i can function day to day i dont know how i feel right now all i know though is i want it to stop,Suicidal,0.2558724832214765,0.2348484848484848,0.0,0.0,0.0,0.0,0.0099315667497485,0.2698412698412698,0.7063048683160416,0.6214285714285714,0.3678571428571429,0.0634920634920634,0.0,0.1111111111111111,0.0,0.0,0.0,0.0,2
37118.0,@WarcraftDevs can u do something about demo holy fucking SHIT its been months without ANYTHING done do u not realiâ¦ https://t.co/g4m6reGxUg,Suicidal,0.098993288590604,0.0757575757575757,0.2,0.0,0.0146341463414634,0.0,0.0135937295028204,0.0,0.902101622772014,0.4,0.8,0.0,0.1428571428571428,0.0476190476190476,0.0714285714285714,0.0,0.0,0.0,2
37135.0,RT @MuffetMcGraw: Congratulations to Vivian stringer on your 1000th win tonight. An amazing accomplishment for an amazing woman. You staâ¦,Normal,0.1098993288590604,0.0719696969696969,0.0,0.0,0.0146341463414634,0.0,0.0168732782369146,0.25,0.8972067039106145,0.8333333333333333,0.7333333333333334,0.1,0.1,0.0,0.0,0.0,0.0,0.0,0
37155.0,i cant live in this world ok its too much its too bad and too evil and i cant handle it anymore theres so much more evil in the world than good almost everyone is just apathetic about all the suffering in the world or people actively contribute to it people harass hate and kill each other for no reason people get killed by natural disasters and most people dont give a shit at all they just think whatever better them than me and move on with their lives,Suicidal,0.3758389261744966,0.3333333333333333,0.0,0.0,0.0,0.0,0.0104505215587953,0.2584269662921348,0.7228045948151403,0.468063446969697,0.5651041666666667,0.0,0.0224719101123595,0.0449438202247191,0.0168539325842696,0.0,0.0,0.0,2
37158.0,"RT @RMFifthCircuit: This is truly a horrifying article. Most of us don't have the underlying ""deep hereditary, mental health disorder"" thaâ¦",Suicidal,0.1115771812080536,0.0757575757575757,0.0,0.0,0.0146341463414634,0.0,0.016053391053391,0.238095238095238,1.0,0.4375,0.525,0.0,0.0952380952380952,0.0952380952380952,0.0714285714285714,0.0,0.0,0.0,2
37254.0,with my financial situation getting worse so does my mental health suicide is my plan z and i feel like i am about to reach plan z i think i should have just committed suicide at 15 years old when i thought about it a lot now i grew up and i made my life worse,Suicidal,0.2114093959731543,0.2083333333333333,0.0,0.0,0.0,0.0,0.0088178866587957,0.1428571428571428,0.7246608140462889,0.42,0.32,0.0357142857142857,0.0357142857142857,0.1071428571428571,0.0,0.0,0.0,0.0,2
37260.0,"Hooraaaaaaaaaay!!!!!!!! Proud to have been an itty bitty droplet in this ð. Congratulations @joshua_harder, youâ¦ https://t.co/rA4Xj5oWVf",Normal,0.098993288590604,0.0568181818181818,0.2,0.0,0.0341463414634146,0.032258064516129,0.0201015840220385,0.25,1.0,0.9,1.0,0.0,0.0,0.125,0.0,0.0,0.0,0.0,0
37265.0,Big Law Killed My Husband': An Open Letter From A Sidley Partner's Widow https://t.co/fm1oCvjRYy #Suicide #Depression #Shame,Suicidal,0.084731543624161,0.0606060606060606,0.2,0.0,0.0,0.0,0.015050234970021,0.1764705882352941,1.0,0.4666666666666667,0.1999999999999999,0.1176470588235294,0.0588235294117647,0.1176470588235294,0.0,0.0,0.0,0.0,2
37274.0,@KDwow_ sorry I keep missing u kd u don't need to apoligise for nothing we all have bad days an what u are dealingâ¦ https://t.co/aaKsXzHZoT,Suicidal,0.098993288590604,0.0909090909090909,0.2,0.0,0.0146341463414634,0.0,0.0102617079889807,0.16,0.9177653631284916,0.2666666666666667,0.5722222222222223,0.0,0.12,0.04,0.0,0.0,0.0,0.0,2
37316.0,RT @dcostaroberts: The Pentagon spent millions to prevent suicides. But the suicide rate went up instead. https://t.co/D7BaGVTi9h,Suicidal,0.0889261744966442,0.0606060606060606,0.2,0.0,0.0,0.0,0.0160630367849619,0.1764705882352941,0.939533355241538,0.45,0.1,0.0,0.0,0.0,0.0,0.0,0.0,0.0,2
37329.0,why is mankind afraid of death lately i am asking myself more often and often why do we fear death nowdays back in the middle ages for example of course you fear getting in hell and stupid shit like that but today even if it is completly painless why would you struggle to just end it all i myself am not suicidal i would say even if i think about it more than often to just quit go the pussy but easy way why should i struggle with life instead of going the easy route personally i think its because mankind fears the unkown we dont know whats after death because none really came back from actual death and reported about it like actual clinical dead but is is really the only reason like i know i am not going to kill myself yet and it probably stays that way because i am just too much of a pussy to be a pussy if you get what i mean,Suicidal,0.6954697986577181,0.6363636363636364,0.0,0.0,0.0,0.0,0.0098435946338044,0.2130177514792899,0.5377342897755446,0.5013541666666667,0.4577083333333333,0.0,0.029585798816568,0.1420118343195266,0.0621301775147929,0.0,0.0,0.0,2
37349.0,"sis, don't. my life isnt how you think it is. my life is a miserable.",Suicidal,0.0511744966442953,0.053030303030303,0.0,0.0,0.0,0.0,0.0088383838383838,0.2,0.8629422718808194,0.0,1.0,0.0,0.0,0.1333333333333333,0.0,0.0,0.0,0.0,2
37358.0,i think my moment is coming it seems that the pieces of my life are already set it seems that fate so wants my mom will leave the house for a while for her work seems to be my opportunity to be free nobody cares if i die every day i get up and i think about suicide and how to carry it out i wish i had a gun i think i will find a way to do it ive already lost everything i can not enjoy my music like before the girl i like is in love with someone else i have no friends and i never had a girlfriend that disgust of life maybe is better leave this place,Suicidal,0.4580536912751677,0.4583333333333333,0.0,0.0,0.0,0.0,0.0084338165560222,0.2786885245901639,0.6208443996702995,0.64,0.5,0.0163934426229508,0.0163934426229508,0.1147540983606557,0.0,0.0,0.0,0.0,2
37386.0,"@MoeruItami,[#XB2RP | #MVRP],yeah, fuck it. im logging out. ill maybe make another account some other time and follow people i like but i really dont want to be here anymore. i dont enjoy the verse, waaay too toxic.",Suicidal,0.1736577181208053,0.1401515151515151,0.0,0.0,0.0,0.0,0.0123423227490213,0.1052631578947368,0.9188473978241694,0.4575,0.535,0.0,0.0263157894736842,0.0789473684210526,0.0394736842105263,0.0,0.0,0.0,2
37420.0,ptsd and alcohol i had some extremely horrible violent stuff happen to me a few years ago i was 21 nowi am26 i forgot about repressed it or whatever for several years something unrelated one day made me remember everything it all came flooding back into my mind and it was like i was reliving it all and felt like i was having a never ending panic attack for about 4 days this buried trauma explained a lot about why my alcohol pornography cigarette usages were all insanely high to the point they fucked up my life and relationships with people close to me in signifigant waysi amafraid to talk about what happened to anyone even people i trust like my family or a potential therapist due to extreme irrational paranoia about the people involved finding out and hurting me again and sometimesi amjust completely consumed by negative horrible thoughts and cant escape them i tried getting a sliding scale therapist a couple years ago and even t and gave up on the idea of therapy i dont know what to do i dont want to give up,Suicidal,0.8531879194630873,0.7083333333333334,0.0,0.0,0.0,0.0,0.0115614559521716,0.2393617021276596,0.6445976464994652,0.3503846153846154,0.5780769230769232,0.0,0.101063829787234,0.0904255319148936,0.0319148936170212,0.0,0.0,0.0,2
37422.0,buying a gun tomorrow since stores are closed i ll spare you the details of my life since no one will give a shit anywayi amjust done with everything nothing helps yes i am well aware that i m not alone it doesnt make a shit of difference nothing can be done and i m sick of wasting life time money air as much as i love the people in my life they arent worth living with this shit nor are they of any help because they dont know what to do i tried knives but i cant bring myself to draw blood,Suicidal,0.4068791946308724,0.3863636363636363,0.0,0.0,0.0,0.0,0.0092841477439888,0.2233009708737864,0.7305418452025818,0.4772321428571428,0.5383928571428571,0.0,0.087378640776699,0.0679611650485436,0.0,0.0,0.0,0.0,2
37448.0,if i am not happy by age 25 i think its best that i just die i am 19 years old i have had anxiety my entire life and depression since i was 12 and its gotten worse and worse over the years add misophonia to that and it makes life torture its especially bad now because i dont know what the fucki am doing in life the only reason i have to live is for my friends and family and because i am too scared to die which is ironic because i wish i was dead most of the time or at least i wish i had never been born but life is scary too anyway if things dont get better in the next 5 years then i fucking quit or maybe i ll pussy out like the pathetic piece of shit coward i am i dont know,Suicidal,0.5654362416107382,0.5606060606060607,0.0,0.0,0.0,0.0,0.008553349233642,0.2147651006711409,0.5929661430017622,0.4325358851674641,0.6381578947368421,0.0134228187919463,0.0201342281879194,0.0738255033557047,0.0302013422818791,0.0,0.0,0.0,2
37534.0,RT @uglythxughts: Im tired of everything that is going on in my life,Suicidal,0.0503355704697986,0.0454545454545454,0.0,0.0,0.0,0.0,0.0110457724094087,0.3846153846153846,1.0,0.3,0.7,0.0,0.2307692307692307,0.0769230769230769,0.0,0.0,0.0,0.0,2
37596.0,seems like instead of me hoping i ll live past 27 i am praying i ll live past 20 i have really all but given up right now each and every day i think about disappearing from the world more and more as if its becoming an actual option,Suicidal,0.1879194630872483,0.1818181818181818,0.0,0.0,0.0,0.0,0.0091429133636925,0.1428571428571428,0.8111959867745981,0.5854220779220779,0.4185714285714285,0.0408163265306122,0.0816326530612244,0.0816326530612244,0.0306122448979591,0.0,0.0,0.0,2
47099.0,"What is this feeling...is this depression? me M(19) single i have good, supportive , loving,parents a sister that i love good friends (tbh could'nt ask for more ) i go out with friends , i goo to gym daily ,play video games ,i play sports and that moment i enjoy those things but when iam alone ,by myself (for example in shower or taking a bus ride from school to home )deep down i feel sad , empty and kinda lost its like someting is missing i have every thing a teenager could ever ask for but iam not happy in a way though .......cant find what is this plz some one tell me what is this feeling that comes up every npw and then?",Depression,0.5234899328859061,0.4696969696969697,0.0,0.0,0.0,0.064516129032258,0.0102066115702479,0.216,0.7286256983240224,0.5668934240362812,0.5180839002267573,0.016,0.04,0.08,0.012,0.0,0.0,0.0,2
47111.0,"Please someone help me I lost my mind over a girl. I can't seem to stop thinking about her. All of my ""friends"" are choosing her over me. I have no one here to support me. I don't know what to do. She is driving me insane. I just feel like life is not worth it. I have nothing to live for. Please, someone help me. I'm losing my mind over this. How do I stop thinking about her. Please, anything will help.",Depression,0.3338926174496644,0.3106060606060606,0.0,0.0,0.0,0.0,0.0096543197583723,0.108433734939759,0.6779969038163828,0.331060606060606,0.5333333333333333,0.0,0.0843373493975903,0.036144578313253,0.0,0.0,0.0,0.0,2
47118.0,"need help with SSRI nausea I was wondering if anybody has had nausea with one SSRI but not with some other one?

I am taking Zoloft and nausea is pretty bad, even with the one half of 50 mg tablet. I dont know if switching SSRIs would be beneficial or this side effect would remain the same?

What is interesting is that I have taken Zoloft 15 yeras ago with absolutely no issues at at all, and now I feel like I am taking a poison. I don't understand this at all.

Thanks!",Depression,0.3875838926174497,0.3484848484848485,0.0,0.0,0.0,0.0,0.010208388874078,0.2473118279569892,0.712620892653331,0.4942708333333333,0.4916666666666666,0.0,0.064516129032258,0.043010752688172,0.0161290322580645,0.0,0.0,0.0,2
47123.0,I started to hate myself I am 31 I soon to be 32. I studied two bachelors's degree consequently to escape working. Now i realize that i destroyed my future. I have never planned my future. I am currently mooching off from my elder brother and my mother. I am also now in deep depression. I am so insecure and have zero confidence that it takes massive amount time to open a thread and make a comment. I realize that I have missed so many thing in my life and hate myself for it.,Depression,0.3942953020134228,0.3522727272727273,0.0,0.0,0.0,0.0,0.0103159252095422,0.202127659574468,0.6063235468917152,0.42,0.5725,0.0,0.0744680851063829,0.0851063829787234,0.0319148936170212,0.0,0.0,0.0,2
47163.0,"I look so sad and cold every day. People think I’m rude. I think I’m rude, because I look so cold, too. But the fact is that I’m too depressed and anxious to manage my facial expressions and responses. 

People think I’m weird. (I have SAD, ADHD and several other disorders which make me ‘weird’) I feel so misunderstood. I have BPD, I always feel like I’m abandoned by everyone around me. That makes me super anxious and depressed. 

I’m also anxious about many other silly things and it affects my daily life so badly. I feel like a failure. I’m really depressed. I wish I could just disappear forever. Every day I just wish that I could never wake up again.

I wish I looked more like a normal person so people won’t notice me and talk about me.",Depression,0.6166107382550335,0.5265151515151515,0.0,0.0,0.048780487804878,0.0,0.0110684769775678,0.1214285714285714,0.596169193934557,0.4034722222222222,0.6378472222222221,0.0,0.0214285714285714,0.0928571428571428,0.0321428571428571,0.0,0.0,0.0,2
47166.0,"Confused about reason So, at the current time in my reality, I finished school around 2 years ago and have been jobless since; I've been living with my family. The days have become dull and time-wasting- I feel like my time sleeping and dreaming is more fulfilling and lively for me, than being awake... 


When I wake up, I turn on my computer and- if I'm not doing something with my family, I'll sit for 12-14+ hours a day- with breaks of making food and stuff... 
Everything has become obscurely pointless, I feel like I'm wasting my life on ""temporary"" things... A part of me, just wants to stay in the dark and discover the vast illusion of suffering- while the other part, wants to start and become something grand. 


I despise how society is built, everything feels so complex and demanding. Many times again, I've wished that the world was of a past era- a downgrade, if you will- where economy, complexity, orderliness, greed and money wasn't discovered. 


Anyways, probably gonna feel better tomorrow.",Depression,0.834731543624161,0.6590909090909091,0.0,0.0,0.0,0.0967741935483871,0.0125245966155057,0.2228571428571428,0.7004309656823623,0.5240530303030303,0.4828125,0.0114285714285714,0.0914285714285714,0.0742857142857142,0.0257142857142857,0.0,0.0,0.0,2
47175.0,"I'm struggling to get a reason to keep going It's just so hard. I've been trying to find a way to get better, but I just can't. 

My only goal lately has been to save money in order to move out of my parent's house. That's it. 

I just work and sleep. I miss being a kid.",Depression,0.2172818791946308,0.2121212121212121,0.0,0.0,0.0,0.0,0.0089592093180609,0.2105263157894736,0.7475252376751936,0.4885416666666666,0.6604166666666667,0.0,0.0701754385964912,0.1228070175438596,0.0526315789473684,0.0,0.0,0.0,2
47177.0,"Honestly, I do not want to get better Today psychiatrist prescribed me antidepressants. After she asked if I would take them, I said ""maybe, but honestly I don't know if even want to get better"". Because I, to be completely fair, lost any sense in living, there's no worth in my presence on this world. Nonetheless, she said that my mind is simply trapped in this pesimistic way of thinking, and I have to believe it can and will get better using therapy and medication. 

But at this time, I do not want to. I've had a strong, suicidal episode recently. I'm waiting for it to come back and drive me to an attempt. Seriously, will these thoughts pass by or what? I have a strong sense meds won't help with that and I'm scared if they would actually work. I'll probably start taking them tomorrow.

Can anyone share a similar experience with not wanting to get better?",Depression,0.7181208053691275,0.5946969696969697,0.0,0.0,0.0,0.0,0.0116208111029745,0.2278481012658227,0.6942224736581571,0.5994791666666667,0.4802083333333333,0.0,0.050632911392405,0.0886075949367088,0.0474683544303797,0.0,0.0,0.0,2
47178.0,"Slowly losing my life after covid. I am 29 now. 

I had job, good place to stay, healthy bank balance. Everything one needs until covid hit. 

I got this loud breathing condition which can't really be fixed. I cant really perform in interviews due to this. I lost my golden job in covid period, since then i slowly accepted lower paying jobs. Everyone around me elevated to new heights in meantime I here I am broke and I have nothing left to lose. 

My heath also has taken a hit.

If anyone got any online job opportunity please let me know. 

934nf710nmv6@gmail.com

 here is my email. Or you can PM me. 

Please don't try to scam me, I have nothing left to lose.",Depression,0.5411073825503355,0.4621212121212121,0.0,0.0,0.0,0.0,0.0110780756567896,0.1219512195121951,0.7242131080528682,0.5546401515151516,0.3691287878787879,0.016260162601626,0.065040650406504,0.0975609756097561,0.048780487804878,0.0,0.0,0.0,2
47181.0,Fearing nothing will make me feel better I am unattractive i’ll admit it society doesn’t view me as gorgeous or anything attractive. Society views black women as shrek monsters unless we straighten our hair or are visual mixed. It makes me mad that I’ll never be considered pretty by the mass scale. it always bothers me. I want to leave this planet so bad or die. I don’t ever want to be looked at by anyone ever again.,Depression,0.3456375838926174,0.2916666666666667,0.0,0.0,0.0195121951219512,0.0,0.0113548068093522,0.2435897435897435,0.7891419567397221,0.5421296296296296,0.6388888888888888,0.0,0.0641025641025641,0.0769230769230769,0.0,0.0,0.0,0.0,2
47201.0,"Seeing my family makes me want to die, and I have no good reason for it My family is wonderful. My parents are generous, understanding, kind, and helpful. My little sister is supportive and great. I’m the black sheep, always jealous of her, watching her live the life I was always supposed to live. I pigeonholed myself in life and she is four years younger and doing everything I wanted to do, living the life I wanted to live, and it hurts me so deeply to see it. It makes me want to separate myself from them entirely. I hate that I can’t be happy for her because of my jealousy. I hate that knowing that she is doing everything I wanted to do makes me want to end my life. I want to cut off contact with them completely, but I have no good reason to other than it fucking hurts every single day being a member of the family. I don’t want to be involved at all.",Depression,0.7181208053691275,0.6363636363636364,0.0,0.0,0.0146341463414634,0.0,0.0103937437853521,0.272189349112426,0.5559816204422995,0.5189623917748918,0.6136309523809524,0.0,0.0946745562130177,0.0710059171597633,0.0266272189349112,0.0,0.0,0.0,2
47208.0,"Failure When I was in high school, I always get praised by my parents and others since I am doing well in my studies. But now that I am in my 2nd yr of college, I am failing my courses and I am not learning. We are not financially stable, and my tuition fee is not a joke. I keep on thinking of ending my life since I am a failure and I keep on disappointing my parents and relatives. My parents keep on comparing me to others and I don't want that. I am doing my best and my best is not enough to pass my courses. I want to end the suffering of my parents by ending my life.",Depression,0.4756711409395973,0.4545454545454546,0.0,0.0,0.0,0.0,0.009160917970084,0.2396694214876033,0.4902811764162703,0.5514814814814815,0.3266666666666666,0.0165289256198347,0.0826446280991735,0.1322314049586777,0.012396694214876,0.0,0.0,0.0,2
47209.0,"It doesn't help me. I HATE when I say things like ""Killing myself is easier than going to college to get a job that I will hate later"" people keep saying ""there's people in the hospital that would give everything to be in your place"", like, bro, I know that and you're just making things worse by making me think that I must be happy all the times because I not in the hospital, but I'll die someday and I want that soon, because then at least I'll be remebered by some people that will be still alive.
 And also I hate that everything that I do it seeem like I'm the worst at it, even if it's just me and one other person, they will always be beter than me, and I was talking about that with one of my techers and she said ""then what do you like?"", nothing, literally everything that I do is because my mom wants me to do it and I'm too afraid of making her sad/angry by saying that I don't like it.
(Sorry for the ranting, btw)",Depression,0.7718120805369127,0.696969696969697,0.0,0.0,0.0,0.0,0.0100606805152259,0.2756756756756757,0.5888268156424581,0.3375,0.651923076923077,0.0,0.0648648648648648,0.0702702702702702,0.0081081081081081,0.0,0.0,0.0,2
47232.0,"Text helpline is useless I tried using the (US based) s***ide text hotline tonight. After replying ""YES"" to accept terms and conditions and be connected to a counselor a good dozen times, I gave up. Had to block the number to stop getting notifications asking me if I accepted the terms and conditions and wanted to be connected to a counselor. Go America.

I guess I just want to go on record that I am begging for fucking help, just for someone to fucking care, I tried at least a dozen times over to engage with the AI interface to get an actual human being.... fucking shit. Fuck everything.",Depression,0.4916107382550335,0.4090909090909091,0.0,0.0,0.0,0.032258064516129,0.0115658250562337,0.2935779816513761,0.6604992055763416,0.3944444444444444,0.4888888888888889,0.0,0.128440366972477,0.0091743119266055,0.0,0.0,0.0,0.0,2
47246.0,"Depression? I’m 23 years old, and used to be happy and had motivation and wanted to work and do things. Last couple of years, I’ve had no motivation, it’s hard to work, I feel lazy, I feel slow, I can barley talk to people without sounding stupid and it’s hard for me to listen and remember what people are saying to me. Basically I just always feel tired and slow and no motivation. I know I’m a smart person, but I feel dumb at the Same time, like it’s hard for me to learn things, but once I do learn it, I’m really good at it. I also feel like I have issues learning, because I overthink things and think I will fuck up somehow and think about how there is no way I can do this. I was off work for a long time due to COVID, fucked up sleep schedule, etc. and then I got laser eye surgery, I got almost every complication from it (made me really depressed), and then I lost my job for not getting fired (also made me really depressed cause I’ve been there for 8 years). Now I just feel like shit and don’t know if it’s actually depression and a problem. Lasik and COVID really fucked me.",Depression,0.9077181208053692,0.8106060606060607,0.0,0.0,0.048780487804878,0.0,0.0102424883080274,0.1906976744186046,0.5983889827205404,0.436235119047619,0.5139384920634921,0.027906976744186,0.0465116279069767,0.0511627906976744,0.041860465116279,0.0,0.0,0.0,2
47249.0,"Seroquel gives me bad trips? I have major depressive disorder and social anxiety I take 400mg seroquel for sleep and have a weird side effect , when I take it makes me have those sudden life realisations about my self *really bad thoughts” 

Exactly like a bad weed trip and that’s why I stopped smoking weed .

It’s weird since I’ve tried all drugs from benzos and opium to ssris and snri and it’s the only drug that makes me feel this way 

Why I am feeling this way? I searched a lot and couldn’t find people with the same problem",Depression,0.436241610738255,0.3787878787878788,0.0,0.0,0.0292682926829268,0.0,0.010804489539863,0.198019801980198,0.7150284860888323,0.3748106060606061,0.5856060606060606,0.0,0.0693069306930693,0.0891089108910891,0.0445544554455445,0.0,0.0,0.0,2
47252.0,"im so exhausted of everyone in my life everyone is frustrating . i always have to be the one doing the move and socialize first . if i dont i just 
 stay the way im . the only person that i talk to , i always have the feeling like im annoying them , they r only nice bcz they feel bad fr me fr being aloner .",Depression,0.25,0.2537878787878788,0.0,0.0,0.0,0.0,0.0083151029006643,0.1911764705882352,0.6825501150180743,0.409375,0.8125000000000001,0.0,0.088235294117647,0.1029411764705882,0.0441176470588235,0.0,0.0,0.0,2
47259.0,"❤️ This group makes me realize that we all suffer the human condition… Never feel alone, millions of people are going through the exact same thoughts as you. PLEASE do not feel like the odd one out. My moms dad and brother committed suicide… they missed out on kids, grandkids, weddings, holidays, family vacations, belly laughs, ect. Pain in life is guaranteed, but so are good moments. Everything, and I mean everything gets better in time, one day you will look back and the things that matter to you now won’t even cross your mind. You can and WILL get out of this dark hole. Be patient with yourself, forgive yourself. You can heal and your life can be better than what it is now ❤️ I know it does not seem like it, and I know you will roll your eyes, flip over in bed and indulge in your depression, but day by day it will lift. Get fresh air, feel the sunshine, sit by the beach or in nature. Talk to a loved one or friend. Write in a journal. Eat something you like and take a nice hot shower and put on your favorite show. Keep going",Depression,0.87751677852349,0.7537878787878788,0.0,0.2,0.0341463414634146,0.0,0.0109331955922865,0.245,0.6607821229050279,0.6147135416666667,0.47265625,0.0,0.04,0.05,0.015,0.0,0.0,0.0,2
47261.0,"I need help. TW: self harm

Lately I've been feeling really upset. Things have been bad since I was little but I'm considering giving up. I'm only 15 and I've been cutting myself since I was 12. I feel like nothing I do is good enough and I thought I could do everything alone but I can't. Everything is piling up and I just feel so alone. I don't think I can keep doing this. Everything is just going to shit for me. 
People keep taking advantage of my care and kindness, everyone keeps leaving me, I miss my mother even though she was a drinker, I'm so tired. Mentally and physically. I don't know what to do. I can't fix myself. But I'm trying so hard to.",Depression,0.5436241610738255,0.4810606060606061,0.0,0.0,0.0,0.0,0.010443569214876,0.125,0.6707402234636871,0.427724358974359,0.5654761904761906,0.0,0.1171875,0.046875,0.046875,0.0,0.0,0.0,2
47276.0,"How can i best support my friend? ((throwaway because a common friend follows my main account))

Some brief background info:
I have autism so I may not always understand all social cues. Neither my friend nor I live in the US.

I have a friend going through a hard time right now. He has depression and recently has been experiencing all sorts of physcial issues. He's had depression before I even met him and have never seen him this low. He also has money problems and thus can't afford treatment for his physical issues atm. 

What's the best way to support him?
I cannot support him financially since i also have almost no money.
 Whenever i talk to him he gives short and/or snappy answers and is generally in a bad mood. Whenever I talk about positive things, it feels preachy or that I'm ""rubbing happiness in his face"". Whenever i try to talk about neutral things (basically small talk) the conversation dies off. So he's understandably a bit difficult to talk to as of late.

I admit, it's difficult and hurtful at times but I just want to know what would be the best way to provide my support. 

 Any and all clarifying questions are welcome, I just want to provide the best support I can.",Depression,0.9916107382550337,0.8181818181818182,0.0,0.0,0.0,0.0,0.0116683170202231,0.1797235023041474,0.6399866127745024,0.5661536796536797,0.4246277056277056,0.0368663594470046,0.0184331797235023,0.1013824884792626,0.0345622119815668,0.0,0.0,0.0,2
47283.0,"I have made a deal with my depression and this shitty reality I am 21 male and currently experiencing major depression. But anyways, I’m too young to kill myself rn and I got things to see and do before I go. Travel, see nature, more romantic experiences, etc. The world is bs as we all know but if I can reach it to 40 I can end it there. On my birthday too. Til then I will to FIGHT to improve myself an acceptable amount and then when the time come I’ll be out. No more anxiety or thinking about death, I’ll face it head on when the time is right. (If I don’t die by another cause before that but hopefully not)",Depression,0.5083892617449665,0.4621212121212121,0.0,0.0,0.0195121951219512,0.0,0.0099862258953168,0.2357723577235772,0.7242131080528682,0.5436383928571429,0.4294642857142857,0.016260162601626,0.016260162601626,0.08130081300813,0.024390243902439,0.0,0.0,0.0,2
47292.0,Intensive outpatient therapy program Hello has anyone here been in a 3 week intensive therapy program where it's you learn coping skills amd other things with a psychiatrist. I'm start one as soon as my referal goes thru and she said sessions with be Monday &amp; Wednesdays 1 to 4 for 3 weeks. Can anyone give insight ?,Depression,0.261744966442953,0.2159090909090909,0.0,0.0,0.0,0.0,0.0118267312624679,0.1896551724137931,0.8582161433249855,0.4375,0.375,0.0,0.0172413793103448,0.0862068965517241,0.0,0.0,0.0,0.0,2
47295.0,Life sucks when you don't have freedom from a 9-5 I am convinced working just makes me depressed. Dealing with people as a loner on a regular basis is draining. Wish I was rich and could leave it all behind.,Depression,0.1669463087248322,0.1477272727272727,0.0,0.0,0.0,0.0,0.0106749311294765,0.275,0.9229050279329608,0.459375,0.4567307692307692,0.0,0.075,0.0,0.0,0.0,0.0,0.0,2
47297.0,"i just can’t stop crying it’s been 3 months of nonstop stress and financial troubles. i can’t stop crying. every single day i start scream crying at least once. 

it’s all so hard and i so wish i could see the beauty, calm and strength in life. i miss it so badly and i know it’s still there and i want to be around to see it.

i wish i could run away and change my name and live a life with grace and beauty and dignity. i’m so tired and distraught",Depression,0.3674496644295302,0.3446969696969697,0.0,0.0,0.0292682926829268,0.0,0.00949964067553,0.217391304347826,0.664804469273743,0.3947195165945166,0.547718253968254,0.0,0.0326086956521739,0.0760869565217391,0.0163043478260869,0.0,0.0,0.0,2
47303.0,"Selfishness ""I don't feel very good, it's like I don't belong in this world (I don't think I ever did). My friends are happy, and I'm always the one who's not really funny and who ruins the mood. So now I try to say as little as possible, people always ask me if I'm okay, if I'm tired, or worse, they say I'm scary. I think I'm just a mistake. People must find me weird or creepy, it's ruining me. A few years ago, my brother committed suicide, I felt very close to him, I think about his death all the time, I wish I could start my life over again and make the right choices (for once). What affects me the most is girls, I think... It's ridiculous, but I would love to have a relationship with a (very) pretty girl. Sometimes I think I've suffered so much that I would at least deserve that. I saw the damage my brother's death caused in my family, now I think if I didn't have a family to make suffer =&gt; suicide. My message is so selfish, and I know it. Thank you for reading these few lines..."" 

\-Lust",Depression,0.839765100671141,0.7462121212121212,0.0,0.0,0.0,0.064516129032258,0.0103340568216601,0.1666666666666666,0.6521640990914734,0.4983669772256728,0.6528571428571429,0.0,0.0252525252525252,0.0808080808080808,0.0151515151515151,0.0,0.0,0.0,2
47328.0,"I'm just so lost and confused. This is a way longer story but the just of it is I left an abusive relationship after he made sure I had no friends or family left, nowhere to go and Noone to turn to. I've been sleeping in my car for 3 weeks now with what few belongings I have. I had no job, he made sure I didn't work or have any savings. I'm at a loss right now. I have no money no where to go, no one to talk to. It's been in the low 30s at night and one blanket doesn't do much to help with that. I'm tired of being cold and hungry and dirty and alone. I can't take this much longer. I can't even shower because I have no means to, no soap, no money to take a trucker shower. I'm just so pissed at myself for letting this happen, I knew he was isolating me but did nothing to stop it. I feel like I can't even apply for a job because I have no clean clothes and no way to shower. I feel so stuck and it seems like my only option is to leave this world all together. I just wanted to be happy, but that's to much to ask. Sorry for the rant. I'm gonna be gone by the time anyone reads this. Please continue to help the people here that need it, you redditors are an amazing bunch of humans.",Depression,0.9924496644295302,0.9431818181818182,0.0,0.0,0.0,0.0,0.0091873278236914,0.252,0.5764916201117318,0.5105889724310777,0.5849206349206348,0.008,0.04,0.06,0.018,0.0,0.0,0.0,2
47383.0,"I'm a loser I am mentally ill and low iq. Everyone is so much better than me at everything. No friends, partner or family. My life is completely worthless and I definitely will not endure living 40+ years like this.",Depression,0.1736577181208053,0.1477272727272727,0.0,0.0,0.0,0.0,0.0113636363636363,0.175,0.9229050279329608,0.42,0.64,0.0,0.025,0.1,0.1124999999999999,0.0,0.0,0.0,2
47385.0,"Kinda thinking I have high-functioning depression? Hi. I’m a 14 year old freshman. Recently I’ve been sleeping in a lot to the point I don’t set an alarm because someone will always wake me up. Some nights I skip brushing my already disgusting teeth because I don’t have the energy for it. School has just been boring and sucky lately. A few times I get stressed or upset or don’t do good at something I seriously start thinking about whether I have a use in life or whether it’s worth it to continue living. These thoughts always go away once I’m in a better mood. Lastly, free time is never fun anymore. I’ll blank out and stuff or just not be able to relax.

The only time I can relax is with my school friends or with my online friend. Or in bed making up stories in my head. But my online one is only available like once a day for a few minutes. 


Is this bad? On the other hand people in my life have way more stressful lives. Plus I have really volatile emotions so I’m probably just overreacting and overthinking this. Idk. What are your thoughts?",Depression,0.8758389261744967,0.75,0.0,0.0,0.0439024390243902,0.0,0.0109898666888159,0.2211055276381909,0.6745739872547093,0.4974206349206349,0.4896825396825396,0.0,0.0653266331658291,0.0904522613065326,0.0452261306532663,0.0,0.0,0.0,2
47389.0,Today has been one of my toughest days. How do yall get through heartbreak? My love has made me feel so horrible today. I feel like part of us is missing now that I may not be able to move on from in this relationship. I really just need some kind words right now. I feel my worth to her isn't the same anymore. She says it is but her actions dont show it. Ive had a rock in my chest since I woke up 18 hours ago and cant sleep. I cant go to any of my friends right now because they will hate her. Im just feel so alone in this.,Depression,0.436241610738255,0.4242424242424242,0.0,0.0,0.0,0.0,0.0088891733099295,0.1769911504424778,0.7634844514757502,0.5305194805194805,0.5064935064935066,0.0,0.0176991150442477,0.0884955752212389,0.0132743362831858,0.0,0.0,0.0,2
47394.0,"How long until I stop caring again? New life update: started new job.. Its way better than my last one and pays a dollar more but it definitely has its own cons like my schedule completely ruining my sleep… Aside from the job… 
Im miserable…. Im lonely….. &amp; I dont know what in doing with my life….
How long until the people I work with and the regular customers I deal with realize im just a sad, cranky, corrupt mf? This facade takes energy… My room/apt is cleaner than its been since forever, im eating a bit better.. brushing my teeth again, showering daily… But I still feel sad… How long can I keep this bs act up???",Depression,0.5176174496644296,0.4431818181818182,0.0,0.0,0.0390243902439024,0.032258064516129,0.0110367932016622,0.1440677966101695,0.7299498153583941,0.5440909090909091,0.5101787101787102,0.0,0.059322033898305,0.0847457627118644,0.0254237288135593,0.0,0.0,0.0,2
47412.0,"I feel lazy but I’m not I don’t know what to do, all I want to do is sleep and cry but I can’t cry because I’m on meds and I feel numb and deppressed all at once I’m an 18 year old girl I’m in my senior year of highschool taking a college class at my community college and my emt at another college while working. It’s so much I don’t know what to do. I don’t do my homework tell last second I sleep all day. I skip school to sleep, I call out of work because I just can’t get out of bed. I’ve failed two classes this year and im not close to graduating. I’ve been lying to my mom about skipping school, work, doctors appointments etc. I need help and I don’t know what to do. I just feel like a lazy piece of shit but I know there’s something else causing it and I just don’t know what to do anymore. Eveyones talks about how busy I am and how great it is and in reality I do nothing I have no friends im so alone it hurts. I don’t know why. I don’t wanna kms or hurt myself but I don’t want to be here either. I can’t tell anyone this because no one understands I hate that my brain is so broken I wish it was just normal I wanna be normal",Depression,0.950503355704698,0.9053030303030304,0.0,0.0,0.0926829268292682,0.0,0.0091540404040404,0.1875,0.5031657355679703,0.45,0.5477777777777779,0.0,0.0375,0.0625,0.0,0.0,0.0,0.0,2
47449.0,"Depressive Slump How can I get out of this hole? I’ve always struggled with depression and recently anxiety so this year I decided to get medicated. As I did that things felt like they were looking up like I finally took a chance on me and I was working out every day and trying to be productive. But then I start to think and I get more and more hopeless as I realize all my peers at 24-25 have degrees and careers and families and significant others and even goals but I have none of those. I’m 23 and depressed. I feel so rushed to start my life but I don’t know how or where to start, I’m trapped in this loop everyday but I’m just never getting better. I know I shouldn’t compare myself and we all go at the same pace but at this point I want to do it for me but I just have no energy. Simple tasks have become so hard and I’m just so overexerted. Any advice from anyone who’s been able to get out of this",Depression,0.7567114093959731,0.6893939393939394,0.0,0.0,0.0390243902439024,0.0,0.0099109575637146,0.2459016393442623,0.6124187196629728,0.5701388888888889,0.4894841269841269,0.0109289617486338,0.0437158469945355,0.0546448087431694,0.0163934426229508,0.0,0.0,0.0,2
47453.0,"Advice on coping with depressing thoughts? Hello all, I'm just having a rough day today and wanted to ask for any advice you may have. How do you guys cope with the depressive thoughts, self-hatred, insecurity, and body dysmorphia? Usually, my music is enough to block them out for a little, but it's not working today. I already took my antidepressant and I'm not sure what else to try. I have a meeting today, and I'm incredibly anxious about it. I feel horribly ugly and pretty much worthless. I know it'll pass, and I'll get through this meeting, but what are some ways to cope with these thoughts? I'm going to try to draw later, but I don't know how much help it'll be. I'm just repeating my favourite quote to myself; ""tomorrow is another day."" For now. Any advice appreciated, thank you. I wish you all the best from the bottom of my heart.",Depression,0.7046979865771812,0.5833333333333334,0.0,0.0,0.0,0.0,0.0116302319381498,0.2064516129032258,0.6816723734006127,0.446875,0.567063492063492,0.0,0.0516129032258064,0.1032258064516129,0.0290322580645161,0.0,0.0,0.0,2
47463.0,Almost dead was almost there not earthly unalive but so dead inside where it didn't matter ... where craving another human didn't happen . Where the pain had stopped . But then he came and I felt alive again ... people were looking at me at the store again ... at breakfast this morning people talked to me ... but it's gone now the reason to feel and now comes the fight to shut it back down ...,Depression,0.325503355704698,0.2916666666666667,0.0,0.0,0.0,0.1612903225806451,0.0102952602952602,0.2179487179487179,0.6705343074058158,0.462037037037037,0.2648148148148148,0.0,0.0641025641025641,0.0128205128205128,0.0192307692307692,0.0,0.0,0.0,2
47477.0,"Why do i feel empty when texting to a girl i like We used to have conversations on a daily basis, we had really deep conversations, but suddenly she became sharp. I invited her to a museum, but she cancelled me the day before since she had some errands going. i dont know if she is avoiding me, or is she actually busy. What concerns me is the idea that ive been carrying: thinking im not capable of maintaining a relationship with people that i do enjoy, how can i get out of that idea, it has been annoying me for some days. 

I wrote this post on depression since i feel a similar hollowness to abandonment, so im wondering if i still have some traces of an old trauma ive been dealing for some time

Typing this, make me understand, i feel sadness since we no longer have those meaningful conversations, but i would love to hear the opinion of others on how to get out of a mindset.

&amp;#x200B;

Thanks for the support!",Depression,0.7651006711409396,0.6590909090909091,0.0,0.0,0.0,0.0,0.0108913813459268,0.2171428571428571,0.6123224261771748,0.5258928571428572,0.4392857142857143,0.0228571428571428,0.0628571428571428,0.04,0.0342857142857142,0.0,0.0,0.0,2
47487.0,"Depressive episodes are getting worse and worse as time passes, afraid I might give into the tendencies Ever since I was 15 years old I struggled with fnding happiness in anything I did, I thought maybe this feeling would pass with time but sadly that wasnt the case, suicidal thoughts have infiltrated my day to day life, they are everything thats on my mind all day. I never found a purpose in life, nothing that makes me truly happy, all I really do is sit all day and play videogames, pump my body with caffeine and sugar and hope for brighter days to come, even though I know they wont or that theres a small likelyhood of it happening. 
Every day I consider more vile ways to commit suicide, which is something I havent considered at all just a year prior. My mother calls my reasons for lack of happiness stupid and I havent been offered any comforting words, like ever. 
Adding to my struggle with purpose, I also never had a serious relationship, the loneliness and angst grows stronger and I get more sour as days go by, I became misanthropic to the point of wishing the worst on people who are doing better than me, and I hate these selfish thoughts.",Depression,0.9656040268456376,0.8030303030303031,0.0,0.0,0.0,0.0,0.0115220709010721,0.2347417840375587,0.6814855614131717,0.4566666666666666,0.5733333333333335,0.0,0.0704225352112676,0.0938967136150234,0.0211267605633802,0.0,0.0,0.0,2
47506.0,"my anhedonia is worse than ever none of the things i used to look forward to or would cheer me up even make me the tiniest bit excited to think about anymore. i can't even think about staying alive for my animals. too sad to even want to cry...i just want to disappear. i've never been so low-functioning in the decade+ i've been depressed. all i do now is sleep. 
 
idk why i'm even still trying to reach out to anyone tbh",Depression,0.3456375838926174,0.3068181818181818,0.0,0.0,0.0,0.032258064516129,0.0104481623328629,0.2073170731707317,0.7242131080528682,0.446875,0.6875,0.0,0.0609756097560975,0.0365853658536585,0.0,0.0,0.0,0.0,2
47524.0,"How will alcohol make my problems worse? My problem is that I am lonely but also that I want nothing to do with other people. I am permanently stuck in this conundrum. I feel like I wasted the first 23 years of my life and I am terminally behind socially and will never catch up (part of me does not want to). I am stuck in a never ending cycle of anxiety and sadness. Alcohol, in the rare times I’ve used it, calms me down. It makes the anxiety surrounding my circumstances dissipate. I don’t see how making drinking a habit will worsen my life. Usually alcohol ruins your relationships, but I already don’t leave the house or have much human contact. It stops you from solving your problems, but I already am doing nothing about them. It poisons your body physically but I don’t care about my physical health. It will hold you back in your career but I am already half-assing it at work. I don’t see how alcohol is going to make my problems worse.",Depression,0.7894295302013423,0.6704545454545455,0.0,0.0,0.024390243902439,0.0,0.011146965054013,0.1797752808988764,0.589981796497395,0.4500868055555556,0.3374751984126984,0.0,0.0674157303370786,0.1123595505617977,0.0505617977528089,0.0,0.0,0.0,2
47536.0,"Morning lows what too do? Im currently in therapy and it’s helping me a lot. I managed too do things that I feared and I’m pretty proud that I made it this far, but one thing I struggle with the most is getting up out of bed and when I manage too stand up I feel like shit for 3-5hours (still better then 24/7 like it was before but I need too fix it so I can go back to work and stop beeing an adult kid living by his parents) I have nightmares every night and still my brain tells me too stay in bed. Every night I tell myself tomorrow you gonna make it but it never really works out. So my question is did anyone had the same problem and find a good solution. 
(Sorry for bad English ty for reading :) )",Depression,0.584731543624161,0.5492424242424243,0.0,0.0,0.0097560975609756,0.0,0.0094201667987471,0.2123287671232876,0.7324558046988596,0.5609375,0.5682291666666667,0.0136986301369863,0.0753424657534246,0.0821917808219178,0.0205479452054794,0.0,0.0,0.0,2
47537.0,"My depression is the worst it’s ever been I’ve tried everything. Medication, multiple kinds. Therapy, multiple forms and therapists. Journaling. Exercise. Even substances. Nothing works. 
I don’t find joy in anything. Like at all, even my old hobbies and interests. It’s like I am not passionate about anything. 
I’m 29, I don’t have my own place, and now I have no job since I quit because it was destroying my mental health and killing my soul. 

I know it is a combination of clinical and situational factors. I can’t take care of myself. I “sleep” all day but also have horrible insomnia at night. I haven’t been eating and essentially starve myself every day. I can’t even make myself shower let alone clean my room or surroundings. I hate being sober. I’m so mentally fragile and I cry all the time. I don’t want to be the miserable person I have become. 

Everyone says “let me know if you need anything!” Or “how can I help you?” But I don’t know what to ask for since I don’t even know how to help myself. I wish I knew what to ask for or could ask for help. I don’t know how to improve my situation or make things better. I feel hopeless and have for a long time.",Depression,0.9723154362416108,0.821969696969697,0.0,0.0,0.0975609756097561,0.0,0.011218313240832,0.1697247706422018,0.5992004510276254,0.4539351851851851,0.4972222222222223,0.0275229357798165,0.0321100917431192,0.073394495412844,0.0137614678899082,0.0,0.0,0.0,2
47587.0,"It doesn't get better, does it? Been depressed since I was 12 years old. It's been 10 years and my family still thinks it's a phase. I don't understand why I haven't died yet because I don't have a reason to be here, except to rot away.",Depression,0.1912751677852349,0.1742424242424242,0.0,0.0,0.0,0.0,0.0101327589238614,0.1702127659574468,0.8031617734458575,0.65,0.35,0.0,0.0425531914893617,0.0638297872340425,0.0319148936170212,0.0,0.0,0.0,2
47591.0,"I want to leave the world, but I can’t because of my twin sibling. I been having a tough two years because of a really bad break up that made me question my life and worth. I feel like I don’t really belong here. They keep telling me it gets better and I’ll find someone better but it hasn’t. I feel alone. I’m a background friend and I’ll always be a second thought. I want to disappear but I can’t seem to do it because I have a twin. We do everything together, work together, vent to each other. I would hate to have to leave him alone in the world without his other half. I’m scared how he’ll have to plan my funeral and bury me. To have him cry for me and tell people “I had a twin.” Or be around our coworkers and he won’t enjoy his job because he used to see me walk around. I can’t do it. I’ll just keep holding on",Depression,0.6828859060402684,0.6325757575757576,0.0,0.0,0.0682926829268292,0.0,0.0096377738423192,0.2083333333333333,0.6145251396648045,0.4831018518518518,0.4263888888888889,0.0119047619047619,0.0357142857142857,0.0595238095238095,0.0178571428571428,0.0,0.0,0.0,2
47610.0,"Internally induced vs externally induced depression? 

This is a pretty ignorant question but is there a distinction between internally induced and externally induced depression?

For instance internally would be those cases where your neurochemicals just betray you, you're moving through life just fine then suddenly you're bedridden with catatonic depression and only after being heavily medicated can you function.

Externally would be a concatenation of failures or disappointments or miseries which blacken your view of humanity and existence itself to the point that you no longer see the good in people or the joy in experiences and eventually an reach a point where you're also dysfunctional and need to be medicated.

Has anyone experienced the former?",Depression,0.6283557046979866,0.4356060606060606,0.0,0.0,0.0,0.0,0.0152702574332668,0.2758620689655172,0.6987093045655942,0.5922222222222222,0.3666666666666667,0.0689655172413793,0.0775862068965517,0.1293103448275862,0.1293103448275862,0.0,0.0,0.0,2
47654.0,"Not willing to expend any effort for anything. This time I made myself sad because my roommates dog wanted to play. I started doing a tug of war with him with a rope, and suddenly lost all heart because I knew I wasnt going to get my fat ass out of the chair to play with him. He'd only get an arms length of attention. So I dropped the rope and he just looked at me, and then left.

Why is it all I'm wiling to do is sit around and feel sorry for myself? The only thing I can feel... Is sorry for myself.",Depression,0.4161073825503356,0.393939393939394,0.0,0.0,0.0,0.032258064516129,0.0093303161484979,0.2857142857142857,0.7160947060388401,0.3984375,0.78125,0.0,0.0857142857142857,0.0952380952380952,0.0428571428571428,0.0,0.0,0.0,2
47679.0,I'm just tired. I want to die. Everything is as fine as its going to get. I just want to go home and blow my motherfucking brains out.,Depression,0.1057046979865771,0.1022727272727272,0.0,0.0,0.0,0.0,0.0093713105076741,0.25,0.7797286512370311,0.5041666666666667,0.6,0.0,0.1071428571428571,0.0357142857142857,0.0,0.0,0.0,0.0,2
47692.0,"Has anyone firsthand experienced being ""smarter"" by bettering their physical health and going to therapy? Basically I don't feel very smart or that my brain functions as well as it should and so I eventually was able to get a neuropych evaluation. The results were that my scores were generally low overall but they said ""depression/anxiety"" is what could be causing this. That was kind of a bummer to hear since I feel my life is extremely laid back and I don't feel depressed but somehow I'm supposed to be smarter with the help of therapy? Does this make sense to anyone? 


To add to that, I'm not currently working but one recommendation is to find purpose through work. But when I was working, making good money, and in an environment I seemed to really enjoy, I still felt just about the same smarts-wise.",Depression,0.6719798657718121,0.5416666666666666,0.0,0.0,0.0,0.0,0.0121384297520661,0.2916666666666667,0.7144630664183736,0.6212912087912088,0.4868131868131868,0.0277777777777777,0.0694444444444444,0.0902777777777777,0.0625,0.0,0.0,0.0,2
47702.0,"I wake up every morning and say “fuck” Title explains most of it. I wake up in the morning and think “fuck, I’m still here”, “fuck, another day in my life”. I never thought I would be this depressed in my life. I’ve had bad anxiety and joked about toaster bath before, but now it seems like I genuinely just don’t give af. I never thought this would be me, and that just adds to the sadness. I just don’t even want to build the strength to keep moving forward… the one thing that brought me happiness in my life is gone, everything I based my life around. I don’t care about money, or a job, or anything like that. Now it feels like I’m just forcing myself to do things I don’t want to do because it’s expected of me..",Depression,0.5956375838926175,0.5303030303030303,0.0,0.0,0.073170731707317,0.0,0.0103281362952542,0.2198581560283688,0.6209041562660962,0.475,0.5083333333333334,0.0,0.0780141843971631,0.0638297872340425,0.0106382978723404,0.0,0.0,0.0,2
47712.0,"I'm an extremely depressed teen, no hope in the future. Thinking about suicide. Hello.

TW: SUICIDE; DEPRESSION; ANXIETY. 


I want to start this off by saying I'm F15.

 
Ever since I was young, I dreamt about having an exceptionally great life. I dreamt of finding the love of my life, being rich, etc. 


Lately, I've seen my brothers getting that kind of life, and also lately, I was met with anxiety. 


I barely can't sleep at night, I'm extremely depressed, because I just have no hope in the future. 


Like, I feel like I'll never live the life I want, or find the love of my life, because I feel unloved. I feel, I don't want this to sound stupid, but I feel way too smart for some people, yet too dumb for others. 


I'm extremely depressed. Like, I hate how everyone is living their best lives, and I'm stuck in my home with my mentally ill jobless 

 


 


 
mother, depressing, unloved, without anyone, cause I practically have no friends. 


And my brothers just have their own life. 


So I'm truly alone. 


And I have no hope, no will, no fun. 


I want to kill myself.",Depression,0.8699664429530202,0.7348484848484849,0.0,0.0,0.0,0.0,0.0112400226036589,0.1743589743589743,0.6046411688869789,0.516751998001998,0.6112637362637362,0.0,0.041025641025641,0.082051282051282,0.0615384615384615,0.0,0.0,0.0,2
47714.0,"Fuck me, i wish i wasnt so emotionally numb to everything. Every single day, i keep thinking about how emotionally numb i feel. About how rich and vibrant life would be if i was not so depressed. I constantly feel robbed of my emotions, especially after i felt genuine human emotion and joy for just one day. I felt happy just to be alive. What happened man? I wish i could just feel happy to be alive again, and feel joy and happiness from the littlest things.",Depression,0.3800335570469799,0.3257575757575757,0.0,0.0,0.0,0.0,0.0110549064310819,0.1724137931034483,0.6573556797020483,0.599124649859944,0.5429971988795517,0.0229885057471264,0.0344827586206896,0.1149425287356321,0.0689655172413793,0.0,0.0,0.0,2
47721.0,Adding vvraylar to my Effexor regime. I’m nervous The Latuda has stopped working on my depression. I have bipolar 2 with primarily major depression symptoms. I’m so depressed right now I can’t stand it so my dr switched me to vvraylar 1.5mg. I’m nervous about the side effects. I don’t know how im going to continue to live with this into old age. My bipolar was manageable without much medication prior to surgical menopause now im bat shit crazy depressed. I don’t see my self aging well. I’m 46 now. How has the older community managed their symptoms? Thanks in advance,Depression,0.4731543624161073,0.3787878787878788,0.0,0.0,0.0341463414634146,0.0,0.0123046395548645,0.1485148514851485,0.7353835942253443,0.5175622294372294,0.4169047619047619,0.0396039603960396,0.0792079207920792,0.0891089108910891,0.0148514851485148,0.0,0.0,0.0,2
47727.0,"I'm just tired I don't know why I'm even sad, but I have been like this for so long, that now it doesn't matter.

I'm just tired",Depression,0.0998322147651006,0.0984848484848485,0.0,0.0,0.0,0.0,0.0090934598510356,0.1481481481481481,0.8096420442789157,0.33125,0.7,0.0,0.074074074074074,0.037037037037037,0.0,0.0,0.0,0.0,2
47728.0,"bupropion / Wellbutrin + anxiety? I can't face going back on an SSRI/SNRI. 

I've tried most of the common alternatives - they all turn me into a zombie with zero memory in short order, except Mirtazapine - that turns me into a no-memory zombie with food cravings.

Doctor is also willing to try second-line treatments of 

Vortioxetine / Trintellix  
Bupropion / Wellbutrin

&amp;#x200B;

Is Buproprion a bad combo for someone who suffers with depression/poor sleep driven by anxiety and chronic stress/raised cortisol?

I'm mainly concerned about the impacts on sleep, although from what I can tell, it seems IR may be better",Depression,0.5109060402684564,0.3825757575757575,0.0,0.0,0.0146341463414634,0.0,0.0136323124291038,0.2352941176470588,0.8286778398510243,0.4898148148148148,0.4722222222222222,0.0588235294117647,0.0490196078431372,0.0784313725490196,0.0147058823529411,0.0,0.0,0.0,2
47749.0,"Morning Routine I am struggling with going out of bed in the morning and starting the day when I don't have to leave the house right away. Besides drinking my coffee, I absolutely don't have a routine in the morning. I just don't know what to do with myself after I turned off my alarm.

I wanted to ask you guys:

What are the small things that help you in the morning?

Do you have specific constant morning routines? how do they look? 

Any other thoughts about that topic?",Depression,0.3884228187919463,0.3333333333333333,0.0,0.0,0.0,0.0,0.0110308911381434,0.2247191011235955,0.6650555520682945,0.5079081632653061,0.395578231292517,0.0,0.1123595505617977,0.0674157303370786,0.0168539325842696,0.0,0.0,0.0,2
47774.0,"I hate my life I have always been alone. No friends, no partners, no fun experiences, no nothing. I’m not good at anything either. I have no hobbies or will to fulfill my tasks. I often see people on social media posting themselves with their partners and friends about how much fun they have and then there is me, a total loser that can’t focus on anything. A social reject with no skills, anxiety, derealization and a bland personality. Nothing about me is enthralling. I am waisting my youth trapped in my room, left to rot by my own kind. I get possessive, obsessive and moody all the time but I swear i can’t control myself. Either mania or depression, I am always alone. Nobody is rescuing me. I’m always getting used and owned by others and I can’t do anything, no matter how much I change. Why me?",Depression,0.6686241610738255,0.5606060606060607,0.0,0.0,0.024390243902439,0.0,0.0113959916430935,0.174496644295302,0.668853811255671,0.5038461538461538,0.4397435897435898,0.0134228187919463,0.0604026845637583,0.0939597315436241,0.0,0.0,0.0,0.0,2
47783.0,"how do i get my personality back after depressive episodes ive been stuck in frequent episodes of just sadness and i think it killed my personality. i want to be witty minded again and actually have thoughts and be able to explain my thoughts that it doesn't sound so monotone or just bland. i don't know how to get it back and i try so hard and it doesn't work and i end up hating myself for it. i hate the way i speak and i think straightforward instead of being adventurous and i want who i used to be before i got sad. 

are there any ways of finding yourself again? i need ways of expressing myself and drilling into my head that i need to think before i speak.",Depression,0.5503355704697986,0.4924242424242424,0.0,0.0,0.0,0.0,0.0102490904885075,0.2442748091603053,0.5841187257452343,0.5148809523809523,0.4982142857142858,0.0,0.0763358778625954,0.0763358778625954,0.0114503816793893,0.0,0.0,0.0,2
47784.0,Worst day ever Today is off to such a shitty start and it’s only 10am. My boyfriend and I got in a huge fight and I couldn’t stop crying and the worst part was he didn’t even care and kicked me out of his house So I’m guessing we’re done because I will never forgive him for that. And my friend of 10 yrs who I thought was my friend just blocked me on everything with no explanation and to top it off it’s my exs birthday who’s died I feel like the universe hates me today and is reminding me I’ll always be alone. I knew I should’ve just stayed home yesterday.,Depression,0.4639261744966443,0.4242424242424242,0.0,0.0,0.0439024390243902,0.0,0.0098948048465345,0.2300884955752212,0.7180006921441637,0.4071428571428571,0.7857142857142857,0.0176991150442477,0.0707964601769911,0.0884955752212389,0.0132743362831858,0.0,0.0,0.0,2
47815.0,"I feel bad for being this depressed Honestly, I've been faking being ""ok"" for a while.

I've been in some low places but this is in the top three for the lowest points I've had. My youngest sibling died by suicide in November of 2022. So I do realize the pain suicide causes but damn when you get into that place, it's neat impossible to get out of.

I have plenty of things to keep me going. Like my nieces and nephews. I do want to watch them grow up, and be a guide for them, but I really am struggling with not wanting to exist anymore. The antidepressants I'm on aren't working. My doctor is *very* aware they aren't, given she knows I've had dreams of suicide recently. Yet my medications just got added on to. I'm just tired. I want to give up. Even though I know I shouldn't.",Depression,0.6484899328859061,0.5681818181818182,0.0,0.0,0.0,0.0,0.0106019557404265,0.2185430463576159,0.707277368752081,0.5179166666666667,0.5341666666666667,0.0,0.0596026490066225,0.0529801324503311,0.009933774834437,0.0,0.0,0.0,2
47838.0,"I’m only at peace when slumber is reached, so perhaps if I flee, I’d finally happen to be free. Is eternal slumber the key? Little suicidal poem to express myself since I’m an anxious depressed wreck questioning if living is worth it.

 


If you don’t get it it’s basically:

”I’m only at peace when slumber is reached” -I’m only at peace when sleeping.

”So perhaps if I flee, I’d finally happen to be free” -If I killed myself, maybe I’d finally be free and be at peace 24/7.

”Is eternal slumber the key?” -Is death the solution to my problems?

&amp;#x200B;

I don’t know if I should elaborate on my problems or not, I doubt anyone would care enough to read all of them and in the end, getting told that someone is sorry for what happened to me doesn’t really do much, I appreciate the words none the less but I don’t think anything will ever make me feel better. I’ve gotten into this hole of depression and anxiety over and over and over, it never stops, it’ll never leave me alone not unless I’m asleep or dead.",Depression,0.839765100671141,0.7121212121212122,0.0,0.0,0.1024390243902439,0.0,0.0111705073826285,0.2222222222222222,0.6464780822322721,0.5284722222222222,0.6984126984126984,0.0211640211640211,0.037037037037037,0.074074074074074,0.0555555555555555,0.0,0.0,0.0,2
47843.0,"Feeling in over my head and looking for help My situation is this: I am coaching high school lacrosse at the varsity level For the first time this year and feel awfully inadequate and extremely nervous about how the season is going to go. I have been the JV coach before, but I am filling in for our head coach who is out for the season on personal leave, there are a bunch of mitigating factors that should make me comfortable, including the fact that I know many of the players already, expectations for the team are low given our traditional performances, it’s a great group of seniors. 

Despite this, I am extremely nervous to the point where it is impacting my sleep and it’s all I think about during the day. I feel like a complete imposter, because I don’t really know the game of lacrosse to nearly the same level as the previous coach. I’ve been doing deep breathing, I’ve been prescribed clonidine, but I don’t feel good at all right now. 

I’m just looking for some help. How do other people on here dealt with performance anxiety, impostor syndrome, feeling like you’re in over your head in a new job? Any help you can provide would be extremely appreciated. Thank you.",Depression,0.9815436241610738,0.8068181818181819,0.0,0.0,0.0390243902439024,0.0,0.0117401714682938,0.2570093457943925,0.6301362710802485,0.5410958968567664,0.4969678147939018,0.0093457943925233,0.0607476635514018,0.0654205607476635,0.0420560747663551,0.0,0.0,0.0,2
47855.0,"Why is it that I bend over backwards, but I never get the same courtesy? It always seems like I work super hard to make sure that everyone gets included in, but then I don't get it in return. I already think I'm getting closer to my time of month, so that's not helping my mood. But it always seems like the people I call friends in my life never seem to give me the same inclusion when I really need it.",Depression,0.3322147651006711,0.3068181818181818,0.0,0.0,0.0,0.0,0.0097762547873412,0.1951219512195122,0.686605804605532,0.5618055555555556,0.4245370370370371,0.024390243902439,0.048780487804878,0.073170731707317,0.0182926829268292,0.0,0.0,0.0,2
47856.0,"Post greif depression I've dealt with depression too many times in my life but this episode feels different.
I've been depressed after losing the love of my life in a car crash about two months ago and I still find it so hard to leave the bed.
I left the house twice during this time just for emmergency and that was it.
I've been staying with my parents, I've cut every contact with my friends and I isolated myself .
Now I feel so anxious and stressed about going back to my life again, to friends, my work, my house . Everything is overwhelming and scary. It's like I can't do it on my own. And it makes me feel so pathetic.
Every one have been judging me so poorly and I feel so guilty about it.
They're like ""oh girl get over it"". 
""He's in a better place""
""Are you still hanging up on him"" 
""Come on, look at your life""
All that kinda of stuff
Anyway how would I get out this vicious cycle? How would I get myself out of the house? And talking to people again?
Any tips please",Depression,0.8154362416107382,0.7272727272727273,0.0,0.0,0.0,0.0,0.0102716995675073,0.2124352331606217,0.6325006512866529,0.4552777777777778,0.6894444444444444,0.0207253886010362,0.0621761658031088,0.082901554404145,0.0077720207253886,0.0,0.0,0.0,2
47860.0,"I don’t know why I allow myself to keep suffering. 19M. Loneliness. I’ve had severe social anxiety since I was 13. This has led me to live nearly 6 years with little social interaction, which has made me pretty miserable. I can’t believe I’ve lived this long feeling unfulfilled and generally dissatisfied with my life. Like damn I’m gonna be 20 and I have very little life experience. I’ve spent many weekends fishing w my father, because I didn’t have anything else to do, bc I have no friends.and it’s like even tho I love fishing it just starts feeling like I’m always missing something I need regardless of what I’m doing, I’m missing friends and social interaction. I moved out of my parents house and in w my grandparents to work over here and I’m at a very low point. Every day is painful. If I’m at work I fucking hate it. Being at home is ok but still I’m lonely and depressed, and having nothing to do brings my loneliness to center stage. I’ve though about suicide a lot. It feels good to imagine the pain ceasing. I can’t stand to watch myself get older and each year im still the same. No friends and generally miserable. I’m just so done with life.",Depression,0.968959731543624,0.8106060606060607,0.0,0.0,0.0829268292682926,0.0,0.0114116855660196,0.1767441860465116,0.6461998181109524,0.4677265442890443,0.4614743589743589,0.0,0.0837209302325581,0.0930232558139534,0.027906976744186,0.0,0.0,0.0,2
47861.0,"Mediocre at Best I feel like I'm extremely mediocre at best and utterly hopeless at worst in virtually everything I set out to do. Why I still exist or attempt to bother at all, I have no idea. I wish for just one day I could have some marketable talent so that the right people would actually notice and support me so that I'd be able to do what I want to do. It might happen, but, in the words of Wayne Campbell from Wayne's World, ""monkeys might fly out of my butt."" Fuck it. Let's face it. I'm completely without skills, looks, or brain power required to achieve the skills I desire. 😥🤦‍♀️",Depression,0.5008389261744967,0.4318181818181818,0.0,0.2,0.024390243902439,0.0,0.0109144807761408,0.2260869565217391,0.7229050279329609,0.5535714285714286,0.6467261904761904,0.0,0.017391304347826,0.0782608695652174,0.0782608695652173,0.0,0.0,0.0,2
47863.0,"Going to therapy tomorrow To be honest, I'm not expecting much. I've seen therapists on/off over the years, and it's always fine but never enough. This one is through my EAP at work, and the limited text exchange that I've had with him give me pretty lukewarm vibes -- no red flags, just not that engaged (although I suppose that's normal, since we've never met).

I don't even know what to want anymore. I can't figure out what makes me happy long-term, and I think I'm wired to be anxious and depressed. I don't want to die, and I definitely won't for a while (too many bucket-list items to do), but I just have this feeling that things won't end well. When do we get to a point where we're just happy, relaxed, loved, and have what we want? I have become traumatized, jaded, and a shell of my former self...",Depression,0.6719798657718121,0.5681818181818182,0.0,0.0,0.0,0.032258064516129,0.0112404903946144,0.2052980132450331,0.707277368752081,0.6365079365079365,0.5795238095238096,0.0,0.0463576158940397,0.0463576158940397,0.009933774834437,0.0,0.0,0.0,2
47867.0,"What's going on with me 22F.
Last year had been so weird. I graduated. Fucked a relationship up. Didn't cheat but the ex couldn't take that I slept with someone else. He was broken so I spiraled guilty anxious lonely. Also I was preparing for a big test I cared a lot. I used to be worried, cried all day. Then snap. I feel nothing. I'm sleeping all day when I go towards the books I'm like why. I'm so numb. Psychiatrist diagnosed me with atypical depression and gave me pills which I'm not allowed to take coz mom says there will be side effects. 
Today I was allowed to ride a bike. I hit a car and fell down. It was a minor accident but bro. I realized I felt nothing after that. Nothing at all. This couldn't have been me. I was a girl who was afraid to ride bikes I used to freak out so much now I just don't care. Not even the fact that I'm able to ride the bike. If it was the earlier me I'd feel goosebumps with a sense of achievement, I'd feel fear anxious and scared about the accident. What's wrong with me I feel as though I'm an empty floating balloon.",Depression,0.886744966442953,0.7954545454545455,0.0,0.0,0.0,0.0,0.0101657462170172,0.2274881516587677,0.6248775450766502,0.3972222222222222,0.5937134502923977,0.0094786729857819,0.0805687203791469,0.0236966824644549,0.0,0.0,0.0,0.0,2
47876.0,"Rabbit hole That feeling of going home after hanging out with friends. After you get home it’s relieving that you don’t have to smile anymore, or be happy for that matter. It’s like hot and cold, it’s so nice to see the people you love, but then go home and just lay and wither away.",Depression,0.2307046979865772,0.2045454545454545,0.0,0.0,0.0195121951219512,0.0,0.0105497119959929,0.2545454545454545,0.775723717623159,0.6541666666666667,0.7583333333333333,0.0,0.0727272727272727,0.0363636363636363,0.0,0.0,0.0,0.0,2
47882.0,"I think I will never connect with someone in a real way. I'm going to be a loner for the rest of my life. I might talk to people here and there but I've realized I'll never truly connect with anyone. I could never talk to someone for an extended period of time and I could never care about someone in a deep way. Im just weird and I'm not like others, I'm not meant to fit in this society. The only things that make me feel love in this world is music, yeah honestly music, where I can then daydream about a better place. I don't know I just feel tired of being alone, and I don't think it'll ever change, and its my fault no one elses. I wish that I could've lived a normal life, just to be a regular person like everyone else. They all understand each other. But life for me has always been so strange like I just wasn't supposed to be here, somehow I did end up here, I don't know why I'm here.",Depression,0.7458053691275168,0.6818181818181819,0.0,0.0,0.0,0.0,0.0098530508500372,0.2209944751381215,0.6081360535819006,0.5490384615384616,0.5424556213017753,0.0,0.0386740331491712,0.0497237569060773,0.0248618784530386,0.0,0.0,0.0,2
47905.0,"Very Sad crying all day but nothing is wrong This is my first time posting here. I just feel super hopeless with nothing to look forward to but nothing is wrong. I have a good job and a beautiful son. I have a boyfriend, I'm not having money trouble but for some reason I just feel horrible. I can't stop crying, I don't want to do anything. I hate feeling like this. I wish I was normal. I just feel like a burden to be around. I don't know how to make this stop.",Depression,0.3825503355704698,0.3522727272727273,0.0,0.0,0.0,0.0,0.009803059609636,0.202127659574468,0.6610008320456436,0.432051282051282,0.7192307692307692,0.0,0.0744680851063829,0.0425531914893617,0.0,0.0,0.0,0.0,2
47925.0,"Afraid to have a personality Did anyone else have very few hobbies or interests growing up? I'm 20m and for the past 4 years, I haven't gotten into any hobbies or interesting things. I have a hard time relating to people because I don't have anything to talk about. It feels like I don't have a personality. 

My whole life has been dedicated to pleasing others. Doing what I think they want me to do, saying what I think they want me to say. I'm struggling with having interests because I honestly don't even know what I like. 

Because of this, I don't really have any long-term goals for my career, hobbies, personal growth, etc. I just want to be a normal, functioning member of society but I'm struggling to find an identity. I end up laying in bed all day, working towards nothing because I'm too scared to even try. 

Anyways those are my thoughts. Hopefully, some of you can relate.",Depression,0.7348993288590604,0.6098484848484849,0.0,0.0,0.0,0.0,0.0115804509743903,0.1728395061728395,0.6637009448927512,0.5124166666666666,0.4771666666666666,0.0,0.1049382716049382,0.0802469135802469,0.0185185185185185,0.0,0.0,0.0,2
47937.0,"I don’t know if I’m just chronically lonely or depressed. My best friend moved away last summer and while I still talk with them on the phone, it’s not the same. My other friend has got a girlfriend and opted to not talk to me anymore for some reason. I’m insanely jealous of him. I just want somebody besides my parents to talk to. To lean on. To love. Rn I’m stuck with plants. I-I just want someone to love. I’m only 20 and I feel like I’m going to die alone. I don’t have unreasonable goals for myself. My only goal in life is to have a wife and family in the future, but I feel it’ll never happen to someone like me. I feel kind of dead inside. I don’t know how exactly to describe it. I just feel so… A L O N E .",Depression,0.5956375838926175,0.5568181818181819,0.0,0.0,0.0536585365853658,0.0,0.0094976174521629,0.2094594594594594,0.6249433791333232,0.5508928571428572,0.531547619047619,0.0,0.0202702702702702,0.0945945945945946,0.0709459459459459,0.0,0.0,0.0,2
47942.0,"Stuck I feel stuck in place. I want to move forward but decisions I've made in the past have not turned out well, so I worry that the next decision will be another failure instead of moving forward. Then depression and loneliness destroy my motivation to do much of anything. Loneliness and the fact that I express love and desire through touch makes my libido rage, but awkwardness and introvert tendencies make it hard to connect. But the longing for connections makes me make bad decisions in my wish for connection and intimacy. It all feels like too much. If I didn't have work I feel like I would just sleep all the time. Even the things that used to help, playing video games, reading, watching movies and shows bring me less and less joy as time moves on. Sometimes I'm even angry that I was born at all. Not that I've never had happy moments but they get lost in the sea of depression. So, here I float on these waters with no land in sight.",Depression,0.7902684563758389,0.6666666666666667,0.0,0.0,0.0,0.0,0.0112702526030723,0.231638418079096,0.6863933339645867,0.4967261904761905,0.3636904761904762,0.0451977401129943,0.03954802259887,0.0508474576271186,0.0,0.0,0.0,0.0,2
47947.0,"Best new artist for depression: EKKSTACY SO GOOD! He has the sound I need YEY!

&amp;#x200B;

 **EKKSTACY**",Depression,0.0805369127516778,0.0606060606060606,0.0,0.0,0.0,0.0,0.0140374331550802,0.1176470588235294,1.0,0.8139204545454546,0.4386363636363636,0.0,0.0588235294117647,0.0588235294117647,0.0,0.0,0.0,0.0,2
47948.0,"I’m so tired I just don’t see a point to my suffering, I don’t understand it, I want to know what I’ve done so wrong to deserve everything, I’d say sorry and do anything to make it stop! I already have a burial plot in my home town due to my family buying some after my father over dosed on a cocktail of pain meds, I know I’m not perfect I’m sorry if I could be better mentally and get plastic surgery to look better, if I knew if I could just change I would I’m tired I’m so tired I have nothing to keep me here, I honestly believe even my boyfriend is probably just waiting for me to realize that he doesn’t actually like me, I’m just tired I’m living any more, my closest friend knows what to do when I die",Depression,0.5889261744966443,0.5416666666666666,0.0,0.0,0.0585365853658536,0.0,0.0097710055096418,0.1527777777777778,0.6359404096834265,0.4383333333333333,0.6516666666666666,0.0,0.0694444444444444,0.125,0.0520833333333333,0.0,0.0,0.0,2
47992.0,Im just dying inside and want to die for real too I dont want to live anymore. Im such a piece of shit i cant stand myself. Im ugly. Im short. My lonliness is killing me. I just don't want to be alive anymore.,Depression,0.1686241610738255,0.1628787878787879,0.0,0.0,0.0,0.0,0.0092036063110443,0.2045454545454545,0.7430167597765363,0.4668831168831169,0.5428571428571428,0.0,0.0454545454545454,0.0454545454545454,0.0,0.0,0.0,0.0,2
47996.0,"Bitching as usual. I'm miserable because I'm alone. I'm alone because I'm miserable. Whats the chicken and what's the egg? I dont want to be in a relationship ever again. I wish I'd never have to see another woman as long as I live. Yet I'm jealous of others because I'm invisible to them. It's completely illogical. 

I hate my shitty defective brain.",Depression,0.2869127516778523,0.2348484848484848,0.0,0.0,0.0,0.0,0.0119539551357733,0.2063492063492063,0.7552540569300346,0.2835227272727272,0.675,0.0,0.0158730158730158,0.0476190476190476,0.0238095238095238,0.0,0.0,0.0,2
47998.0,"How do I deal with having depressive episodes and not letting it affect my husband? This time of year is rough for me because it's an anniversary of a near suicide attempt 8 years ago. I'm recently married and I've been having the worst time with this because I feel that I can't have these feelings. I have obligations to other people now - my husband. We are trying to start a family and if I show signs of depression, what kind of confidence does that give him for me as a mother? He knows that I'm having a hard time right now and he is just trying to go on like everything is fine. What can he do? I'm fine and I have been for several years without the aid of medication (but I have continued therapy. I don't see him again for over a week though). Before, when I would get depressed, I was able to keep to myself and process it on my own. But now, I can't do that because of my new life. I don't know how to let this pass if I can't let it run it's course.",Depression,0.8003355704697986,0.7310606060606061,0.0,0.0,0.0,0.0,0.0098619749510096,0.2577319587628865,0.5920059897483153,0.5638837353123067,0.5344233147804576,0.0103092783505154,0.0463917525773195,0.0463917525773195,0.0154639175257731,0.0,0.0,0.0,2
48006.0,"Been Hospitalized ? Wondering if anyone here has been hospitalized for depression or suicidal thoughts ? 

What happened ? Did it help or make no difference for you ?",Depression,0.1308724832214765,0.106060606060606,0.0,0.0,0.0,0.0,0.0123610715303505,0.1724137931034483,0.7518782508187247,0.5,0.0,0.0689655172413793,0.1379310344827586,0.0344827586206896,0.0,0.0,0.0,0.0,2
48023.0,"Life is falling apart and some am I The last 8 months have seen me hit with a widowmaker heart attack, getting dumped in the hospital (from the aforementioned heart attack), the financial hardship of hundreds of dollars a month on medication and appointments, 2 bouts of heart failure, a few rounds of hemorrhage from the blood thinners, a hyphema (bleed in my eye) and a whole host of other complications. I am barely able to make rent and utilities, and today I find out that I have been furloughed from my part-time adjunct teaching job, in looking for a replacement found my full-time teaching job posted on indeed too... Im 42, with a shorter shelf life than canned food and I am convinced I will be homeless by Aug. I really wonder if it's worth taking the meds anymore.",Depression,0.6442953020134228,0.5265151515151515,0.0,0.0,0.0,0.032258064516129,0.0118801652892561,0.2785714285714286,0.7063048683160416,0.5279166666666667,0.2166666666666667,0.0285714285714285,0.1,0.0642857142857142,0.0214285714285714,0.0,0.0,0.0,2
48036.0,"I'm just tired is all. All I want is a hug, a real tight one where I can't get out off easily I want to be squeezed, my face reclined on their shoulders, ears rubbed against theirs. I yearn for a human's warmth.

I got no one in my life right now that I can truly be open with. Stuck in an environment where I feel caged, suffocating, in desperation to grasp anyone for hugs.

I want to lie down in someone's bed, converse with and sleep in their care. I want to feel safe, loved, and shamelessly desired.

I've been depressed for so long, it has become a part of my life. At one point I'm smiling, then enraged, followed by desolation and despair. I'm sad, broken, alone.

All I want is a hug, a human touch. That is all.

Making art gives me comfort, even if it is for a fleeting moment. But besides that, I'm broken, too shattered to be pieced together.

I don't want pity nor fake niceness. Just a genuine hug, a big bear hug.",Depression,0.7684563758389261,0.6780303030303031,0.0,0.0,0.0,0.0,0.0104644934190388,0.2444444444444444,0.6573556797020483,0.4748851294903926,0.4887635756056808,0.0333333333333333,0.05,0.05,0.025,0.0,0.0,0.0,2
48049.0,"Need advice Ok so I know I've got depression and anxiety. Recentl, past 2-3 months now I've noticed myself withdrawal from people. I work in retail and spend all day doing customer service when I get home I spend all my remaining day in my bedroom. Any ideas on what I can do to motivate myself to get moving and do something with my time? I currently feel like I wake up, work and sleep. I know that's being an adult but I feel something missing.",Depression,0.3682885906040268,0.3219696969696969,0.0,0.0,0.0,0.0,0.0107069639310654,0.1395348837209302,0.689229569962323,0.515,0.3,0.0232558139534883,0.0930232558139534,0.0930232558139534,0.0174418604651162,0.0,0.0,0.0,2
51859.0,Can you pass anxiety down to your children? I want children when I'm older but I'm scared I'll pass my anxiety on to them. And that makes me feel guilty. Will I pass it down to children?,Anxiety,0.1493288590604027,0.1363636363636363,0.0,0.0,0.0,0.0,0.0101723624450897,0.1891891891891892,0.7499622527555488,0.4194444444444444,0.4777777777777778,0.0,0.027027027027027,0.081081081081081,0.0,0.0,0.0,0.0,1
51877.0,"Hurry sickness is driving me crazy. Does anyone else have this? I have hurry sickness and it's linked to my anxiety and BPD. It causes me so much anxiety because I always feel like I need to do many things at the same time or short period of time. 
I drink my coffee in about 5 minutes, then I read a book for an hour, then I listen to music and surf the web for a non-specific reason. Everything has to be done very fast, and well-planned, if not, I get impatient, irritable, and anxious. 
It's pretty exhausting and I realized it's a problem going on for two years now. I did not pay too much attention to this before, since I didn't even know there was a term for this condition. 

Does anyone else experience something similar? How are you dealing with it?",Anxiety,0.62751677852349,0.5416666666666666,0.0,0.0,0.0,0.0,0.0108710208142026,0.2430555555555555,0.7216014897579143,0.4983333333333333,0.5670833333333334,0.0138888888888888,0.0625,0.0694444444444444,0.0,0.0,0.0,0.0,1
51890.0,"Question I have a question, so when i am out in public i feel like everyone is looking at me, but then i start feeling like I’m in a dream, like a lucid dream. I can but i feel like i cant think thoughts and only focus on doing what I’m supposed to do. I also feel like my head is fogged up inside too in public lol. Im not the happiest person to be honest and since maybe half a year ago I’ve stopped caring abt things and when i think of something and it gets a little complicated i just quit thinking abt it, i dont care enough to think about anything for some reason. Can someone please tell me if its anxiety or is there something wrong with me.",Anxiety,0.5385906040268457,0.4962121212121212,0.0,0.0,0.0146341463414634,0.0,0.009751440020035,0.2045454545454545,0.7040799051972236,0.5022916666666667,0.5800000000000001,0.0151515151515151,0.0909090909090909,0.0227272727272727,0.0113636363636363,0.0,0.0,0.0,1
51903.0,"Paranoia It has been a stressful time for me (just moved countries). I have always seen things out of the corner of my eye but didn’t think anything of this. The last few weeks has gotten more noticeable. Last night I kept seeing shadows to the point I could not move of the couch until I forced myself too. All day it’s been happening, thinking I see things like figures and having images that are horror related come into my head. Every noise I hear I’m instantly scared. 

Has anyone had instances like this? It’s getting to the point of when my dogs bark I start to cry because I’m so scared.",Anxiety,0.4916107382550335,0.4204545454545454,0.0,0.0,0.024390243902439,0.0,0.0110623278236914,0.1696428571428571,0.7430167597765363,0.5,0.2857142857142857,0.0,0.0714285714285714,0.0625,0.0133928571428571,0.0,0.0,0.0,1
51904.0,"My mom doesn't believe anxiety is real I finally got the courage to talk to a professional today for my anxiety. I got prescibed medication and I told my mom, expecting she would be glad for me. She was not. 

She got super angry and told me anxiety is not real, and that the medical and drug industries are just a big mafia looking to exploit people for profit. She told me I'm just going to get worse and that the medication will turn me into a lethargic zombie. 

Also she didn't approve that the dr. gave me a 2 week sick leave from work and made me feel bad for ""skipping work"". 

I feel so bad now. Maybe I shouldn't have seeked help after all?",Anxiety,0.5335570469798657,0.4734848484848485,0.0,0.0,0.0,0.0,0.0103961694870785,0.246031746031746,0.6491974815997162,0.4091269841269841,0.5797619047619047,0.0317460317460317,0.0476190476190476,0.0873015873015873,0.0119047619047619,0.0,0.0,0.0,1
51942.0,"I feel physically sick whenever I open up to someone 

Whenever I open up and share my feelings my body feels physically sick and exhausted. Like it physically hurts. I feel so vulnerable like an open wound. I basically start shaking and feel nauseous whenever I do share myself.


I’m terrified of opening up, whenever I do I,ll just get shamed or ghosted. It feels like hell because it’s hard enough to put myself out there in the first place.

It’s not even just deep stuff. Whenever I simply text someone I worry I’m bothering them and feel really embarrassed 

I’m afraid of getting close to new people because what if they end up changing their minds get bored and ghost me? I’m afraid of being forgotten about",Anxiety,0.5880872483221476,0.4810606060606061,0.0,0.0,0.0292682926829268,0.0,0.0118694042699724,0.1328125,0.6305865921787709,0.396281265031265,0.5635461760461761,0.0,0.078125,0.0859375,0.0703125,0.0,0.0,0.0,1
51948.0,"Scared to start Lexapro I have a crippling anxiety disorder and I’ve been prescribed Lexapro. I have GAD but I’ve noticed my anxiety has always been around my health, especially my heart. It’s gotten so bad that I barely leave the house and I’m afraid to exert myself which is depressing because I used to be a gym rat and exercising was what I used to do help cope with my anxiety but that’s not something I can do anymore, Atleast In my mind I can’t. This has really intensified over this past year after dealing with multiple panic attacks that have landed me in the ER and I’ve been getting a bunch of physical symptoms constantly that does not help with my worrying. I’ve had many tests done and the doctors are very reassured that I’m healthy. My Doc believes the Lexapro will help me but I can’t seem to find the courage to take it. I’m just so terrified of it, I’d really appreciate some encouragement to start my meds because I high key hate living like this .😭",Anxiety,0.8137583892617449,0.6856060606060607,0.0,0.1,0.0634146341463414,0.0,0.0112917385644658,0.2087912087912088,0.632881085395052,0.4664705882352941,0.4960504201680673,0.0109890109890109,0.0879120879120879,0.1098901098901098,0.0412087912087912,0.0,0.0,0.0,1
51952.0,"Any tips for dealing with white coat hypertension? Any time I get my bp taken it’s always high as I’m basically on the verge of a panic attack.

I know it’s going to be high bc I get nervous that’ll be high and quite honestly I’m a fit guy with big arms so the cuff always gets uncomfortably tight, which makes me more nervous and turn I know that means we’ll have a convo about my high bp again …which is what I was dreading in the first place. 

So fellow anxiety suffers, do you have any tips to combat white coat BP?",Anxiety,0.4270134228187919,0.3863636363636363,0.0,0.0,0.0341463414634146,0.0,0.0100865227740779,0.2135922330097087,0.7006020502250908,0.5421428571428571,0.3732539682539682,0.0,0.029126213592233,0.0970873786407767,0.0436893203883495,0.0,0.0,0.0,1
51953.0,Panic attacks have returned - what to do? I’ve had anxiety for years but no panic attacks in yeaaaaaars. However panic attacks have returned in the last 8 weeks and they’re awful. I forgot how bad they are. I’ve been reading deep breathing and breath work doesn’t super help and I know that to be true - but what else do you do during one? Do you just focus on your breathing however it is? How do you calm down the panic attack? The physical symptoms are awful!,Anxiety,0.3808724832214765,0.3295454545454546,0.0,0.0,0.0195121951219512,0.0,0.0108862384172301,0.1818181818181818,0.6962925342813612,0.4063888888888889,0.5631746031746031,0.0,0.0681818181818181,0.034090909090909,0.0,0.0,0.0,0.0,1
51972.0,"Life I just wanna rant ab this cuz im embarrassed saying it irl because we all struggle and its not something special. i just hate how lifes going and might go. im find im just in college, i have a fine family situation and everything but man im just tired working, doing homework and whatnot. the fact that i have to keep working hard in both of these categories to succeed in the future makes me very anxious and i hate it. imma keep going tho i just hate it.",Anxiety,0.3800335570469799,0.3371212121212121,0.0,0.0,0.0,0.0,0.0104453627180899,0.1888888888888888,0.7030415890751086,0.3531746031746031,0.6820105820105822,0.0222222222222222,0.1111111111111111,0.0222222222222222,0.0166666666666666,0.0,0.0,0.0,1
52009.0,"Seroquel makes depressed I have major depressive disorder and social anxiety I take 400mg seroquel for sleep and have a weird side effect , when I take it makes me have those sudden life realisations about my self *really bad thoughts” 

Exactly like a bad weed trip and that’s why I stopped smoking weed .

It’s weird since I’ve tried all drugs from benzos and opium to ssris and snri and it’s the only drug that makes me feel this way 

Why I am feeling this way? I searched a lot and couldn’t find people with the same problem",Anxiety,0.4328859060402684,0.3712121212121212,0.0,0.0,0.0292682926829268,0.0,0.0110297186743467,0.202020202020202,0.7196546470289488,0.3972916666666667,0.5774999999999999,0.0,0.0808080808080808,0.0909090909090909,0.0454545454545454,0.0,0.0,0.0,1
52011.0,"Is it possible to be physically anxious without being mentally anxious? I woke up this morning with not a thought in my head but was experiencing bad physical symptoms (stomach tight and nervous feeling, chest tight, ect). Just curious if it's possible to be physically anxious when mentally you're doing ok?

The only other thing I can think of is that I'm mentally anxious about the physical symptoms but would love to hear other people's experiences!",Anxiety,0.3724832214765101,0.2840909090909091,0.0,0.0,0.0,0.0,0.0132938234014789,0.2368421052631578,0.7835930608644517,0.4572668650793651,0.6429894179894179,0.0,0.0657894736842105,0.1184210526315789,0.1184210526315789,0.0,0.0,0.0,1
52013.0,"The Rollercoaster ride of anxiety. Starts off slow, maybe you don't notice then eventually starts going up and no matter how hard I try to meditate, mindfulness and it slowly goes up until it peaks and I crash down. Then I'm okay for a day, a week, and start climbing again. 

 It seems to go up and down and I'm on medication, in therapy, practice mindfullness and it always seems I take a step or 2 forward, then take a step or 2 back. It's so frustrating",Anxiety,0.3741610738255033,0.3257575757575757,0.0,0.0,0.0,0.0,0.0107778411069947,0.2758620689655172,0.692801643870802,0.4310763888888889,0.4149305555555555,0.0,0.0344827586206896,0.0459770114942528,0.0344827586206896,0.0,0.0,0.0,1
52047.0,"I'm an adult who can not sleep alone. So I'm 32f and since I was a kid I've struggled with anxiety and sleeping. Afraid of the dark, night terrors, sleep paralysis all that fun stuff.

My partner, is going away for 2 nights for a work thing. This means I'll be alone in the house. I have never been alone in a house, I've always had house mates or family in the house with me. Any time I was left with a house to myself I would get mates to come over and stay or I would go out. Its only at night when I have to go to bed in the house that I have the issue, I otherwise tend to enjoy being by myself. 

This whole thing is filling me with more and more anxiety. I know i'm building it up alot but its been one childhood fear never managed to sort out. 

I want to get over this, I feel quite pathetic that its causing me so much panic.

Tools at my disposal:
1 incredibly needy cat that sleeps with me every night.
A tv in my room. 

Hoping for advice and encouragement.",Anxiety,0.8003355704697986,0.7386363636363636,0.0,0.0,0.0,0.0,0.0096875527070332,0.2755102040816326,0.6171474176262683,0.551923076923077,0.5230769230769231,0.0,0.0510204081632653,0.0714285714285714,0.0229591836734693,0.0,0.0,0.0,1
52048.0,Neighbours Hello I’m haveing anxiety because my neighbours pour things like pee dog poo etc I can’t put my plants out side cuz water is always falling of their top balcony and on to mines there are really hostile to my then I get racism from them keep in mind I did nothing to them it is like they are heart less and my boys and I are scared cuz they threatened as I call police so much time they do nothing I’m also looking for i new home they do drugs they spat at us when we go out side and they say the reason why water falls from the porch is because the water tank they party ever day it’s really scary In hope I can move to better area I stay strong in front of my boys but i cry in the in side it feels like no cares about us at all it’s more worrying cuz I’m I single mother of 2 and upstairs is all men idk what to and I’m scared for my life and my children life btw I’m in Scotland sorry if I mis spelled some things it cuz I’m shaking.,Anxiety,0.787751677852349,0.75,0.0,0.0,0.0439024390243902,0.0,0.0091729307695502,0.2160804020100502,0.5867606187361388,0.5559818968909878,0.4880755608028335,0.0,0.050251256281407,0.1306532663316583,0.0150753768844221,0.0,0.0,0.0,1
52049.0,"Oxazepam? Hey! I have been taking oxazepam 7,5mg-15mg once per day for my anxiety for the past 2 months. I'm neurotic about getting addicted, eventhough I don't think I have too high risk for that: I have been taking those pills max. 2 days per week and I'm even keeping two weeks pause from using them atm. I try to avoid taking those pills even two days in a row.

I have them as needed and I was wondering can I continue using them like this or am I going to be addicted? Like if I take 15mg once/two times per week for a month and keep two weeks pauses just to make sure? 

Does anybody here use these pills as needed and how often do you take them? They really help with my anxiety but I want to respect that medicine so I try to take them only when my situation is really bad.",Anxiety,0.6468120805369127,0.5833333333333334,0.0,0.0,0.0,0.0,0.0100973073846974,0.1741935483870967,0.6352495945215354,0.444375,0.5931944444444445,0.0129032258064516,0.0709677419354838,0.0838709677419354,0.0290322580645161,0.0,0.0,0.0,1
52051.0,"Lorazepam side effect/after effect In the last week or so, I have been taking small doses(.5/1.0) of Lorazepam(only as needed) prescribed by my doctor for anxiety.

I have been experiencing some weird effects, which are feelings of weakness, weird random head pressure that will come and go, and weird scalp sensation that come and go and pressure weird dreams, etc... Just was wondering if anyone else has experienced these symptoms or other symptoms when taking or going off of Lorazepam..Like I said, I only take it if I feel extremely anxious. My anxiety has also been really high..Has anyone experienced these symptoms due to anxiety and or effect from Lorazepam/benzos? I plan on asking my doctor, but just wanted to see if others experienced these or other symptoms..Thanks!",Anxiety,0.6476510067114094,0.4810606060606061,0.0,0.0,0.0,0.032258064516129,0.0137794851928374,0.2109375,0.6627094972067039,0.4748046875,0.6869791666666667,0.015625,0.0859375,0.078125,0.046875,0.0,0.0,0.0,1
52053.0,"selfishness ""I don't feel very good, it's like I don't belong in this world (I don't think I ever did). My friends are happy, and I'm always the one who's not really funny and who ruins the mood. So now I try to say as little as possible, people always ask me if I'm okay, if I'm tired, or worse, they say I'm scary. I think I'm just a mistake. People must find me weird or creepy, it's ruining me. A few years ago, my brother committed suicide, I felt very close to him, I think about his death all the time, I wish I could start my life over again and make the right choices (for once). What affects me the most is girls, I think... It's ridiculous, but I would love to have a relationship with a (very) pretty girl. Sometimes I think I've suffered so much that I would at least deserve that. I saw the damage my brother's death caused in my family, now I think if I didn't have a family to make suffer =&gt; suicide. My message is so selfish, and I know it. Thank you for reading these few lines..."" 

\-Lust",Anxiety,0.839765100671141,0.7462121212121212,0.0,0.0,0.0,0.064516129032258,0.0103340568216601,0.1666666666666666,0.6521640990914734,0.4983669772256728,0.6528571428571429,0.0,0.0252525252525252,0.0808080808080808,0.0151515151515151,0.0,0.0,0.0,1
52065.0,"Need someone to talk too Its late where I am and I can't sleep and I'm super anxious and was wondering if anyone had time to talk about anything to help calm me down a bit

(I don't accept chat requests because of weird people in the past and would like to use the comments to talk) 


Edit: Wanted to write a edit thanking all the people who helped me last night I didn't sleep but you all made me feel calmer it means a lot to have support and people to talk to",Anxiety,0.3783557046979866,0.3522727272727273,0.0,0.0,0.0,0.0,0.0096198933239552,0.2553191489361702,0.7156781171995721,0.4486111111111111,0.5777777777777777,0.0,0.0638297872340425,0.0,0.0,0.0,0.0,0.0,1
52066.0,"What are your triggers? I know my anxiety triggers are these. Pretty much everything else will not do anything to me. 


* Biggest one right now are doctors, medical. Get really anxious, blood pressure and BPM go up.
* Next in line is testing... I don't take tests now, but I get really anxious. I stare around, sweat a little. And then when the test is over, nothing.
* It is hit or miss, but if I have a presentation or in front of people, get real nervous. Remember bombing for one performance where I just stood there... one time.
* Get nervous around attractive people for some reason. Yea. 


... It is interesting... but these don't normal trigger. 


* I am fine in crowds or social situations. Maybe I have trained myself to avoid the triggers
* Stressful work situations, I usually handle these ok, interviews? Etc

Anyways, I wish I could tackle those above.. and I would be good. But I have found nothing...",Anxiety,0.7558724832214765,0.625,0.0,0.0,0.0,0.1612903225806451,0.0116457565800391,0.1686746987951807,0.7089587399878845,0.5860615079365079,0.4834656084656084,0.0120481927710843,0.0240963855421686,0.0542168674698795,0.0271084337349397,0.0,0.0,0.0,1
52082.0,Anyone have chronic anxiety 24/7 I feel so anxious throughout the day and night. Then going sleep have insomnia. Then start hypnic jerking as I'm abouts to go sleep and gasp for a breath whilst I get some anxious panic sensation. I really hate having anxiety and stress. I also feel dizzy and lightheaded throughout the day. Heart palpitations always on 1 aswell.,Anxiety,0.2978187919463087,0.2348484848484848,0.0,0.0,0.0,0.0,0.0126645240281603,0.1746031746031746,0.771570453134699,0.2833333333333333,0.9666666666666668,0.0,0.0634920634920634,0.0793650793650793,0.0238095238095238,0.0,0.0,0.0,1
52086.0,Meds Help?! 💔 Hi beautiful people. I have pretty bad PTSD with life long anxiety and panic attacks. It is really bad lately and I’m considering medication. I’m a very happy person naturally and have never been bored a day in my life but the flip side of that is feeling EVERYTHING. Hoping you guys can help me. I was on Lexapro a few years ago for one year. I lost my zest for life but it absolutely saved me during a very hard time. I gained a bunch of weight which was not good because I struggle hard with my weight to begin with. Is anyone on something that did not cause them to gain weight but did work? Im just sick of being in constant fear. I quit caffeine and that helped but lately everything is causing me to panic. Please help if you have any experience with meds. Thank you so much!,Anxiety,0.6669463087248322,0.5833333333333334,0.0,0.1,0.0146341463414634,0.0,0.0106304985337243,0.232258064516129,0.6684087222923049,0.4490244708994709,0.6427579365079364,0.0,0.0774193548387096,0.0967741935483871,0.0483870967741935,0.0,0.0,0.0,1
52110.0,"Hi yall! Hey loves, hope you guys are doing okay! I made a google classroom if anyone needs anything like breathing videos, inspirational comments, daily check-in quizzes! &lt;3 class code is **qa62sk7 have a good night yall!**",Anxiety,0.1837248322147651,0.1363636363636363,0.0,0.0,0.0,0.0,0.0139881617154344,0.1081081081081081,0.97221802808395,0.75,0.525,0.0,0.081081081081081,0.081081081081081,0.0405405405405405,0.0,0.0,0.0,1
52125.0,"Don't know if I'm in the right place for this... Recently it was seeming like my life was finally getting on track. I had taken control of my addictions, I was being more productive, I was seeing myself changing into a better person. Good things were happening.

Then out of nowhere everything just came crashing down, like many times before.

I don't know if people think like me, or that far ahead for that matter, but I don't think I am the only one who fears such an overwhelming anxiety about not achieving whatever it is you want in life. 

I have been feeling like I won't ever be able to achieve even the most basic things that all other humans are able to achieve. I can't explain the reason why I feel this way, but it's basically being anxious that I'm failing at life as a whole and that I'm not taking advantage of the precious time that I have on earth.

Like I'm just here and wish to stay here, but when do I start ""living""?",Anxiety,0.7776845637583892,0.6704545454545455,0.0,0.0,0.0,0.032258064516129,0.0108761259169839,0.2359550561797752,0.6823802648923483,0.6188789682539683,0.6162301587301587,0.0,0.0730337078651685,0.0561797752808988,0.0337078651685393,0.0,0.0,0.0,1
52131.0,"Health Anxiety I'm freaking out 😭😭 we're getting renovations done in our house, and I stupidly walked on the paint tarps with bare feet while carrying my basket of clean sheets/blankets to my room. I was walking all over my room with my bare feet, and then some of my blankets fell out the basket and onto where I walked with my paint feet. So now I'm worried there's paint particles all in my sheets and blankets and I'll go blind 😭 it's midnight and I need to go to bed I can't rewash and dry them right now 😭😭😭",Anxiety,0.4614093959731543,0.3863636363636363,0.0,0.6000000000000001,0.0292682926829268,0.0,0.0114572467838134,0.203883495145631,0.610782665292618,0.4561224489795918,0.5289115646258503,0.0,0.087378640776699,0.0970873786407767,0.0145631067961165,0.0,0.0,0.0,1
52136.0,"Has anyone noticed their anxiety gets worse throughout the day? I’ve begun to realize that throughout the day my anxiety gets worse. I wake up feeling okay, but as I go through my day, something happens where I begin feeling more overwhelmed. Has anyone else noticed this?",Anxiety,0.2214765100671141,0.1742424242424242,0.0,0.0,0.0048780487804878,0.0,0.0127703534376648,0.1063829787234042,0.7594199453227148,0.525,0.55,0.0,0.1063829787234042,0.1063829787234042,0.0,0.0,0.0,0.0,1
52142.0,"Slipping Away I feel like I’m slipping away. I navigate bad traffic on the way into work where I’m in a hybrid tech support/business analyst role: so primarily I’m listening to and troubleshooting everyone’s troubles through the day.

The calls sometimes start at 7:00AM and don’t end until after 6:00 other days. And heavy traffic back home.

Every week this year it seems something around the house is breaking and either needing me to repair it or pay someone to come out.

After sorting out the to-do list time is passed with my dogs, who I love very much but are extremely pushy and needy some days.

That goes on until my father-in-law gets home and demands that the dogs get put away, and everything turned off and focus turned to him so he can tell all about whatever’s on his mind — he lives with us. And if I don’t drop everything I have to hear from his family and somehow my family about how I need to stop hurting his feelings.

Then bed and wake up to start over again.

I get about an hour a week to just myself. And hour a week to be me. I feel like I’m losing who I am.",Anxiety,0.8993288590604027,0.7803030303030303,0.0,0.0,0.0439024390243902,0.0,0.0107514539332721,0.2367149758454106,0.6623215394165115,0.4905,0.4101666666666667,0.0,0.0821256038647343,0.072463768115942,0.0289855072463768,0.0,0.0,0.0,1
52149.0,"Feeling overwhelmed and uncomfortable in my body right now I don’t really don’t know how to describe this. But I just genuinely have that feeling like on the verge of exploding. Like I’m so exhausted and dissatisfied with my life. And right now I just feel so uncomfortable in my own skin like I just don’t even want to be in my body anymore. Just the feelings that arise from not having a support system, experiencing chronic pain, trauma, and not getting what I want in life academically, socially, etc. is just all coming to a head. Life just feels so unfair sometimes. Like I’m having to work twice as hard as other people in my life and I’m just drowning. But when I complain or ask for help, people brush me off or call me over dramatic. Meanwhile everyone is always expecting me to play superhero for them in their own lives. It’s just making feel so wound up and tense. And I don’t really know how else to describe it but I can’t even focus on work right now.",Anxiety,0.8045302013422819,0.6818181818181819,0.0,0.0,0.0439024390243902,0.0,0.0111848013028324,0.2209944751381215,0.5627025525479181,0.494327731092437,0.6053221288515407,0.0,0.0662983425414364,0.0607734806629834,0.0248618784530386,0.0,0.0,0.0,1
52158.0,"I don't expect anyone to look at this soon, but it's always nice to see someone has... I just wanted to rant in a sort of way. I just got finished with my spring break. My mom was in hospital the entire time. My dad is due to have a surgery soon. And last semester two of my grandparents passed, one severely declined, and the others house is being sold after we spent about 2 months cleaning it and renovating it. I just don't feel like doing anything and my anxiety is such that my chest hurts and my body aches. So much has happened and I am trying so hard but it feels like my brain is my own worst enemy right now. I just want peace. I just want silence. I just want to sleep and not get up. I don't know how to help myself anymore. I am primary caretaker for my parents now and I am terrified. Any advice is nice. I am in college and work. I'm F22 and seeing the counselor at my college. It's just a lot at once and am struggling to even break the surface.",Anxiety,0.8003355704697986,0.7310606060606061,0.0,0.0,0.0,0.032258064516129,0.0098619749510096,0.2319587628865979,0.6290963543166503,0.5449633699633699,0.5726190476190476,0.0,0.0618556701030927,0.0979381443298969,0.0077319587628865,0.0,0.0,0.0,1
52162.0,Any advice I can give my gf on how to help? I want to give advice too my gf on how to help with my health anxiety I'm worried about everything recently and I keep asking her for reassurance my mental health is on a straight decline I'm eating more I effort into hygiene all I do is sleep play video games and I'm rude all the time I blow up at people and i cant even leave my house it's also been affecting how I play hockey I have been worried about every possible health thing possible recently. I have noticed I have visual snow and i linked it to a bunch of random stuff and its worried me more and I ask her for help but she dosent know what to do because of no experience with it can anyone write some advice on how she can help me in comments I can give her because i dont wanna stress her out,Anxiety,0.6644295302013423,0.6174242424242424,0.0,0.0,0.0,0.0,0.0095872807901632,0.1829268292682926,0.5612481264477449,0.5136363636363637,0.4727272727272727,0.0,0.0609756097560975,0.0853658536585365,0.0091463414634146,0.0,0.0,0.0,1
52163.0,"Anxiety is ruining my life I am now into my 30s and feel like my life is passing me by while I am unable to enjoy it due to being anxious all of the time. I have a great job and feel like I am going to ruin it because I am so socially anxious and awkward. 

The only time I feel like I can truly enjoy the company of other people and not feel like my flight or flight is x100 is when I take a low dose opiate or drink alcohol. 

I stopped doing all of it for two years thinking that I might get better if I don’t use any substances, but it just spiraled into extreme anxiety and depression since I didn’t get any breaks from it. 

I have tried every SSRI/SNRI/TCA under the sun and they don’t work. 

I don’t know what the point of this post is other than to vent I guess.",Anxiety,0.6342281879194631,0.5984848484848485,0.0,0.0,0.0195121951219512,0.0,0.0093365039762981,0.2327044025157232,0.5927058079477179,0.5,0.6553571428571429,0.0125786163522012,0.0566037735849056,0.1069182389937107,0.0283018867924528,0.0,0.0,0.0,1
52171.0,"Regretting a CBT challenge/ERP exposure. So I have emetophobia, OCD, an ED, health anxiety, basically everything.

I did a CBT challenge tonight, to eat 'outside' chicken, aka chicken not from inside my home that I've gotten a trusted person to cook for me.

I picked it the fuck apart. It looked absolutely fine. But I have convinced myself I have food poisoning from it, or some other illness.

I also happen to be in the refeeding process which makes me feel like crap when I eat, have been having menstrual GI symptoms, I have chronic constipation that I took Fybogel for (which always gives me a super loud tummy and gas) - so both of those things could be a contribution or cause of my stomach discomfort.

But wow I regret even challenging myself. I hate that I regret it, too.

I'm so scared. Looks like a night of worry and no sleep for me. Feels like all progress has gone out the window.",Anxiety,0.7424496644295302,0.6174242424242424,0.0,0.0,0.0,0.0,0.0115400120943358,0.2012195121951219,0.7116773402370895,0.421875,0.7159722222222222,0.024390243902439,0.0548780487804878,0.0426829268292682,0.0182926829268292,0.0,0.0,0.0,1
52180.0,"Anxiety of letting possessions go for new ones Does anyone else feel anxious when you try to donate or throw away unusable or old items? How do you cope with these feelings?

I’m trying to bring myself to buy a new mattress, bed frame, sheets, etc. But I’m finding a million reasons not to-mainly attachment reasons. I know I need a new mattress and box spring for health reasons at the very least but I don’t want to buy another twin (I’m a young adult). I’d like to try to break these thoughts and find joy in a new purchase. It’s taken two years to decide to purchase a new bed.",Anxiety,0.4798657718120805,0.4166666666666667,0.0,0.0,0.0292682926829268,0.0,0.0107928176109994,0.2252252252252252,0.7407015954501989,0.551900826446281,0.4447933884297519,0.036036036036036,0.063063063063063,0.081081081081081,0.0135135135135135,0.0,0.0,0.0,1
52187.0,"Struggling at the momen I have no idea what has caused this change. I’m anxious 95% of the time. Anything and everything is triggering me even a simple word will set me off. I’m scared of everything and I’m really low. I wake feeling anxious, this morning was horrible. I feel very shaky to. I feel like I can’t turn anywhere at the moment. I think I’ve managed to annoy everyone with my anxiety and stupidity. Nobody wants to hear me rant on about my problems but my head is getting more and more full by the day. I’m having counselling but I’m not sure it’s doing much. I really need someone to talk to. Spoke with the GP today, they are increasing my tablets again. I have no idea what the change was or has been. I just know I’m in a real spot at the moment",Anxiety,0.6317114093959731,0.5568181818181819,0.0,0.0,0.0439024390243902,0.0,0.0104981014071923,0.2297297297297297,0.6666163370073984,0.4702380952380952,0.5961451247165533,0.0135135135135135,0.1081081081081081,0.0945945945945946,0.0202702702702702,0.0,0.0,0.0,1
52214.0,"Diarrhea, nausea, gag reflex - stressful situations Hey, is there anyone who had these symptoms as a result of stress? I get diarrhea before leaving home if I have to get somewhere by public transport. Before dentist visit I get nausea and gag reflex without vomiting, it lasts all the time and it's destroying my life completely. I can't go to the dentist, I can't go somewhere by public transport, I only feel fine when I know there is a restroom nearby and I will be able to use it whenever I want. My life is a hell. I react bad to all SSRI like my sister she has tried many ssri's for her anxiety disorder and none of them worked correctly - I don't know it's genetic or what but me and she react very similar to them. My GI wants me to start trimebutine, is there anyone who has tried it?",Anxiety,0.6593959731543624,0.5757575757575758,0.0,0.0,0.0,0.0,0.0106614271052773,0.196078431372549,0.6372001314492277,0.5371212121212121,0.404090909090909,0.0,0.0326797385620915,0.0784313725490196,0.0196078431372549,0.0,0.0,0.0,1
52220.0,Morning After I had an anxiety attack last night and woke this morning still feeling it a little. Does anyone else have anxiety attacks that last longer than a day. I have taken one ativan so far. Which helped me get to sleep.,Anxiety,0.1828859060402684,0.1590909090909091,0.0,0.0,0.0,0.0,0.0109472099429816,0.1860465116279069,0.8565674938287644,0.4890625,0.4083333333333333,0.0,0.0930232558139534,0.0465116279069767,0.0,0.0,0.0,0.0,1
52231.0,I hate this I had a random panic attack last night and I feel so bad today. I've decided to come to work rather than stay home and recover because it makes my wife worry so much. This is hell.,Anxiety,0.1543624161073825,0.1477272727272727,0.0,0.0,0.0,0.0,0.0093836088154269,0.225,0.8458100558659217,0.32,0.4666666666666667,0.0,0.025,0.075,0.0,0.0,0.0,0.0,1
52278.0,"Omg I hate it I have a job interview in 10 minutes and went to the hairdesser beforehand. She asked me if we should wash my hair and I declined bc I don‘t have enough money. So she asked me if I was sure. And instantly I felt bad about my hair, as I thought it was greasy. Now I‘m freaking the f out and I don‘t know how to calm myself. I hope the interviewer doesn‘t look at my hair obviously.",Anxiety,0.3238255033557047,0.3068181818181818,0.0,0.0,0.0195121951219512,0.0,0.0093563125713901,0.2073170731707317,0.686605804605532,0.45,0.696031746031746,0.0,0.048780487804878,0.048780487804878,0.0182926829268292,0.0,0.0,0.0,1
52292.0,"Does anyone else unconsciously tense up/clench your jaw/ mouth when stressed? Or have other symptoms along with your anxiety? For instance, I'll always catch myself doing it if I'm stressed over like, talking to or being around people, or waiting for a doctor's appointment or things like that. Does anyone else get that with their anxiety/stress? 

 I've also noticed that when I'm stressed I'm noticeably more anxious and my body shaking and thoughts and feelings overall get worse. 

 Anyone else experience these things? Haha this sounds stupid but I'm posting it anyways because I'm just curious hahaha, 🥲


 Edit: I also get some brain fog ( not remembering things somwtimes, doesn't happen all the time, maybe a few times a a week if im particularly stressed and or anxious about something important) as well, but I'm not sure if it's apart of my anxiety or if it could be something entirely different.",Anxiety,0.7541946308724832,0.571969696969697,0.0,0.1,0.0048780487804878,0.0,0.0133391329563578,0.1907894736842105,0.7159658923845927,0.4611979166666666,0.599826388888889,0.0131578947368421,0.0855263157894736,0.0526315789473684,0.0394736842105263,0.0,0.0,0.0,1
52295.0,"I need help to stop my health anxiety I struggle from extreme health anxiety and it has exponentially gotten worse. A few days ago I discovered two big red dots on my neck and fully convinced myself that I was bitten by a rabid bat either during the daylight or while I was asleep. I had a full mental breakdown, searched my room for bats, and had an anxiety attack. I went to see a NP and a PA and both told me that it is not a bat bite. I have not seen any bats near me and while the doctors told me to calm down, I simply cannot. Today my throat started hurting but I genuinely cannot tell if I am only imagining that. It is impacting my life so much and I don't know how to stop being so anxious. It has been so hard on me, and my friends who I am driving crazy. Please be kind and maybe you can help talk me out of my frantic rabid state haha.",Anxiety,0.7046979865771812,0.6590909090909091,0.0,0.0,0.0,0.0,0.0094746162927981,0.2285714285714285,0.6475658419792498,0.5007309941520468,0.5098788638262324,0.0,0.0685714285714285,0.1085714285714285,0.0428571428571428,0.0,0.0,0.0,1
52309.0,"Almost first public panic attack Was standing in a room full of people for a work presentation. I was at the front and wasn't the focus but could be seen by many. I was bored so my mind was just humming along. Then intrusive thoughts came, then a worse one. Then i was thinking i need to leave, then I knew i can't, i can't leave i can't have space i am stuck, i need to run, then the room started kinda spinning and i got light headed. I grabbed a chair and sat down, nobody really cared but if i had not found a chair i don't think i could have lasted without making a scene or passing out.

I guess this is about intrusive thoughts spiraling out of control.

I didn't get a good nights sleep last night maybe that could have happened.",Anxiety,0.6098993288590604,0.5454545454545455,0.0,0.0,0.0,0.0,0.0102474589151705,0.2137931034482758,0.6668079368137161,0.5611111111111111,0.4459595959595959,0.0,0.096551724137931,0.0275862068965517,0.0103448275862068,0.0,0.0,0.0,1
52314.0,"anxiety around smelling bad it's been 3 days but i have been super paranoid about this.

my friend and i were hanging out and i don't remember how it was necessarily brought up but she said ""i know a girl who is very pretty but she doesn't shower"" and then asked ""do you think she knows"" after i told her idk it depends cause for some people they do and others they don't then she asked ""btw how often do you shower?""

i've beeb freaking out ever since then that she was throwing a hint that i don't stink but i have asked two people i trust that same day if i stink and they said no but what she said was too odd and random for it to not be a hint although she did ask me for a hug before leaving after the whole thing happened so maybe it wasn't about me?

i have always had anxiety surrounding this issue because growing up i couldn't afford to shower everyday like i do now so i feel like she accidentally (?) triggered me i genuinely can't tell if she was throwing a hint or what",Anxiety,0.8162751677852349,0.7386363636363636,0.0,0.0,0.0,0.0,0.0100213639174678,0.1683673469387755,0.6014137498574849,0.4845833333333333,0.5708333333333333,0.0,0.0714285714285714,0.0663265306122449,0.0229591836734693,0.0,0.0,0.0,1
52319.0,"Experiencing pains and Have bloodshot eyes. Could this be serious? Im 22ftm and ive been having a stressful time few months especially in the last few weeks. I've been to the hospital already 2 days ago becaude i had a horrible panic attack, had an XRAY, EKG, blood work, tests for heart failure. Every single one came back fine/normal/healthy. While that releived me the pains have gotten worse. My muscles are aching heavily in my shoulders/upper arm, my upper back, chest and stabbing pains in my heart. I do wanna add I have started ashwagandha maybe could be a negative reaction to that and the eyes could be the stress from the anxiety attacks I've been having? Jus wanna know if others get bloodshot eyes like this too? Id post a picture but i dont qnana givr anyone the ick. It isnt HORRIBLE jus a bunch of bloodvessels. Going to the doctor again tomorrow.",Anxiety,0.7181208053691275,0.5795454545454546,0.0,0.0,0.0,0.0,0.0121104790526278,0.2337662337662337,0.7063048683160416,0.3555803571428571,0.4217261904761905,0.0129870129870129,0.0454545454545454,0.0649350649350649,0.0194805194805194,0.0,0.0,0.0,1
52322.0,"Surgery on nose Anyone with anxiety around surgery have nose surgery. My main way of calming myself is 4-7-8 breathing or 4-box breathing and am a little nervous that my nose will be all blocked up. Guess I better start my mouth breathing.

Also get anxious when on pain killers like I am out of control. I can’t relax and get anxious that the fatigue will cause me to pass out “I have the freeze response”. My wife tried to remind me the pain killers are there to help and to let my body just handle it.

Plus I hate the anesthesia part when they cover your mouth in the waiting room. Not that I’ll die, just feels unnatural like a forced nap. My wife just reminds me that she would rather be asleep during the surgery, just wish I could really take that mindset.",Anxiety,0.6325503355704698,0.5454545454545455,0.0,0.0,0.0195121951219512,0.0,0.0108886672366296,0.2137931034482758,0.6597187439799653,0.4424479166666666,0.5791666666666667,0.0,0.0551724137931034,0.096551724137931,0.0103448275862068,0.0,0.0,0.0,1
52327.0,"I hate that doctors don't like prescribing Benzos I have Tinnitus and the only thing that puts me to sleep is Ativan .5 mg. I know people who've been on a low dose Klonopin for years and nothing happened to them. I hate SRRIs because they give you insomnia. It's frustrating that all they wanna give you is a bunch of off label medications that have more side effects than benefits. Everyone keeps saying 'yoga, melatonin, ba bla bla..'. They wanted me to take Gabapentin which is used for people with seizures.",Anxiety,0.421979865771812,0.3446969696969697,0.0,0.0,0.0,0.0,0.011932566774464,0.217391304347826,0.7653631284916201,0.3892857142857143,0.6428571428571429,0.0,0.0869565217391304,0.0434782608695652,0.0163043478260869,0.0,0.0,0.0,1
52328.0,"Weird breathlessness problems lately. Hello ,recently I've been having alot of anxiety problems because of what started to be a discomfort in the chest which now evolved to breathlessness after working out and while stationary.

Tests that I have done and that came back normal : Adrenaline Heart test , Echocardiagram, Blood test (D-dimer included) , Chest X-Ray and soon i'm getting a 24 hour EKG. I've also tested my lung capacity by blowing into a tube. But nothing came back abnormal. 

I don't know if I should get any other tests but it is worth noting that I suspect I got covid-19 and apparently some people experience these problems aswell.

&amp;#x200B;

Any advice?",Anxiety,0.5570469798657718,0.428030303030303,0.0,0.0,0.0,0.0,0.0130974819970035,0.175438596491228,0.7745761050671371,0.4763888888888888,0.3694444444444444,0.0,0.0789473684210526,0.087719298245614,0.0263157894736842,0.0,0.0,0.0,1
52338.0,"Is this okay for a therapist to do? When I was talking to her about my difficult/manipulative relationship with my dad and how he suddenly started ignoring me over the smallest thing she asked me how I felt about it, when I said that I was feeling angry then she asked me “what else?” I said “maybe also disgust of him” then she again said “what else?” i got stuck for words because well that’s it? i’m not sure that i feel anything else, but she was waiting for the answer and I answered something like “confusion” then she again asked me the same question and I told her “that’s all”. and this is the part I’m not sure about: she then said “i think you also feel sadness, tell me do you want to cut contacts with him?” I told her that probably yes, i’m ready for this and determined to do it. but she implied that this is not what I want and told me to think about it and tell her on the next session. since then i feel really uncomfortable with her and i’m thinking about leaving therapy. i don’t know maybe i just overthink and it’s not what it’s actually like?",Anxiety,0.886744966442953,0.7765151515151515,0.0,0.0,0.1024390243902439,0.0,0.0105880071678836,0.2135922330097087,0.5159733145305635,0.46,0.5502777777777778,0.0097087378640776,0.0776699029126213,0.0436893203883495,0.029126213592233,0.0,0.0,0.0,1
52350.0,"What’s going with me. Seriously I’ve had a endoscopy done on 11/12/2022. Nothing was found just just ulcer. They always find ulcer. I also had a colonoscopy done. Nothing was found

Started yesterday. I had a meal. Right after the first bite I gotten nauseas. Then little pain in middle of chest and acidic around the mouth so I forced myself to vomit. Today I had a protein snack before running. Felt acidic while running. Went away after a while. Went home had rice and chicken and felt all nasty so I force myself to vomit it so it doesn’t it bother me anymore and I never had it like this. What’s wrong with me? GI out of town till Monday.",Anxiety,0.5318791946308725,0.4545454545454546,0.0,0.0,0.0195121951219512,0.0,0.0110676638663115,0.2066115702479339,0.6686827646705757,0.3674933862433862,0.5650793650793652,0.0,0.0413223140495867,0.0578512396694214,0.012396694214876,0.0,0.0,0.0,1
52367.0,"How can I better handle my catastrophising Recently I’ve become a lot more aware that when I overthink something I often don’t look for evidence that that thing is true I instead simply catastrophise without receiving the information which actually may disprove what I’m thinking. A common reaccuring thought in this is that my boyfriend is mad at me, that my friends are mad at me and overall the overarching fear that I’ve done something wrong. From personal experiences can anyone give me some personal self help techniques to reduce catastrophising and overall thoughts that are extremely blown out of proportion",Anxiety,0.5100671140939598,0.3787878787878788,0.0,0.0,0.0195121951219512,0.0,0.013804789569866,0.2574257425742574,0.7353835942253443,0.48203125,0.4754464285714286,0.0396039603960396,0.0792079207920792,0.099009900990099,0.0594059405940594,0.0,0.0,0.0,1
52371.0,"I can feel something in my lower throat or upper lungs. I’m not sick but when I am, the mucus is usually felt in the back of my throat rather than where I can feel something now. I’m at work constantly trying to clear my throat and googling how to cough up phlegm even though I’m not sure that it *is* phlegm. I can’t concentrate on anything else and I’m worrying that I have a disease. I haven’t done any work in the last 40 minutes because I keep googling and getting up when I’m restless. Considering leaving work early to go home but I know it’ll sound stupid. I also know that my reaction to overpowering anxious thoughts is to leave wherever I am and go home, so I know the reason for wanting to go home isn’t because I feel physically sick enough.

I wish I could just sit with this mild physical discomfort and cough every now and then like a normal person but instead, every time I feel the thing in my chest a wave of anxiety paralyses me. I don’t know how to get through the day.

What should I do?",Anxiety,0.8380872483221476,0.7386363636363636,0.0,0.0,0.048780487804878,0.0,0.0104781582054309,0.2040816326530612,0.6066583057804127,0.4757703081232493,0.4781979458450047,0.010204081632653,0.0663265306122449,0.0765306122448979,0.0306122448979591,0.0,0.0,0.0,1
52395.0,Weak legs. Hello I’ve dealt with anxiety for a couple years now. Never taken any medication for it. But as of recent I’ve noticed that I can’t stand still for long periods of time. My legs will feel heavy and feel like they are going to give out from under me. I feeI like I constantly have to keep moving . If not find a chair to sit down. Has anyone experienced this? Anybody suggestions?,Anxiety,0.3204697986577181,0.2803030303030303,0.0,0.0,0.0146341463414634,0.0,0.0107208448117539,0.2133333333333333,0.8492364990689013,0.5013888888888889,0.471031746031746,0.0266666666666666,0.0533333333333333,0.0933333333333333,0.02,0.0,0.0,0.0,1
52396.0,"Following up yesterday, about Tylenol So I still had a a headache this morning and I finally went to the store to get some ibuprofen. Took it about 10 minutes ago and really scared still that it was laced with cyanide. I know cyanide is fast acting but how fast acting so I can stop worrying soon about it being that",Anxiety,0.2583892617449664,0.2272727272727273,0.0,0.0,0.0,0.0,0.0106636408797362,0.2622950819672131,0.7472295997801995,0.5428571428571428,0.3571428571428571,0.0,0.1311475409836065,0.0327868852459016,0.0491803278688524,0.0,0.0,0.0,1
52399.0,Metabolic Endotoxemia: One Root Cause of Many Diseases of Affluence [https://link.chtbl.com/theperfectstool-Reddit](https://link.chtbl.com/theperfectstool-Reddit),Anxiety,0.0587248322147651,0.0416666666666666,0.2,0.0,0.0,0.0,0.0154384756657483,0.1666666666666666,0.914338919925512,0.75,0.5,0.0,0.0,0.0833333333333333,0.0,0.0,0.0,0.0,1
52414.0,"How to Move On Why, with health anxiety, is it so difficult to accept things are okay and move on? Say you’ve spent a lot of time worrying about a specific condition and then been given the all clear (found out that everything is normal and you are okay)… why don’t you just feel the relief? 

I find myself, having been “given the all clear” still in mental turmoil, as if all those thoughts and worries are still there and just aren’t sure where to go.

Does any one else struggle with letting go of these worries even after they “resolve”?

Any tips for getting there faster? (I am currently on anti depressants to help cope with anxiety).",Anxiety,0.5285234899328859,0.4431818181818182,0.0,0.0,0.0390243902439024,0.0,0.0114161647289536,0.2627118644067797,0.7647950004734401,0.5325,0.4630555555555556,0.0169491525423728,0.0423728813559322,0.0762711864406779,0.0127118644067796,0.0,0.0,0.0,1
52416.0,"How do I deal with sounding nervous on the phone? I recently got a job where I am now working in an office. I recently have worked in an office environment before and had to answer phone calls, and did not experience the amount of anxiety that I am experiencing now. I believe it’s because now I have to follow a script and make sure I provide certain information and hit certain benchmarks etc. I’ve noticed that I have a lot more anxiety and stumble on my words and give wrong information and I just want to know how I can handle that and deal with it? 

This is a new job. I’ve only been here for about two weeks and maybe I’m being too hard on myself but I really want to provide the best service and show my employers that they made a good choice, so what should I do?

Have any or do any of you guys work in an office and or working on call-center? I would love your guys advice. 

Thxxx",Anxiety,0.738255033557047,0.662878787878788,0.0,0.0,0.0195121951219512,0.0,0.0101623153017781,0.2613636363636363,0.6203656678517014,0.6041089466089467,0.5151972101972101,0.034090909090909,0.0397727272727272,0.0738636363636363,0.034090909090909,0.0,0.0,0.0,1
52432.0,"I need help with quitting job This week, I started a construction job I wasn't 100% sure about.
My coworkers and supervisors are nice people but the job isn't what I expected.

Some tasks were understated when I applied for the job and in the interview but the tasks actually require a significant amount of my daily effort. 

Also I'm underpaid relative to what I was paid in my previous job as well as no paid break. However, the job is 30 minutes from my house so cheaper public transportation. 

So because they're nice to me, patient, and welcoming I feel very uncomfortable telling them I'll quit even though the job contract says neither party has to give notice. 


Also, I've always been an agency worker and the idea of having to give 2-3 weeks notice provides endless anxiety. In an agency job I could just phone or text and say I won't return the next day. 

I have no experience telling my supervisor I'm leaving a job",Anxiety,0.7659395973154363,0.6325757575757576,0.0,0.0,0.0,0.0,0.01166699462154,0.2261904761904762,0.6757116254322958,0.5397435897435897,0.4805555555555555,0.0119047619047619,0.0595238095238095,0.0714285714285714,0.0178571428571428,0.0,0.0,0.0,1
52433.0,"A lot of anxiety over this so I need advice please. The following is a text I really wanna send this girl in my class. I like her a lot she is really pretty, I have no idea how she feels about me, but the past two girls I’ve been talking to I never was really upfront about how I felt in the slightest and they both have found their own relationships and it really made me angry with myself for not being honest. Granted I’m not actually saying I like her in the text or anything but I feel it would be implied lol. But any advice would help. We send each other homework and help each other in class but that’s it. She is really awesome.




I really don’t mean for this to be awkward lol but it probably is anyway. I was trying to tell you in class yesterday without everyone hearing and turning around, but I thought you looked really beautiful and I just chickened out and didn’t say it for some stupid reason. But it’s been eating at me because I’d rather feel like an idiot who made someone feel good about themselves than an idiot who didn’t ❤️. 

Really trying not to be weird I’m just trying to get better with this stuff and saying how I feel. But I recognize I probably made it weird.",Anxiety,0.9958053691275168,0.8787878787878788,0.0,0.1,0.0536585365853658,0.0,0.0104443774459381,0.223175965665236,0.5588270554103627,0.5331018518518519,0.6254629629629631,0.0,0.0729613733905579,0.0772532188841201,0.0708154506437768,0.0,0.0,0.0,1
52439.0,"Does anyone else who works heavily with spreadsheets sometimes misread things and feel like they're going crazy? I know this isn't strictly anxiety related but it loops back, trust me. My job deals heavily with job tracking on spreadsheets and recently I've had several instances where I spot something, go to point it out to someone, and it's gone.. or its just different than I thought. And then I look like a moron. And that triggers my anxiety because now I feel like everyone thinks I'm an idiot. I don't know what's going on. Its been happening to me for weeks. I'll be asked ""why did you date this for last week?"" and I look and I'm like I don't fucking know, but there's my name, and there's the date, and it's obviously wrong! Or someone asked ""Was this requested in 2022?"" And I swear I looked it up and found it! So I asked someone about it, and then it was gone. Like it never existed. Poof! Vanished. Did I somehow develop dyslexia at 38? Am I losing it? What's going on?? I feel like I look like such an idiot to my colleagues all of a sudden and I worry about my future.",Anxiety,0.903523489932886,0.7727272727272727,0.0,0.0,0.0,0.0,0.0110108849022374,0.2097560975609756,0.6239269655266385,0.3536305147058823,0.5083333333333334,0.0,0.0634146341463414,0.073170731707317,0.0365853658536585,0.0,0.0,0.0,1
52441.0,"What should I do? Gaming Anxiety I'm currently playing a video game, but long story short, my question is: Although it's unreasonable and extremely unlikely I'm worried that my account is going to be deleted and it's a 100+ hour game. So, I can either just cut my losses (Only 5 hours in) and start a new account, giving in to the anxious thoughts and discomfort. Or keep going feeling bad playing this account I'm currently playing, but could maybe get over at some point? But my basic question is, to get over anxiety do I have to push through it when it's really hard? Or let my self off sometimes?

&amp;#x200B;

I'm had gaming anxiety for about a year and a half, it's really affecting my enjoyment with them, I always feel that my gameplay experience is being tarnished in some way, example: Feeling that I'm wasting it feeling anxious, The game is going to bug out on me causing me to have to restart etc.

&amp;#x200B;

Thanks in advance!",Anxiety,0.7835570469798657,0.6439393939393939,0.0,0.0,0.0,0.0,0.0117583329305817,0.2222222222222222,0.6453330719722957,0.4216119528619528,0.4752525252525252,0.0350877192982456,0.1052631578947368,0.1111111111111111,0.0614035087719298,0.0,0.0,0.0,1
52442.0,"Fainted during a blood test last year, need some advice Hi All,

I never had an issue with needles, no fear whatsoever. I got bloodtests regulary. I had a bloodtest last year, and I'm very pale and the nurse had issues finding a vein. Anyway, she just stuck it in and said "" oops "" I felt a sharp pain up my left arm, she must have pierced a nerve. I felt light headed and sick and next thing I woke up a few minutes later lay down on the bed, I passed out 


It was the weirdest experience as it's never happened before. I need to have another blood test soon and I keep putting it off out of fear of this happening again. Are there any meds that can help?

&amp;#x200B;

I have diazepam and propranolol, not sure which one would help. My doctor gave me diazepam before I was last supposed to have one, but I cancelled. any advice would be greatly appreciated",Anxiety,0.709731543624161,0.625,0.0,0.0,0.0,0.0,0.0105048292342925,0.2048192771084337,0.6779969038163828,0.4600770975056689,0.2942086167800453,0.0,0.0843373493975903,0.0421686746987951,0.0090361445783132,0.0,0.0,0.0,1
52447.0,"Going to be a horrible day, how do I deal? Tomorrow i will have to do booking and phonecalls at work, i hate it, but I have to. It gives me so much anxiety, makes my brain all foggy and i cant think straight. I stumble in my words and i worry I sound just stressed and stupid. I also dont know the answers to anything yet. Does anyone have any tips on how i can best prepare for it? And how to stop my brain from stressing out and shutting down? It's probably just gonna be tomorrow, so all i need is to get through that day.",Anxiety,0.4337248322147651,0.4053030303030303,0.0,0.0,0.0,0.0,0.0095398428731762,0.2129629629629629,0.7049451686323194,0.4441358024691358,0.5098765432098765,0.0,0.0648148148148148,0.0648148148148148,0.0138888888888888,0.0,0.0,0.0,1
52470.0,"I had an anxiety attack and tried to write my feelings in the form of a poem. The Test
 
As the test looms closer, my heart starts to race, 
It gets difficult to breath, and I'm not ready to face. 
I try to focus on studying, but my thoughts are a haze, 
Time passes as I stare the page, and now I don't have enough days. 
 
I have set some expectations, and I can't see myself fail, 
In a state of denial, isn't there anything I can do to pervail. 
I push myself harder, but the pressure starts to assail. 
I wanna just give up, but a part of me doesn't let me abstain. 
 
The pen feels so heavy, and I can't sustain, 
My hands are trembling, my confidence is waning. 
I'm incompetent, or maybe this exam is worth nothing, 
It doesn't matter, right now it's the only thing for which I'm livin' 
Who knows what'll happen if I fail,It's not easy living as someone not winning. 
 
Yeah and then I failed in 2 subjects out of 5",Anxiety,0.7508389261744967,0.6704545454545455,0.0,0.0,0.0,0.0,0.0102570650323459,0.2528089887640449,0.65928064779361,0.418040293040293,0.5142857142857142,0.0,0.0280898876404494,0.0561797752808988,0.0084269662921348,0.0,0.0,0.0,1
52492.0,"Brintellix - Any GOOD experiences? I'm switching Escitalopram (*+ bupropion*) to Brintellix and I'd really love to hear some good experiences about this pill (if possible). **Nothing bad, please**. I'm already super anxious and nervous about this change.",Anxiety,0.2063758389261745,0.1401515151515151,0.0,0.0,0.0,0.0,0.015876468029578,0.1578947368421052,0.8106439282563952,0.5958333333333333,0.7666666666666667,0.0,0.0526315789473684,0.0789473684210526,0.0394736842105263,0.0,0.0,0.0,1
52505.0,"Anyone else? I’ve been seeing a therapist for a few weeks. One of my questions I asked recently is: why do I always feel like I want things over with? 

I am not talking about life-ending. But it seems like I just want things over with. Anything. When I was in school; work; hanging out with people; going to an event etc etc etc 

My therapist said we can address it as we go further into our sessions. But wanted to know if anyone else feels this way?",Anxiety,0.3699664429530201,0.3295454545454546,0.0,0.0,0.0048780487804878,0.0,0.010377535687453,0.1590909090909091,0.7780599288979176,0.4666666666666667,0.2833333333333333,0.0,0.0681818181818181,0.0454545454545454,0.0170454545454545,0.0,0.0,0.0,1
52507.0,Does anyone else suffer from dental anxiety? How have you cured it? I'm not talking about a fear of dentists. (Though I have that too) what I'm talking about is the fear of having something wrong with your teath. Worrying about every speck or black spot that I see. Checking my gums constantly to make sure that they are ok. I spend so much time in front of a mirror and a light checking to make sure there are no new signs of any dental issues. This is on top of brushing my teeth after everytime I eat (usually). It's getting so stressful for me. To the point where I dont really have the energy to do things that I want to do or hobbies. How the heck do I get this under control? Does anyone else suffer from this. I think part of my fear is that A) I've had bad experiences in the past with dentists/dental work. B) I've started taking care of my teeth now but I'm worried old problems will show up. C) I don't have the finances for something to go wrong with my teeth. I save as much as I can but I don't make all that much so yeah.,Anxiety,0.863255033557047,0.7765151515151515,0.0,0.0,0.0,0.0,0.0101199550669983,0.2427184466019417,0.5958127678038726,0.5240319865319866,0.481425364758698,0.0,0.0679611650485436,0.0679611650485436,0.0145631067961165,0.0,0.0,0.0,1
52510.0,"Employee Assistance Programs I have ADHD, anxiety, go through cycles of depression, a mild eating disorder, a family history of suicide attempts (I am not in any danger), and a high stakes job. Recently, I have been failing to meet expectations, having concentration and memory failures due to stress. I have been referred to the Employee Assistance Program for free counseling that will report to my employer. What exactly should I tell this person? I would love to hear and learn from the experiences of others before I say the wrong thing and get myself fired. It may already be too late.",Anxiety,0.4890939597315436,0.3825757575757575,0.0,0.0,0.0,0.0,0.0127545508561551,0.2450980392156862,0.7682111950925622,0.5399074074074074,0.5349999999999999,0.0196078431372549,0.0588235294117647,0.088235294117647,0.0294117647058823,0.0,0.0,0.0,1
52511.0,"Rejection Sensitivity: The Real Reason You're Struggling in Relationships Listen &amp; learn people. 

This is a Youtube video from ""Healthy GamerGG"". I found it very relateable and helpful and I think anyone who has struggled with social anxiety/rejection/whatever can learn a thing or two.",Anxiety,0.235738255033557,0.1628787878787879,0.0,0.0,0.0,0.0,0.0154645629852241,0.2727272727272727,0.9065515490096496,0.6166666666666667,0.2916666666666667,0.0454545454545454,0.0681818181818181,0.0909090909090909,0.0,0.0,0.0,0.0,1
52514.0,"I don't know what to do I was doing well four months ago, then one single moment changed everything where my heart started racing, mouth went dry and I completely shut down. That moment lead me to leave my job. Since then I've been a mess, I'm constantly worried and anxious. I have an interview for a job on Thursday but as much as I want to get back into something, i can't stop panicking about it and I fear I'm going to back off.

I've tried different techniques to try help but nothing seems to work.",Anxiety,0.4161073825503356,0.3636363636363636,0.0,0.0,0.0,0.0,0.0106962312913578,0.1958762886597938,0.766860565570466,0.4809704184704185,0.3465007215007216,0.0412371134020618,0.0927835051546391,0.0721649484536082,0.0309278350515463,0.0,0.0,0.0,1
52530.0,"Trying Lithium Orotate for Anxiety I am giving Lithium **Orotate** a go for my anxiety. First time trying it. Will report back over the coming days if it helps!

What's others feedbacks?",Anxiety,0.148489932885906,0.1174242424242424,0.0,0.0,0.0,0.0,0.0127840909090909,0.15625,0.9036312849162011,0.5625,0.1666666666666666,0.0,0.125,0.0625,0.0,0.0,0.0,0.0,1
52539.0,"trying to cope is killing me too... ive been isolating myself and unintentionally staying sick (ulcers and other stomach problems) bc its the only way the self hatred and obsessive thoughts that eat up my mind subside and also i forget easily since feeling this weak. this situation has been overextending to the point where idk how bad it is, im very swollen and dont digest properly... i have palpitations every day and a very slow heart rate.

I just feel very alone and i know its not worth it to keep going like this... but i have no assistance and no one really, i know this burden shouldn't be carried by a friend but i wish i were able to give and at least have 1 relationship that works.

My family is very strange and manipulative, it wasnt until now that ive been realizing a bunch of shit about them. Still, i havent done anything for myself or protected my space. i dont know how to deal with this...",Anxiety,0.7575503355704698,0.6401515151515151,0.0,0.0,0.0,0.1290322580645161,0.0112421001458434,0.2352941176470588,0.6855734472559973,0.4535639880952381,0.4935714285714286,0.0117647058823529,0.0705882352941176,0.0941176470588235,0.0352941176470588,0.0,0.0,0.0,1
52569.0,"Why does my heart rate fall when I'm having an episode? Hey all, 

Hope you're all doing alright today :) 

I've suffered from overthinking and general anxiety for a while. Being in my final year of university has been overwhelming to the point where I started seeking professional help. My doctor prescribed some beta blockers to me and asked me to take them when necessary - I've not thought of taking them until today.

I think I hit my breaking point today. I have way too much to do and I haven't been able to manage things well. I felt some aches and tightness in my chest and throat, got cold hands and feet, and starting stress sweating (the smell was putrid). I could also feel my heart pounding in my chest. I decided to check my heart rate and I was surprised to find out that it was in the mid 50s. I didn't take my first dose of beta blockers and I'm waiting to speak to my doctor tomorrow. 


Has anyone faces this before? Shouldn't stress and anxiety cause my heart rate to shoot up instead of dive?",Anxiety,0.837248322147651,0.7159090909090909,0.0,0.0,0.0,0.0,0.0110192837465564,0.2105263157894736,0.6375183769479564,0.5615384615384615,0.5967948717948718,0.0,0.0947368421052631,0.1157894736842105,0.0,0.0,0.0,0.0,1
52580.0,"Fast heart rate out of nowhere? Hi guys I was sitting in Caffee Bar (drinkin juice) and my heart started beating too fast. 

Can this be because of anxiety?

Also sometimes when I wake up I feel that way too.",Anxiety,0.1652684563758389,0.1477272727272727,0.0,0.0,0.0,0.0,0.0105027548209366,0.2,0.8972067039106145,0.6,0.6,0.0,0.075,0.05,0.0,0.0,0.0,0.0,1
52584.0,"How has buspar working for you? I got prescribed buspar last week because I had crippling anxiety. Cant get a job, can’t call places, and can’t drive at night. I’m on 7.5 mg rn and take it twice a day. I noticed my legs aren’t consistently shaking and my hands aren’t as fidgety. And i don’t have as bad as overwhelming worries. I think I want to go up in my dosage tho. How has buspar been working for you?",Anxiety,0.3347315436241611,0.2992424242424242,0.0,0.0,0.0292682926829268,0.0,0.0103305785123966,0.2,0.71731843575419,0.50625,0.4958333333333333,0.0,0.0875,0.05,0.01875,0.0,0.0,0.0,1
52640.0,Night time left arm pain Any help here is great… here is my issue. I get bad night anxiety. My left armpit feels tense after falling asleep for maybe 3 hours average. I then may feel it stem to the left side of my neck and dullness tension in arm. I always feel it is a sign of a heart condition But I believe it to be my anxiety. I’ll then be up for 2-3 hours trying to feel it subside or me to become tired to fall back asleep. This really only happens at night. I feel five during the day. I sleep alone and I’m 26. I do lift weights few days a week. Anyone have any suggestions for me? I just want to live/sleep like a normal person. Really sucks. Been going on for a few months.,Anxiety,0.5662751677852349,0.5265151515151515,0.0,0.0,0.0146341463414634,0.0,0.0095926800472255,0.25,0.6769353551476457,0.4179487179487179,0.3397435897435897,0.0285714285714285,0.0357142857142857,0.0785714285714285,0.0321428571428571,0.0,0.0,0.0,1
52649.0,"Anxiety So I just need a bit of reassurance that I am not alone with this and a few tipps if you have. I'm currently holding my first job after uni and during this first year my finances have been a huge trigger for my anxiety.
At the moment I am scared to look at my online banking. Scared that I am not able to cover my basic finances. Of losing that little bit of financial independance and security I have for the first time. I just feel totally unequiped to deal with money.",Anxiety,0.3951342281879195,0.3522727272727273,0.0,0.0,0.0,0.0,0.0103525584666783,0.2659574468085106,0.6391299179840723,0.5232954545454546,0.4,0.0212765957446808,0.0744680851063829,0.1170212765957446,0.0319148936170212,0.0,0.0,0.0,1
52657.0,"Electric shock like feeling? I’m not even sure if this is the right group but as an anxiety sufferer I figured it’s worth a shot. During an extremely stressful life phase last fall, I began experiencing an electric shock like feeling in my chest - lasts for 2 seconds tops, and feels like you’re being electrocuted then it just goes away. It’ll sometimes come and go for 10 minutes sometimes a few days. It totally went away for me last November, and now it is back today. I’m just at such a loss as to what could cause this but wondering if it’s anxiety related or if anyones experienced this what did it end up being?",Anxiety,0.5125838926174496,0.4356060606060606,0.0,0.0,0.0292682926829268,0.0,0.0111736487128336,0.2413793103448276,0.7341552687343479,0.565029761904762,0.4423280423280424,0.0,0.0775862068965517,0.0517241379310344,0.0258620689655172,0.0,0.0,0.0,1
52669.0,Anxiety at night Anyone’s anxiety worst at bedtime ???,Anxiety,0.0385906040268456,0.0303030303030303,0.0,0.0,0.0048780487804878,0.032258064516129,0.0138123660850933,0.2222222222222222,0.771570453134699,0.0,1.0,0.0,0.0,0.2222222222222222,0.0,0.0,0.0,0.0,1
52675.0,"Trash can, rabies saliva, and many cuts on hand 

Hi guys, so today, I forgot to wear gloves when taking out the trash, and when I took out the trash, I saw squirrel feces, we have a lot of squirrels here. So when I threw the trash away, I accidentally closed it on my hands with cuts. Now my finger with cuts is itching very much.

Could it have been rabies saliva on trash cans, and now it got into my hand from the trash can. This is our homes trash can which is outside our house. Am I overreacting and overthinking something I should not? Thank you",Anxiety,0.4546979865771812,0.4053030303030303,0.0,0.0,0.0,0.0,0.0103369554127129,0.2222222222222222,0.6573556797020483,0.5825,0.2275,0.0,0.0555555555555555,0.0555555555555555,0.0138888888888888,0.0,0.0,0.0,1
52680.0,"“hearing” random noises on my mind when falling asleep, i take clonazepam, it is anxiety? im hypocondriac and i dont want it to be schizo like when im falling asleep i “trought” noises like when u get stuck a music in your head, but in my case are random noises, why is that happening?",Anxiety,0.2323825503355704,0.2007575757575757,0.0,0.0,0.0195121951219512,0.0,0.0110065299459238,0.2407407407407407,0.7525346575625905,0.25,0.5,0.0,0.037037037037037,0.0555555555555555,0.0,0.0,0.0,0.0,1
52708.0,"DAE have an element of narcissism with their anxiety/OCD, IE ""My anxiety is the worst, and no one else's anxiety is like mine or can relate to me""? I have been a sufferer of GAD and pure O OCD for years (possibly my whole life). One interesting aspect of my own anxiety is that I have developed a sort ""pride"" in my anxiety, in the fact that I think it's so bad that no one else could possibly even relate , or even be close to mine. 

I have identified and hypothesized that this is really a form or manifestation of narcissism, and possibly a coping mechanism. 

Throughout my journey of anxiety, my brain has tried to deal with the helplessness of anxiety by trying to twist my crippling anxiety into a form of grandiosity (delusional), which I am hypothesizing is the narcissism aspect.",Anxiety,0.6526845637583892,0.5416666666666666,0.0,0.0,0.0,0.0,0.0115884220997857,0.3125,0.6073867163252639,0.5057142857142857,0.6566666666666666,0.0277777777777777,0.0625,0.1388888888888889,0.0416666666666666,0.0,0.0,0.0,1
52712.0,"Sweating Whenever I visit in a group of 3 or more in the same room after about 45 minutes I start to sweat a lot and smell and feel really hot. It doesn’t matter if I’m with strangers, friends or family. 
Does anyone else feel like this? Or have any suggestions?",Anxiety,0.212248322147651,0.1893939393939394,0.0,0.0,0.0097560975609756,0.0,0.0104588667422892,0.2745098039215686,0.8589111622302553,0.625,0.4916666666666667,0.0,0.0196078431372549,0.0392156862745098,0.0294117647058823,0.0,0.0,0.0,1
52714.0,"How to stop overthinking? For some time now I’ve been overthinking a lot, it’s mostly when I’m in bed about to go to sleep. It’s like my mind is going 1000 mph and I can’t stop it. It sucks and I lose hours of sleep cos of it. If anyone knows some tips or tricks that can help me please let me know.",Anxiety,0.2441275167785235,0.2348484848484848,0.0,0.0,0.024390243902439,0.0,0.0091663387117932,0.2222222222222222,0.8368360379533564,0.55,0.4,0.0,0.0476190476190476,0.0317460317460317,0.0238095238095238,0.0,0.0,0.0,1
52739.0,"THIS LADY EXPLAINS ANXIETY TO THE T! Anyone who suffers from any type of anxiety should take the time to search this wonderful lady who was ahead of her time regarding anxiety. 

Her name was Claire Weekes. You can search on YouTube and there are videos of her talking about how anxiety affects people AND how to cope/face it/understand it/treat it.... whatever you want to call it. 

A must see if you are in need of relief from anxious thoughts and or physical anxious sensations that are keeping you from living your best life. 

Hope this helps someone.",Anxiety,0.4555369127516778,0.3674242424242424,0.0,0.0,0.0,0.032258064516129,0.0121647832686793,0.2959183673469387,0.6958157564701858,0.575,0.6904761904761906,0.0,0.0510204081632653,0.0714285714285714,0.0,0.0,0.0,0.0,1
52742.0,"I managed to overpower my anxiety and send an email to a complete stranger. I know it doesn't sound like a lot, but it's progress for me I'm (trying) to write a book and I found a good potential epigraph quote from an article on a topic related to my (potential) book. I emailed the author and asked for permission to use it.",Anxiety,0.2659395973154362,0.2348484848484848,0.0,0.0,0.0,0.0,0.0105874764965674,0.3333333333333333,0.7389376607253703,0.6,0.6333333333333334,0.0317460317460317,0.0634920634920634,0.0634920634920634,0.0,0.0,0.0,0.0,1
52780.0,"I talked my friend into doing hot yoga tonight and my anxiety is through the roof I want to cancel even though I logically know it’ll be good for me.

Edit: it went well. I feel better mentally. My friend and I also planned to walk twice this week.",Anxiety,0.200503355704698,0.1818181818181818,0.0,0.0,0.0048780487804878,0.0,0.0101970540282228,0.2040816326530612,0.8111959867745981,0.6599999999999999,0.4800000000000001,0.0,0.0612244897959183,0.1020408163265306,0.0306122448979591,0.0,0.0,0.0,1
52783.0,"Dad's very sick My dad had a Heart Attack 3 days back, and now has a neuro complication. A surgery has been done, but he is very week. He wishes to talk, but he has ventilator tubes and nasal tube for food.

Everything happened very suddently. He doesn't even know what is happening. I can't look at him like this. My heart is crying for him. I feel very anxious on what's going to happen, how will he recover. My overthinking is not helping me.

But at the same time I know I should not be emotional, as that would affect my health and might not be able to help him better.

Please could you advise how can I keep my emotions aside? I love my father a lot, can't see him like this, alone in the ICU, comfused on what is happening around him he must be so scared, just typing this makes me cry. Please help, I wish to stay strong and help him.",Anxiety,0.697986577181208,0.625,0.0,0.0,0.0,0.0,0.0102144113644661,0.1927710843373494,0.6532274348791816,0.5366567460317461,0.5361111111111111,0.0,0.0542168674698795,0.0783132530120482,0.0,0.0,0.0,0.0,1
52785.0,"I'm having anxiety during the daytime It seems to get worse. I live in a rural town overseas from my home country of Australia. Just some background info. 

I have thoughts because there are little places to go, that I'm wasting my time and I'm usually in my room all day, thinking, watching tv or sleeping. 

I have thoughts that I'm not being productive and that there arent many things I could do to be productive. This is what concerns me most. 
I'm doing a degree and that's the only productive thing I'm doing. I feel trapped in a boring lifestyle and i'm also living with my parents.. I've contemplated moving back to Australia, but then I would have to go on a job hunt .. it's still an option.",Anxiety,0.5780201342281879,0.4886363636363636,0.0,0.0,0.0,0.0,0.0112576817122271,0.2461538461538461,0.7311559948431458,0.4590392561983471,0.4409090909090908,0.0,0.0923076923076923,0.0769230769230769,0.023076923076923,0.0,0.0,0.0,1
52796.0,"My anxiety is so bad I already have terrible anxiety. Iv struggled with addiction and whatnot in the past and now I have to have surgery in a few days. Someone ran into me at work. Could of been alot worse.. but I got away from a forklift with a busted up lower leg bone and alot of pain and brushes. Now that the shock wore off and im thinking about it idk if I can do it. I wanna hide and disapear. I got like 36 hours and it's agonizing. I don't wanna deal with this shit. I already been in pain for 2 weeks and now it's gonna be so much worse. I know alot of people have way more serious issues, and I ought not complain.. but dang. My chest has been tight for way too long. Idk. Guess I'm just venting. Why did I stop waiting tables and decide to work around unsafe people and heavy machines",Anxiety,0.6610738255033557,0.6060606060606061,0.0,0.0,0.0,0.0,0.0098151190048423,0.2236024844720497,0.6807661612130885,0.3578373015873016,0.5307539682539683,0.0124223602484472,0.0248447204968944,0.0745341614906832,0.0,0.0,0.0,0.0,1
52814.0,"Lexapro 5mg + upcoming wedding I just started on lexapro 5mg 3 days ago. I have severe GAD and OCD, and it’s causing me extreme distress. I also have my wedding on April 30th. I’m afraid it will make me a zombie, as well as cause sexual performance issues, and I don’t want to be emotionless on my wedding day, or unable to have sex on my honeymoon.. so I’m stuck between a rock and a hard place.

From your experience, have any of you noticed a significant difference in emotion and or sexual performance while on 5mg?",Anxiety,0.4278523489932886,0.3674242424242424,0.0,0.0,0.0195121951219512,0.0,0.011005228537696,0.2551020408163265,0.6853266446243301,0.4898809523809523,0.7833333333333333,0.0204081632653061,0.0714285714285714,0.0612244897959183,0.0,0.0,0.0,0.0,1
52828.0,"Need Reassurance and potentially advice So in the space of 3 months i’ve gone from one of the most confident people you’d ever
Meet into a shell of myself due to health anxiety -

I was having quite bad headaches so the doctor after saying Tension headaches, advised it may be sinusitis

I have stopped and started antibiotics (had two/3 days) then stopped 3 times over the last few months due to then worrying about various things however I have Sinus pains and reoccurring Sinus/Ear symptoms that keep coming back - i’m feeling Tired all the time and just am feeling worse and worse

My worry has always been what if its not a bacterial infection vs if it is

I guess I just want to see if its worth letting my body try to fight this off despite how ill I’m feeling or if I should do a full dose of the Doxycycline I have been given - I just worry about the damage I may already have done to my body and if my body even needs the antibiotics 

Its so hard when you keep feeling more ill everyday but you don’t know the right path to go down",Anxiety,0.8624161073825504,0.7575757575757576,0.0,0.0,0.024390243902439,0.0,0.0105344489672847,0.1890547263681592,0.6420133967036327,0.4645111832611832,0.5196789321789322,0.0199004975124378,0.0796019900497512,0.0845771144278607,0.0074626865671641,0.0,0.0,0.0,1
52840.0,"Getting through the day How do you get anything done with anxiety. I can keep up the house with 3 kids and 3 adults. However, it is quite overwhelming. How does everyone discipline themselves to follow a list or take time for self care? I'm in a constant state of this should be easier and I should be doing better. My thoughts are so negative and mean to myself. Thanks for any and all suggestions.",Anxiety,0.3280201342281879,0.2803030303030303,0.0,0.0,0.0,0.0,0.0111340679522497,0.3066666666666666,0.8218249534450651,0.5489583333333333,0.5201388888888889,0.0,0.04,0.04,0.0,0.0,0.0,0.0,1
